dependents,education,self_employed,income_annum,loan_amount,loan_term,cibil_score,residential_assets_value,commercial_assets_value,luxury_assets_value,bank_asset_value,loan_status,total_assets,prediction
2,0,0,1.6179790412084873,1.6330517066580923,0.19261651149360004,1.0327924065085647,-0.7800575410674583,2.8772890006103715,0.8320283660023868,0.9303044116608288,0,3.859564237206129,0
0,1,1,-0.3417495581237115,-0.32441405900702774,-0.5080906785926198,-1.0610511817096373,-0.7339240987749118,-0.631921073809475,-0.6949932135749445,-0.5159363822714043,1,-2.576774768430736,1
3,0,0,1.4398218958146511,1.6109334494189382,1.5940308916660397,-0.5448404355838201,-0.05730027848423019,-0.10781827048703045,1.9965196425145963,2.4073162863150244,1,4.23871737985836,1
3,0,0,1.119139034105746,1.7215247356147079,-0.5080906785926198,-0.7710451445603018,1.6496370863399892,-0.38126321135091457,0.8979429665596818,0.8995333309388663,1,3.0658501724876226,1
5,1,1,1.6892418993660219,1.0026813753422061,1.5940308916660397,-1.2640554077141721,0.7577238686840908,0.7353036305099456,1.5680747388921796,0.007171990001956621,1,3.0682742280881725,1
0,0,1,-0.09232955457234074,-0.1806453869525274,-0.15773708354950988,-1.6294630145223348,-0.10343372077677666,0.7580907089152693,-0.15669064235703636,0.037943070723919024,1,0.5359094165053753,1
5,0,0,1.297296179499582,1.9758846938649777,-1.2087978686788396,0.45278033220989383,2.3108830925331554,2.2392508052613085,1.5461032053730814,-0.20822557505178022,0,5.888011528115765,0
2,0,1,0.22835330713656452,-0.014758457658873165,1.5940308916660397,-1.2640554077141721,0.8807463814642147,0.1656266703768537,-0.36542021078847015,0.3148827972215807,1,0.9958356382741789,1
0,0,1,-1.5175867177230307,-1.4303269209647227,1.5940308916660397,1.0559928894805115,-0.9492134961401286,-0.9509401714840066,-1.3541392191478934,-1.3467555617643892,0,-4.601048448536417,0
5,1,0,-1.410692430486729,-1.1980852199536067,-0.15773708354950988,-1.2292546832562519,-0.6570350282873343,-0.8142177010520645,-1.2992103853501475,-1.0390447545447652,1,-3.809507869234311,1
4,0,1,-0.7693267070689185,-0.4350053452027972,-1.5591514637219497,-0.307035485121365,0.09647786249092472,-0.0622441136763831,-0.6180928462581005,-0.5774785437153291,0,-1.1613376411588878,0
2,1,1,0.5846675979242371,0.8367944460485519,1.24367729662293,-0.3592365718082454,1.20368047751204,0.18841374878217737,0.5793557305327565,0.4379671201094303,1,2.4094170769364043,1
3,1,1,-0.02106669641480624,-0.3907688307244894,0.8933237015798199,-1.6758639804662283,-0.16494497716683862,1.0543227281844771,-0.05781874152109404,-0.20822557505178022,1,0.6233334344447643,1
2,0,1,1.4398218958146511,1.8099977645713234,0.54297010653671,0.4585804529528806,0.5116788431238429,2.6494182165571347,0.6342845643305022,0.007171990001956621,0,3.802553614013436,0
1,1,0,-1.125640997856591,-0.8552522327467212,-0.8584442736357297,-0.7594449030743283,-0.8569466115550357,-0.8597918578627118,-1.0135804496018699,-0.946731512378878,1,-3.677050431398495,1
5,1,0,-0.127960983651108,-0.490300988300682,-0.15773708354950988,1.125594338396352,-0.27258967584944704,-0.24454074091897252,0.1399250601507906,-0.1774544943298178,0,-0.5546598509474467,0
2,0,1,-1.6244810049593326,-1.4966816926821844,-1.2087978686788396,0.36577852106509323,-0.9492134961401286,-1.1104497203212722,-1.5189257205411306,-1.3159844810424268,0,-4.894573418044958,0
4,1,1,-0.7693267070689185,-0.6340696603551823,0.54297010653671,1.0443926479945382,-0.7031684705798807,-0.49519860337753296,-0.9256943155254767,-0.20822557505178022,0,-2.3322869645346707,0
2,0,0,-0.840589565226453,-0.5345375027789898,-0.15773708354950988,0.789187335303123,-0.9953469384326751,-1.1332367987265959,-0.9806231493232224,-0.5159363822714043,0,-3.6251432687538974,0
5,0,0,0.442141881609168,-0.05899497213718096,0.19261651149360004,0.3019771928922394,0.4347897726362655,-0.3356890545402672,0.91991450007878,0.28411171649961825,0,1.3031269346743966,0
2,0,0,-0.02106669641480624,0.4718432016025126,0.19261651149360004,-1.6526634974942815,0.31176725985614157,-0.7686435442414171,0.31569732830357694,0.3456538779435431,1,0.20447492186184446,1
4,0,0,0.26398473621533175,-0.12534974385464265,0.8933237015798199,-0.4056375377521391,-0.5647681437022414,1.4417030610749797,0.7770995322046411,0.13025631288980624,1,1.7842907624671858,1
4,0,1,0.5134047397667025,1.1685683046358604,1.24367729662293,-1.6758639804662283,0.8653685673666992,-0.7458564658360934,0.48048382969681414,1.0841598152706409,1,1.6841557464980608,1
0,1,1,-1.6244810049593326,-1.5187999499213383,-1.5591514637219497,-0.2838350021494182,-1.0107247525301906,-0.9965143282946539,-1.5408972540602288,-1.4390688039302764,0,-4.98720513881535,0
0,1,0,-0.05669812549357349,-0.5898331458768745,0.8933237015798199,-1.6004624108074013,-0.5647681437022414,0.849239022536564,-0.5631640124603547,-0.5159363822714043,1,-0.7946295158974364,1
5,1,0,-0.698063848911384,-0.6230105317356054,1.5940308916660397,-0.4984394696399264,0.06572223429589373,-0.4268373681615619,-0.9366800822850258,-0.7313339473251411,1,-2.0291291634758353,1
4,0,0,1.119139034105746,1.433987391505707,0.19261651149360004,0.5571825055836546,0.6193235418064514,1.282193512237714,1.1176583017506647,0.6841357658851296,0,3.7033111216799592,0
4,1,1,-0.9474838524627548,-1.0543165478991063,-1.2087978686788396,0.3599784003221065,-0.4571234450196329,-0.17617950570300148,-1.0685092833996155,-0.7621050280471036,0,-2.4639172621693533,0
5,1,1,0.6915618851605387,0.9805631181030523,-0.8584442736357297,-1.5308609618915607,-0.7954353551649738,1.5784255315069218,1.3593451704607458,1.4534127839341897,1,3.5957481307368835,1
3,1,1,1.4041904667358838,1.8099977645713234,-0.15773708354950988,1.450401100003608,2.2032383938505467,1.6923609235335402,2.0404627095527927,0.9303044116608288,0,6.866366438597708,0
2,1,0,1.6892418993660219,1.1243317901575527,0.19261651149360004,-1.664263738980255,1.9571933682902989,0.05169127835023529,1.139629835269763,1.3303284610463402,1,4.478842942956637,1
2,0,0,0.22835330713656452,-0.34653231624618164,-0.8584442736357297,-1.3742577018309194,-0.5955237718972723,0.5530070032673562,0.7221706984068954,-0.20822557505178022,1,0.47142835472519906,1
1,1,1,-1.5175867177230307,-1.4966816926821844,-0.15773708354950988,-0.9508488875928898,-1.0414803807252215,-1.0876626419159485,-1.4200538197051882,-1.2236712388765396,1,-4.772868081222898,1
5,1,1,1.1904018922632802,0.7593805457115133,-1.5591514637219497,1.3343986851438736,-0.5647681437022414,-0.24454074091897252,0.5244268967350108,0.13025631288980624,0,-0.15462567499639687,0
3,0,0,-0.05669812549357349,-0.3575914448657586,-0.5080906785926198,0.06997236317277106,0.34252288805117254,-0.8597918578627118,0.4255549958990684,0.25334063577765586,0,0.16162666186518493,0
2,0,1,-1.1969038560141254,-1.2976173775297992,-0.5080906785926198,0.528181901868721,-0.7339240987749118,-0.49519860337753296,-1.0025946828423207,-1.254442319598502,0,-3.4861597045932675,0
3,1,0,-1.2325352850928928,-0.9879617761816447,1.24367729662293,0.20917526100445208,-0.6262794000923033,-0.9737272498893302,-1.0794950501591647,-1.10058691598869,0,-3.780088616129488,0
5,0,1,1.0478761759482114,1.3344552339295146,-0.8584442736357297,-1.4612595129757202,-0.16494497716683862,-1.0648755635106248,0.17288236042943803,0.6533646851631671,1,-0.4035734950848582,1
5,0,0,-0.5199067035175478,-0.8220748468879905,0.8933237015798199,1.3343986851438736,-0.07267809258174568,-0.8370047794573882,-0.5631640124603547,-0.6390207051592539,0,-2.1118675896587424,0
3,1,1,-1.26816671417166,-1.1096121909969912,-0.8584442736357297,-1.4380590300037732,-1.1337472653103144,-1.0876626419159485,-1.0465377498805173,-1.254442319598502,1,-4.522389976705282,1
1,0,0,0.9766133177906767,0.32807452954801225,-1.5591514637219497,0.649984437471442,0.17336693297850217,1.418915982669656,0.7221706984068954,1.2380152188804527,0,3.552468832935506,0
2,1,0,1.4398218958146511,1.0800952756792448,0.8933237015798199,1.2879977191999799,2.280127464338124,1.6239996883175691,1.7438470070449659,0.06871415144588143,0,5.716688311146541,0
3,0,0,-1.3037981432504273,-1.2976173775297992,-0.8584442736357297,-0.347636330322272,-1.118369451212799,-0.7914306226467408,-1.2332957847928527,-1.2852134003204645,1,-4.428309258972857,1
2,0,1,-1.5175867177230307,-1.4192677923451458,0.19261651149360004,-1.4960602374336405,-0.8108131692624893,-0.8370047794573882,-1.4639968867433848,-1.2852134003204645,1,-4.3970282357837265,1
5,0,0,0.5134047397667025,-0.19170451557210436,1.24367729662293,1.0849934931954452,1.6496370863399892,-1.0648755635106248,0.1179535266316923,0.13025631288980624,0,0.8329713623508629,0
4,0,0,1.0478761759482114,1.4008100056469763,0.8933237015798199,-1.5598615656064942,0.8499907532691837,0.30234914080879577,0.6892133981282479,1.8226657525977386,1,3.664219044803966,1
3,1,1,-0.30611812904494423,-0.05899497213718096,-0.8584442736357297,0.4585804529528806,-0.7800575410674583,0.4390716112407378,-0.7059789803344937,-0.023599090720005784,0,-1.07056400088122,0
1,0,1,-0.05669812549357349,0.4386658157437818,0.54297010653671,0.44698021146690714,-0.31872311814199356,0.9403873361578587,0.2827400280249295,0.4687382008313927,0,1.3731424468721873,0
3,1,0,0.15709044897903002,0.593493616417859,0.19261651149360004,0.19757501951847864,-1.0261025666277062,0.8264519441312403,0.37062616210132265,0.9918465731047537,0,1.1628221127096106,0
1,1,1,1.58234761212972,0.4386658157437818,0.8933237015798199,0.3599784003221065,-1.1337472653103144,1.2594064338323903,2.479893379934759,2.0688343983734376,0,4.674386946830273,0
4,0,0,0.7984561723968405,1.1353909187771296,0.8933237015798199,-0.568040918555767,-1.0722360089202525,-0.7230693874307698,0.5903414972923056,1.699581429709889,1,0.4946175306511724,1
2,0,0,1.297296179499582,1.057977018440091,-0.15773708354950988,-0.9566490083358764,-0.10343372077677666,-0.3356890545402672,0.7331564651664445,1.945750075485588,1,2.239783765334989,1
5,1,0,-0.4486438453600132,-0.8331339755075674,-1.2087978686788396,0.5165816603827477,0.18874474707601765,-1.1104497203212722,-0.6400643797771988,-0.4851653015494419,0,-2.046934654571895,0
1,1,1,1.1904018922632802,0.8699718319072828,0.19261651149360004,0.33097779660717297,1.2190582916095556,2.2392508052613085,1.8427189078809083,0.9918465731047537,0,6.2928745778565265,0
2,0,1,0.01456473266396101,0.5050205874612435,1.5940308916660397,-0.057630293172936546,-0.011166836191683719,0.9859614929685061,0.469498062937265,-0.4851653015494419,0,0.9591274181646454,0
5,1,0,0.5846675979242371,1.035858761200937,0.19261651149360004,1.264797236228033,-0.9645913102376441,0.14283959197153,0.12893929339124144,0.3764249586655055,0,-0.3163874662093671,0
2,1,0,-0.27048669996617697,-0.501360116920259,1.24367729662293,-0.9798494913078233,-0.8261909833600047,-0.7914306226467408,-0.6400643797771988,0.06871415144588143,1,-2.1889718343380626,1
5,0,1,1.5110847539721854,1.699406478375554,1.24367729662293,1.3982000133167274,1.8187930414126594,1.213832277021743,2.1393346103887354,1.1457019767145655,0,6.317661905537703,0
1,0,0,0.8340876014756078,0.3612519154067431,1.5940308916660397,-1.0378506987376903,1.6957705286325355,0.9403873361578587,0.2607684945058312,-0.269767736495705,1,2.62715862280052,1
4,1,1,0.15709044897903002,0.3391336581675892,0.8933237015798199,1.1429947006253123,-1.1645028935053454,-0.016669956865735743,0.3816119288608718,-0.05437017144196819,0,-0.8539310929521776,0
2,1,0,1.2260333213420476,0.4165475585046278,1.24367729662293,-0.7072438163874479,2.510794675800857,2.5810569813411637,1.1835729023079595,1.9765211562075506,1,8.25194571565753,1
3,1,1,1.6179790412084873,1.699406478375554,1.24367729662293,0.4005792455230135,-0.42636781682460195,-0.7002823090254461,1.2494875028652543,1.3303284610463402,0,1.4531658380615464,0
5,1,1,1.3329276085783492,1.5224604204623227,-0.8584442736357297,-1.3626574603449462,2.6030615603859495,0.8264519441312403,1.3483594037011968,-0.08514125216393059,1,4.692731656054455,1
3,1,1,-0.6268009907538495,-0.8441931041271443,1.5940308916660397,-0.08083077614488339,-0.9030800538475822,0.14283959197153,-0.508235178662609,-0.6390207051592539,0,-1.9074963456979153,0
4,0,1,-0.413012416281246,-0.31335493038745077,1.24367729662293,1.067593130966485,0.019588792003347264,0.4390716112407378,-0.22260524291433123,-0.6697917858812164,0,-0.43373662555146253,0
1,0,0,-0.3417495581237115,-0.5345375027789898,0.19261651149360004,-1.3684575810879327,0.31176725985614157,0.2567749839981484,-0.024861441242446602,-0.6697917858812164,1,-0.12611098326937298,1
3,1,0,1.154770463184513,1.5445786777014767,-0.15773708354950988,0.6673847997004021,-0.2110784194593851,1.5784255315069218,0.9858291006360749,2.1303765598173627,0,4.483552772500975,0
0,1,1,-0.840589565226453,-0.5566557600181437,1.5940308916660397,0.5397821433546945,-1.118369451212799,-0.7458564658360934,-1.0135804496018699,-1.10058691598869,1,-3.978393282639453,1
4,0,0,0.19272187805779725,-0.30229580176787385,-1.2087978686788396,1.026992285765578,-0.303345304044478,-0.4268373681615619,-0.36542021078847015,0.16102739361176865,0,-0.9345754893827415,0
0,0,0,-1.125640997856591,-1.120671319616568,0.19261651149360004,-1.6700638597232418,-0.5340125155072104,-0.49519860337753296,-1.1234381171973613,-0.7928761087690659,1,-2.9455253448511707,1
4,1,1,-1.6244810049593326,-1.5077408213017613,1.5940308916660397,-1.5076604789196137,-1.1337472653103144,-1.0876626419159485,-1.4530111199838356,-1.3467555617643892,1,-5.0211765889744875,1
5,0,1,0.0858275908214955,0.383370172645897,-1.2087978686788396,-1.2408549247422251,-0.7339240987749118,1.0771098065898008,-0.354434444028921,-0.23899665577374263,0,-0.2502453919877746,0
5,1,0,0.6915618851605387,0.35019278678716614,-1.2087978686788396,-1.0552510609666506,1.6803927145350201,1.5328513746962744,0.7001991648877971,0.8072200887729791,1,4.720663342892071,1
3,1,1,0.26398473621533175,0.17324672887393497,0.8933237015798199,0.7833872145601363,-0.5493903296047259,1.0087485713738298,-0.27753407671207697,0.19179847433373107,0,0.373622639390758,0
2,1,0,-0.8762209943052203,-0.7446609465509518,-0.8584442736357297,-0.6144418844996606,-0.14956716306932313,-0.2673278193242962,-1.0465377498805173,-0.9159604316569155,1,-2.379393163931052,1
2,1,0,-1.125640997856591,-0.9547843903229138,1.24367729662293,0.4121794870089869,-1.0568581948227371,-0.563559838593504,-1.1344238839569103,-1.1929001581545773,0,-3.947742075527729,0
4,0,0,0.22835330713656452,-0.03687671489802706,0.8933237015798199,0.5629826263266413,1.0499023365368851,0.6441553168886509,-0.24457677643342954,0.4071960393874679,0,1.8566769163795744,0
0,0,0,1.4041904667358838,2.0311803369628625,-0.5080906785926198,1.166195183597259,0.6347013559039669,0.8948131793472114,2.2272207444651286,1.8842079140416634,0,5.640943193757971,0
2,1,0,1.2260333213420476,1.5777560635602075,0.19261651149360004,-0.1388319835747505,1.5573702017548963,0.14283959197153,1.1066725349911155,1.2380152188804527,0,4.044897547597994,0
0,1,0,-1.553218146801798,-1.5187999499213383,0.54297010653671,0.2265756232334122,-0.8569466115550357,-0.9737272498893302,-1.39808228618609,-1.254442319598502,0,-4.4831984672289575,0
4,0,0,-0.555538132596315,-0.689365303453067,-1.2087978686788396,-0.7536447823313417,-0.9492134961401286,-0.631921073809475,-0.31049137699072443,-0.9159604316569155,1,-2.8075863785972435,1
0,1,0,1.3329276085783492,1.7768203787125927,-1.2087978686788396,1.3111982021719268,-0.7031684705798807,-1.0193014066999775,1.9965196425145963,1.1149308959926032,0,1.3889806612273412,0
2,1,1,1.724873328444789,0.6709075167548977,0.8933237015798199,-1.3742577018309194,2.7722175154586197,1.4644901394803034,1.2604732696248035,0.5610514429972799,1,6.058232367561007,1
3,0,0,-0.5199067035175478,-0.7225426893117979,1.5940308916660397,0.07577248391575776,0.2963894457586261,-1.0648755635106248,-0.5302067121817073,-0.5159363822714043,0,-1.8146292122051104,0
3,1,1,-0.7336952779901512,-0.7667792037901057,0.8933237015798199,0.6557845582144287,-0.33410093223950904,0.18841374878217737,-0.4533063448648633,-0.4851653015494419,0,-1.084158829871637,0
2,0,0,0.6202990270030043,0.6709075167548977,0.8933237015798199,-0.9334485253639296,1.4804811312673187,-0.0622441136763831,0.8979429665596818,-0.42362314010551705,1,1.8925568440451004,1
5,1,1,-1.410692430486729,-1.2533808630514915,1.24367729662293,-1.2350548039992384,-0.9492134961401286,-0.8597918578627118,-1.244281551552402,-1.0390447545447652,1,-4.092331660100007,1
1,1,1,1.297296179499582,1.4561056487448611,-0.5080906785926198,-1.1480529928544378,1.9879489964853299,1.9658058643974243,1.4032882374989424,1.6072681875440018,1,6.964311285925699,1
4,0,1,-1.0900095687778237,-0.7888974610292596,-0.8584442736357297,1.3749995303447806,-0.36485656043454,-0.5407727601881803,-1.2332957847928527,-0.6390207051592539,0,-2.777945810574827,0
2,1,0,1.6892418993660219,2.4846046103655173,-0.15773708354950988,0.23817586471938562,2.556928118093403,-1.1332367987265959,0.9089287333192309,0.8072200887729791,0,3.1398401414590174,0
4,0,0,0.22835330713656452,0.6598483881353208,1.24367729662293,-0.6434424882145942,-1.0722360089202525,-0.1533924272976778,-0.2885198434716261,0.3148827972215807,1,-1.1992654824679758,1
4,0,0,1.3329276085783492,0.615611873657013,1.24367729662293,-0.347636330322272,1.803415227315144,-0.40405028975623825,0.7990710657237394,2.376545205593062,1,4.574981208875707,1
4,0,0,-0.4486438453600132,-0.689365303453067,-1.2087978686788396,1.4156003755456876,0.2502560034660796,-0.3356890545402672,-0.22260524291433123,-0.08514125216393059,0,-0.3931795461524494,0
1,0,0,-1.1969038560141254,-0.9658435189424908,-0.15773708354950988,-0.8580469557051024,-1.0107247525301906,-0.8825789362680355,-1.0465377498805173,-0.8851893509349531,1,-3.8250307896136966,1
2,0,0,-1.4463238595654964,-1.4524451782038765,-0.15773708354950988,-1.3568573396019594,-0.9645913102376441,-1.0420884851053012,-1.3101961521096968,-1.1313579967106524,1,-4.448233944163294,1
5,0,0,-1.695743863116867,-1.551977335780069,-1.5591514637219497,-1.739665308639082,-1.1337472653103144,-1.0193014066999775,-1.5848403210984254,-1.408297723208314,0,-5.146186716317032,1
2,0,1,0.5490361688454698,-0.014758457658873165,1.24367729662293,-0.7536447823313417,-0.9645913102376441,-0.03945703527105942,0.33766886182267525,0.6225936044412047,1,-0.04378587924482347,1
2,1,0,1.297296179499582,1.0911544042988217,1.5940308916660397,1.5142024281764617,1.111413592926947,0.8036648657259167,0.8869571998001325,0.7149068466070919,0,3.516942505060088,0
4,0,0,1.5467161830509528,1.5777560635602075,0.19261651149360004,-0.2200336739765644,2.8337287718486817,2.330399118882603,2.33707841206062,0.6533646851631671,0,8.154570987955072,0
0,0,0,-0.23485527088740973,-0.479241859681105,0.54297010653671,-0.7942456275322486,-0.7800575410674583,-0.03945703527105942,-0.1457048755974872,-0.08514125216393059,1,-1.0503607040999354,1
4,1,0,-1.6601124340380997,-1.574095593019223,0.19261651149360004,-0.7072438163874479,-1.0414803807252215,-1.1104497203212722,-1.5299114873006796,-1.5006109653742012,1,-5.182452553721375,1
2,1,1,-1.695743863116867,-1.551977335780069,-1.5591514637219497,0.5919832300415748,-1.1029916371152835,-1.0876626419159485,-1.6068118546175236,-1.469839884652239,0,-5.267306018300995,0
2,1,1,-0.27048669996617697,-0.2470001586699891,1.5940308916660397,0.1047730876306913,0.603945727708936,-0.3129019761349435,-0.4093632778266667,-0.7928761087690659,0,-0.9111956350217402,0
4,0,0,-1.2325352850928928,-1.175966962714453,0.19261651149360004,0.19177489877549195,-1.0414803807252215,-0.7458564658360934,-1.2113242512737543,-0.946731512378878,0,-3.945392610213947,0
5,1,1,0.40651045253040075,0.9363266036247444,-0.15773708354950988,-1.5598615656064942,1.6957705286325355,1.213832277021743,0.9528718003574275,1.1457019767145655,1,5.008176582726271,1
3,1,1,-0.30611812904494423,-0.6008922744964514,0.8933237015798199,1.3982000133167274,0.050344420198378245,-1.0648755635106248,0.17288236042943803,0.037943070723919024,0,-0.8037057121588895,0
4,1,1,1.4041904667358838,0.32807452954801225,0.19261651149360004,0.9515907161067508,-1.0568581948227371,2.626631138151811,0.6232987975709531,2.0380633176514755,0,4.231135058551502,0
0,0,0,-0.840589565226453,-0.501360116920259,-0.8584442736357297,-0.05183017242994984,-0.9492134961401286,-0.5179856817828566,-0.574149779219904,-0.9775025931008403,0,-3.0188515502437294,0
1,0,1,1.6536104702872545,2.296599423832709,-1.5591514637219497,0.690585282672349,1.864926483705206,0.5985811600780035,0.5793557305327565,1.8226657525977386,0,4.865529126913705,0
2,0,0,-0.6268009907538495,-0.921607004464183,0.54297010653671,-1.641063256008308,-0.6262794000923033,-1.0648755635106248,-0.3764059775480193,-0.42362314010551705,1,-2.4911840812564647,1
0,1,0,-1.695743863116867,-1.551977335780069,-0.5080906785926198,1.0327924065085647,-1.0261025666277062,-1.0876626419159485,-1.562868787579327,-1.5006109653742012,0,-5.177244961497183,0
3,0,1,0.8340876014756078,0.3391336581675892,0.54297010653671,-1.7280650671531088,-0.28796748994696253,-0.4268373681615619,0.3047115615440278,0.007171990001956621,1,-0.40292130656254005,1
5,1,0,0.727193314239306,0.5050205874612435,-0.5080906785926198,-0.568040918555767,-0.02654465028919921,0.14283959197153,1.1176583017506647,1.484183864656152,1,2.718137108089148,1
5,1,1,0.7984561723968405,0.7704396743310902,1.24367729662293,1.6186046015502225,1.8495486696076906,1.282193512237714,0.45851229617771583,1.484183864656152,0,5.074438342679272,0
1,1,0,1.1904018922632802,0.9142083463855906,0.54297010653671,-0.945048766849903,1.2190582916095556,0.18841374878217737,2.0075054092741453,0.9610754923827912,1,4.37605294204867,1
0,1,1,-0.6268009907538495,-0.479241859681105,0.19261651149360004,1.1429947006253123,-1.0568581948227371,0.2339879055928247,-0.8158366479299851,-0.5159363822714043,0,-2.154643319431302,0
4,1,1,0.26398473621533175,0.8920900891464366,1.24367729662293,-0.8348464727331556,1.3267029902921639,-0.17617950570300148,0.8210425992428376,0.7764490080510168,1,2.748015091883017,1
0,1,0,-1.5888495758805652,-1.4966816926821844,-0.8584442736357297,0.2729765891773059,-0.9184578679450977,-0.9965143282946539,-1.4969541870220322,-1.3159844810424268,0,-4.727910864304211,0
0,1,0,0.7628247433180733,0.07371457129774242,0.19261651149360004,-1.2814557699431322,0.8038573109766373,1.6467867667228928,0.7001991648877971,-0.42362314010551705,1,2.72722010248181,1
1,1,1,1.4398218958146511,1.9648255652454008,-1.5591514637219497,0.6789850411863755,-0.8108131692624893,-0.6774952306201224,0.9309002668383292,0.28411171649961825,0,-0.27329641654466424,0
5,0,0,-1.4819552886442635,-1.4192677923451458,0.8933237015798199,-0.31863572660733847,-1.1337472653103144,-1.0876626419159485,-1.3651249859074426,-1.2852134003204645,1,-4.87174829345417,1
2,0,0,-1.5175867177230307,-1.319735634768953,-0.5080906785926198,-1.641063256008308,-1.1029916371152835,-0.9053660146733592,-1.4420253532242866,-1.254442319598502,1,-4.704825324611431,1
1,1,0,1.2260333213420476,1.9648255652454008,-0.15773708354950988,-0.17363270803267072,-0.36485656043454,0.2795620624034721,0.5903414972923056,0.16102739361176865,0,0.6660743928730063,0
0,1,1,1.4041904667358838,0.39442930126547393,1.24367729662293,1.5374029111484084,2.972129098726321,-1.1332367987265959,0.6342845643305022,1.945750075485588,0,4.418926939815815,0
3,0,0,0.6915618851605387,0.48290233022208956,0.54297010653671,0.690585282672349,0.7269682404890598,1.213832277021743,0.33766886182267525,1.6072681875440018,0,3.88573756687748,0
3,0,0,-1.7313752921956342,-1.6072729788779538,0.8933237015798199,1.2821975984569933,-1.087613823017768,-1.1104497203212722,-1.6068118546175236,-1.5006109653742012,0,-5.305486363330765,0
4,1,1,-1.6601124340380997,-1.5851547216388,-0.15773708354950988,1.5026021866904882,-1.0107247525301906,-1.0193014066999775,-1.5738545543388762,-1.469839884652239,0,-5.073720598221283,0
3,1,0,0.01456473266396101,0.3391336581675892,-0.15773708354950988,-1.1886538380553449,-1.1337472653103144,0.6897294736992983,0.04105315931484828,0.4071960393874679,1,0.004231407091299988,1
2,1,1,-1.553218146801798,-1.3860904064864148,0.19261651149360004,-0.9914497327937967,-0.9030800538475822,-0.8370047794573882,-1.3651249859074426,-1.2852134003204645,1,-4.390423219532877,1
3,0,0,-1.6601124340380997,-1.540918207160492,0.19261651149360004,1.5142024281764617,-1.118369451212799,-0.9965143282946539,-1.5408972540602288,-1.469839884652239,0,-5.125620918219921,0
0,1,1,1.58234761212972,0.6266710022765899,0.54297010653671,-0.20263331174760427,1.172924849317009,1.5784255315069218,2.062434243071891,2.591942770646799,0,7.405727394542621,0
5,0,0,1.3329276085783492,0.825735317428975,-0.15773708354950988,-1.4090584262888397,0.06572223429589373,0.8264519441312403,0.33766886182267525,-0.023599090720005784,1,1.2062439495298034,1
3,1,1,-1.1612724269353583,-1.2754991202906454,1.24367729662293,-0.7826453860462752,-1.0568581948227371,-1.0193014066999775,-1.0685092833996155,-0.7313339473251411,1,-3.8760028322474716,1
4,1,1,0.6202990270030043,-0.1364088724742196,-0.5080906785926198,-0.7014436956444613,0.6500791700014824,0.9403873361578587,1.161601368788861,1.4226417032122274,1,4.17470957816043,1
3,1,0,-1.26816671417166,-1.0653756765186833,0.8933237015798199,0.6789850411863755,-0.8261909833600047,-0.9509401714840066,-1.178366950995107,-1.1313579967106524,0,-4.0868561025497705,0
3,0,0,-1.2325352850928928,-1.0653756765186833,0.19261651149360004,-1.0146502157657435,-1.0568581948227371,-0.9509401714840066,-1.0685092833996155,-1.254442319598502,1,-4.330749969304861,1
2,1,0,-0.16359241272987524,0.17324672887393497,-1.5591514637219497,1.0791933724524585,-1.118369451212799,0.21120082718750102,-0.13471910883793806,0.3456538779435431,0,-0.696233854919693,0
5,1,1,-1.0187467106202892,-0.9326661330837599,-0.8584442736357297,-1.2640554077141721,-0.4725012591171484,-0.8370047794573882,-0.7169647470940428,-1.1929001581545773,1,-3.2193709438231566,1
3,1,1,-0.7693267070689185,-0.7336018179313748,0.19261651149360004,-0.208433432490591,-0.9953469384326751,-0.4268373681615619,-0.8378081814490834,-0.9775025931008403,0,-3.2374950811441607,0
0,0,0,-1.7313752921956342,-1.596213850258377,-0.5080906785926198,-0.5738410392987536,-1.0722360089202525,-1.0876626419159485,-1.5848403210984254,-1.5006109653742012,1,-5.245349937308828,1
2,1,1,-0.9118524233839875,-0.6340696603551823,-0.15773708354950988,0.7369862486162426,-0.13418934897180765,-0.19896658410832516,-0.6180928462581005,-0.5159363822714043,0,-1.4671851616096374,0
4,1,0,-0.5199067035175478,-0.8441931041271443,-0.8584442736357297,1.705606412695023,-0.9799691243351596,0.34792329761944313,-0.8487939482086326,-0.6697917858812164,0,-2.1506315608055653,0
0,0,1,0.15709044897903002,0.17324672887393497,1.24367729662293,1.3285985644008869,-0.303345304044478,-0.8370047794573882,-0.25556254319297866,0.28411171649961825,0,-1.1118009101952264,0
4,1,0,0.5490361688454698,0.2506606292109736,1.5940308916660397,-0.5448404355838201,-0.7493019128724273,1.1454710418057719,1.1835729023079595,0.6841357658851296,1,2.2638777971264337,1
2,0,1,1.2616647504208147,1.8763525362887852,-0.8584442736357297,1.1719953043402458,0.2963894457586261,2.6722052949624584,1.0297721676742715,1.484183864656152,0,5.482550773051508,0
5,1,0,-1.5888495758805652,-1.5077408213017613,0.54297010653671,-0.33023596809331185,-1.1029916371152835,-0.9281530930786829,-1.4310395864647374,-1.4390688039302764,1,-4.90125312058898,1
3,0,1,-1.3037981432504273,-1.319735634768953,1.5940308916660397,0.9979916820506445,-0.7800575410674583,-0.9281530930786829,-1.101466583678263,-1.0390447545447652,0,-3.8487219723691695,0
3,0,0,-0.37738098720247876,-0.4460644738223742,0.19261651149360004,-0.1620324665466973,0.34252288805117254,-1.1104497203212722,-0.2885198434716261,-0.7928761087690659,0,-1.8493227845107916,0
0,1,1,-0.05669812549357349,-0.3575914448657586,0.8933237015798199,0.6325840752424818,1.0960357788294317,-0.9281530930786829,0.37062616210132265,-0.3620809786615922,0,0.1764278691904792,0
5,0,0,-1.0900095687778237,-0.9879617761816447,1.24367729662293,-1.1480529928544378,-0.5340125155072104,-0.6547081522147987,-0.8707654817277308,-1.1929001581545773,1,-3.2523863076043176,1
1,1,1,0.050196161742728264,0.46078407298293567,-0.5080906785926198,-0.6898434541584878,1.0499023365368851,1.0315356497791535,0.4035834623799701,-0.23899665577374263,1,2.2460247929222663,1
5,0,1,1.3685590376571166,1.5114012918427457,-0.8584442736357297,0.9979916820506445,0.9422576378542767,0.12005251356620632,0.5793557305327565,1.0533887345486783,0,2.695054616501918,0
1,0,1,0.5134047397667025,0.604552745037436,-1.5591514637219497,-1.7048645841811618,1.295947362097133,-0.7002823090254461,0.3266830950631261,-0.5467074629933667,0,0.3756406851414462,0
2,1,0,-1.3394295723291945,-1.175966962714453,-0.8584442736357297,-1.0726514231956106,-1.14912507940783,-0.9281530930786829,-1.3431534523883442,-1.1621290774326147,1,-4.582560702307472,1
3,1,0,1.5467161830509528,2.1970672662565165,0.8933237015798199,-0.30123536437837833,1.6496370863399892,-0.13060534889235412,2.3041211117819724,-0.05437017144196819,1,3.768782677787639,1
5,1,0,-0.02106669641480624,-0.4350053452027972,-0.5080906785926198,0.5861831092985882,0.2502560034660796,-1.0193014066999775,-0.12373334207838892,-0.115912332885893,0,-1.0086910781981797,0
2,0,0,-0.7336952779901512,-0.8220748468879905,0.19261651149360004,1.6824059297230762,-0.42636781682460195,-0.1533924272976778,-0.7389362806131411,-0.8851893509349531,0,-2.203885875670374,0
5,1,1,1.724873328444789,2.0090620797237086,-0.8584442736357297,-1.3684575810879327,-0.33410093223950904,3.127946863068932,1.3923024707393934,1.022617653826716,1,5.208766055395532,1
5,0,1,-1.553218146801798,-1.5298590785409152,1.5940308916660397,0.6035834715275483,-0.9030800538475822,-1.1332367987265959,-1.4200538197051882,-1.3467555617643892,0,-4.803126234043756,0
3,0,1,-0.37738098720247876,-0.501360116920259,-0.15773708354950988,-1.6352631352653215,-0.9184578679450977,0.028904199944911613,-0.7828793476513377,-0.023599090720005784,1,-1.6960321063715298,1
5,1,0,-0.698063848911384,-0.6119514031160284,-1.5591514637219497,0.9341903538777907,-0.25721186175193156,-0.7230693874307698,-0.5192209454221582,-0.23899665577374263,0,-1.738498850378602,0
4,1,0,-0.1992238418086425,-0.0036993290392962164,-0.8584442736357297,0.5397821433546945,-0.5801459577997569,-0.7914306226467408,0.29372579478447863,0.3148827972215807,0,-0.7629679884404383,0
3,1,0,1.6536104702872545,0.604552745037436,0.8933237015798199,-0.44043826221005933,2.5723059321909187,1.3961289042643323,1.3483594037011968,0.3456538779435431,1,5.662448118099991,1
2,1,1,-1.0900095687778237,-1.0874939337578373,-0.15773708354950988,0.47018069443885396,-0.395612188629571,-0.8142177010520645,-1.1893527177546561,-0.6390207051592539,0,-3.0382033125955457,0
2,0,1,1.0835076050269785,0.7925579315702441,1.24367729662293,0.7949874560461097,2.280127464338124,1.7379350803441875,1.3044163366630002,0.7149068466070919,0,6.037385727952405,0
0,1,0,0.22835330713656452,0.08477369991731938,0.8933237015798199,0.2207755024904255,-1.1337472653103144,1.0315356497791535,0.12893929339124144,-0.14668341360785542,0,-0.11995573574777496,0
4,1,0,0.26398473621533175,-0.25805928728956606,-1.5591514637219497,0.3251776758641863,-1.0722360089202525,0.006117121539587936,0.095981993112594,-0.6697917858812164,0,-1.639928680149287,0
1,0,0,-1.1612724269353583,-0.9547843903229138,-0.8584442736357297,-0.347636330322272,-0.7646797269699428,-0.40405028975623825,-1.112452350437812,-1.1929001581545773,1,-3.47408252531857,1
4,1,1,1.4398218958146511,2.2191855234956703,-0.8584442736357297,-1.5018603581766272,-0.9953469384326751,-1.0648755635106248,0.8759714330405834,0.9918465731047537,1,-0.1924044957979627,1
0,1,1,-0.09232955457234074,0.26171975783055057,-1.5591514637219497,-1.327856735887026,0.6500791700014824,0.4162845328354141,0.39259769562042096,-0.4543942208274795,0,1.0045671776298382,0
3,1,1,-0.4486438453600132,-0.5124192455398359,0.19261651149360004,1.6592054467511292,-0.5340125155072104,-1.0193014066999775,-0.024861441242446602,-0.8236471894910283,0,-2.4018225529406627,0
0,1,0,-1.125640997856591,-1.2202034771927606,1.24367729662293,1.166195183597259,-1.087613823017768,-0.9509401714840066,-1.1344238839569103,-1.1621290774326147,0,-4.3351069558913,0
3,1,1,-0.5199067035175478,-0.6230105317356054,0.8933237015798199,0.8587887842189635,0.03496660610086275,-0.5863469169988277,-0.5961213127390023,-0.7313339473251411,0,-1.8788355709621083,0
2,1,1,0.8340876014756078,1.445046520125284,-0.5080906785926198,-1.2988561321720924,2.2186162079480622,0.006117121539587936,0.24978272774628207,0.06871415144588143,1,2.5432302086798138,1
4,1,1,0.5490361688454698,-0.09217235799591181,-0.5080906785926198,-1.327856735887026,0.5116788431238429,1.0315356497791535,0.37062616210132265,0.7456779273290544,1,2.659518582333374,1
2,0,0,-1.1612724269353583,-1.0874939337578373,-0.8584442736357297,1.3111982021719268,-0.4571234450196329,-0.9737272498893302,-0.9476658490445748,-1.1313579967106524,0,-3.5098745406641907,0
4,1,0,1.4754533248934183,1.3344552339295146,0.19261651149360004,1.5838038770923022,-0.4571234450196329,-0.7230693874307698,2.051448476312342,1.9765211562075506,0,2.8477768000694903,0
5,1,1,-0.9474838524627548,-0.7225426893117979,-0.5080906785926198,-1.6874642219522018,-1.0722360089202525,-0.9965143282946539,-1.035551983120968,-0.6697917858812164,1,-3.774094106217091,1
4,1,0,0.19272187805779725,-0.2027636441916813,1.5940308916660397,1.5606033941203552,-0.6416572141898188,0.5757940816726799,0.5354126634945598,0.4687382008313927,0,0.9382877318088136,0
5,0,0,-0.4486438453600132,-0.1364088724742196,0.19261651149360004,-0.38243705478019224,-0.42636781682460195,-0.4724115249722093,-0.7609078141322394,-0.6697917858812164,1,-2.329478941810267,1
3,1,1,-0.1992238418086425,0.30595627230885836,-0.8584442736357297,1.0849934931954452,0.3579007021486881,-0.3129019761349435,-0.09077604179974148,-0.23899665577374263,0,-0.28477397155973955,0
0,0,1,-1.4819552886442635,-1.4303269209647227,0.8933237015798199,-0.19683319100461757,-1.1337472653103144,-0.9737272498893302,-1.4420253532242866,-1.3467555617643892,0,-4.8962554301883205,0
0,1,0,-0.8049581361476857,-0.5787740172572976,-0.5080906785926198,0.8239880597610433,-0.395612188629571,-0.8370047794573882,-0.9256943155254767,-1.0082736738228029,0,-3.166584957435239,0
2,1,0,0.869719030554375,0.8810309605268597,-1.2087978686788396,1.2995979606859533,0.7115904263915444,1.350554747453685,1.2275159693461561,1.3918706224902648,0,4.68153176568165,0
4,0,0,-1.3037981432504273,-1.3307947633885302,0.54297010653671,-0.14463210431773718,-0.6877906564823653,-0.6547081522147987,-1.1234381171973613,-1.10058691598869,0,-3.5665238418832153,0
2,0,1,-0.4486438453600132,-0.4681827310615281,-0.15773708354950988,0.9631909575927242,-0.8569466115550357,-0.24454074091897252,-0.7169647470940428,-0.6082496244372915,0,-2.4267017240053423,0
1,1,1,-1.1969038560141254,-1.120671319616568,-0.15773708354950988,1.6708056882371027,-0.7031684705798807,-0.9281530930786829,-1.2113242512737543,-0.8544182702129908,0,-3.6970640851453087,0
3,0,1,1.4041904667358838,1.688347349755977,-0.8584442736357297,0.2207755024904255,1.4343476889747722,1.3733418258590087,1.293430569903451,1.2995573803243776,0,5.40067746506161,0
5,1,1,0.7984561723968405,0.9031492177660136,-0.8584442736357297,0.12797357060263814,-0.05730027848423019,1.5100642962909507,1.2385017361057051,1.699581429709889,0,4.390847183622315,0
1,1,0,0.8340876014756078,0.5160797160808204,1.24367729662293,-0.8232462312471821,0.7884794968791218,0.2795620624034721,1.3813167039798442,-0.30053881721766745,1,2.1488194460447705,1
1,1,0,1.4041904667358838,1.445046520125284,0.8933237015798199,-1.583062048578441,-0.8877022397500667,-0.6091339954041514,0.9748433338765258,1.9149789947636258,1,1.3929860934859337,1
0,1,0,-0.7336952779901512,-0.9547843903229138,-1.5591514637219497,0.06997236317277106,0.20412256117353314,-0.3584761329455909,-0.9256943155254767,-1.0082736738228029,0,-2.0883215611203374,0
1,0,0,-1.5175867177230307,-1.352913020627684,-0.5080906785926198,0.4759808151818407,-0.8108131692624893,-0.8825789362680355,-1.3431534523883442,-1.3159844810424268,0,-4.352530038961295,0
2,0,0,-0.09232955457234074,-0.21382277281125825,-1.5591514637219497,-0.09823113837384351,0.9576354519517922,0.18841374878217737,-0.6180928462581005,0.06871415144588143,0,0.5966705059217505,0
5,1,0,0.47777331068793527,0.35019278678716614,-0.5080906785926198,0.5629826263266413,0.38865633034371905,-0.3129019761349435,0.8100568324832885,-0.42362314010551705,0,0.462188046586547,0
3,0,0,1.4754533248934183,1.3233961053099377,0.19261651149360004,-1.7048645841811618,-0.25721186175193156,1.487277217885627,1.4142740042584916,1.4226417032122274,1,4.066981063604414,1
4,1,1,-1.6601124340380997,-1.5077408213017613,-1.5591514637219497,0.4005792455230135,-1.1645028935053454,-0.9965143282946539,-1.562868787579327,-1.3775266424863517,0,-5.101412651865678,0
2,1,0,-0.8049581361476857,-1.0100800334207987,1.24367729662293,1.2531969947420598,-0.1803227912643541,-0.17617950570300148,-0.7828793476513377,-0.4851653015494419,0,-1.6245469461681352,0
4,1,1,1.2260333213420476,1.5224604204623227,1.5940308916660397,-0.8406465934761422,1.1883026634145246,0.18841374878217737,0.8100568324832885,1.3610995417683025,1,3.547872786448293,1
3,0,1,-0.127960983651108,0.14006934301520413,-0.15773708354950988,-1.6352631352653215,0.603945727708936,0.712516552104622,0.1179535266316923,-0.20822557505178022,1,1.2261902313934698,1
4,1,1,1.6892418993660219,0.6709075167548977,1.5940308916660397,-1.4206586677748132,2.233994022045578,0.8948131793472114,1.831733141121359,2.899653577866423,1,7.8601939203805715,1
2,1,1,-0.4486438453600132,-0.689365303453067,0.8933237015798199,-1.2234545625132651,-1.118369451212799,0.14283959197153,-0.32147714375027353,-0.8544182702129908,1,-2.1514252732045334,1
2,0,0,-1.6244810049593326,-1.5077408213017613,-1.5591514637219497,1.6708056882371027,-0.9184578679450977,-1.0648755635106248,-1.4969541870220322,-1.3467555617643892,0,-4.8270431802421445,0
2,0,1,0.6559304560817715,0.05159631405858853,-0.8584442736357297,-1.4380590300037732,0.8499907532691837,0.07447835675555897,0.8210425992428376,1.545726026100077,1,3.291237735367657,1
4,1,1,1.6179790412084873,1.6551699638972461,0.19261651149360004,1.566403514863342,-1.1029916371152835,0.39349745443009043,2.5348222137325047,0.19179847433373107,0,2.0171265053810425,0
3,1,0,-0.7693267070689185,-0.9547843903229138,1.24367729662293,1.3169983229149136,0.12723349068595569,-0.9965143282946539,-0.5192209454221582,-0.5467074629933667,0,-1.9352092460242232,0
2,0,0,1.6892418993660219,0.6377301308961668,0.19261651149360004,0.9747911990786977,-0.6262794000923033,1.1910451986164192,2.578765280770701,2.591942770646799,0,5.7354738499416165,0
0,0,0,0.727193314239306,0.02947805681943463,1.24367729662293,0.6209838337565085,0.4347897726362655,1.3277676690483613,0.4914695964563633,0.25334063577765586,0,2.507367673918646,0
1,1,1,0.9409818887119096,0.4386658157437818,-0.15773708354950988,-1.4206586677748132,0.5885679136114204,-0.016669956865735743,0.7441422319259936,0.4995092815533551,1,1.8155494702250334,1
3,0,0,-1.3037981432504273,-1.3086765061493761,-1.5591514637219497,0.3019771928922394,-1.1337472653103144,-0.6547081522147987,-1.2772388518310493,-0.946731512378878,0,-4.012425781735041,0
3,0,0,0.9766133177906767,0.08477369991731938,-1.5591514637219497,0.3773787625510666,1.0652801506344005,-0.9281530930786829,1.3263878701820984,0.13025631288980624,0,1.593771240627622,0
5,1,1,-1.1969038560141254,-1.0100800334207987,1.24367729662293,-1.043650819480677,-1.0722360089202525,-0.7686435442414171,-1.255267318311951,-0.8236471894910283,1,-3.919794060964649,1
2,1,0,1.2260333213420476,1.942707308006247,1.24367729662293,-0.7478446615883549,0.7884794968791218,1.0087485713738298,2.062434243071891,2.315003044149137,1,6.17466535547398,1
5,1,0,-1.125640997856591,-0.8441931041271443,1.5940308916660397,0.6673847997004021,-0.36485656043454,-0.49519860337753296,-0.9476658490445748,-0.6697917858812164,0,-2.4775127987378642,0
2,1,1,0.5846675979242371,0.0073597995802807325,-0.15773708354950988,0.5165816603827477,-1.14912507940783,0.7353036305099456,-0.013875674482897454,0.5610514429972799,0,0.13335431961649807,0
3,0,1,0.6559304560817715,0.14006934301520413,-1.2087978686788396,1.0849934931954452,0.5578122854163894,0.2567749839981484,1.2385017361057051,-0.3620809786615922,0,1.6910080268586507,0
2,0,0,-0.8762209943052203,-0.8110157182684135,-1.2087978686788396,1.2705973569710198,-0.6724128423848498,-0.1533924272976778,-1.035551983120968,-1.0698158352667275,0,-2.9311730880702234,0
4,0,1,1.6179790412084873,0.6598483881353208,-0.8584442736357297,1.2125961495411528,1.3267029902921639,1.0315356497791535,2.1503203771482844,1.1457019767145655,0,5.654260993934168,0
1,1,1,0.6202990270030043,0.2064241147326658,-1.5591514637219497,0.8355883012470167,1.234436105707071,-0.24454074091897252,0.9418860335978783,-0.4543942208274795,0,1.477387177558497,0
0,1,0,-0.6624324198326168,-0.4239462165832203,-0.8584442736357297,-0.6724430919295277,-0.6109015859947878,0.12005251356620632,-0.727950513853592,-0.8851893509349531,1,-2.1039889372171263,1
4,1,0,-0.7693267070689185,-0.5234783741594128,-0.8584442736357297,0.4237797284949603,-0.36485656043454,-0.7458564658360934,-0.4972494119030599,-1.0082736738228029,0,-2.6162361119964963,0
3,0,1,1.012244746869444,0.6709075167548977,1.24367729662293,0.5513823848406679,0.9730132660493077,1.282193512237714,0.7331564651664445,-0.023599090720005784,0,2.9647641527334607,0
4,1,1,-0.413012416281246,-0.30229580176787385,0.19261651149360004,-0.7362444201023816,-0.16494497716683862,-0.0622441136763831,-0.22260524291433123,-0.3620809786615922,1,-0.8118753124191451,1
4,0,1,-0.16359241272987524,-0.4571236024419511,-1.5591514637219497,-0.6318422467286208,0.23487818936856414,-0.22175366251364884,0.10696775987214316,-0.4543942208274795,1,-0.334301934100421,1
3,1,1,-1.553218146801798,-1.4856225640626073,-0.5080906785926198,0.7717869730741629,-0.9645913102376441,-0.9509401714840066,-1.39808228618609,-1.3775266424863517,0,-4.691140410394093,0
0,1,0,0.050196161742728264,0.05159631405858853,1.5940308916660397,-0.9624491290788632,1.0191467083418542,0.18841374878217737,0.3266830950631261,0.16102739361176865,1,1.6952709457989261,1
3,1,1,0.299616165294099,0.604552745037436,-0.15773708354950988,1.026992285765578,-0.8569466115550357,-0.08503119208170677,0.6672418646091496,0.4379671201094303,0,0.16323118108183743,0
4,0,0,0.7628247433180733,0.4386658157437818,-1.2087978686788396,1.009591923536618,0.2963894457586261,0.46185868964606147,0.3047115615440278,-0.42362314010551705,0,0.6393365568431983,0
1,1,1,1.297296179499582,1.3123369766903608,-0.15773708354950988,0.6789850411863755,2.7722175154586197,0.8264519441312403,0.2607684945058312,1.2687862996024153,0,5.128224253698106,0
3,1,1,-1.410692430486729,-1.2865582489102223,0.19261651149360004,-0.5622407978127802,-0.6877906564823653,-1.0420884851053012,-1.4200538197051882,-1.1621290774326147,1,-4.31206203872547,1
1,0,1,-0.37738098720247876,-0.4681827310615281,0.54297010653671,-0.011229327229042876,-0.5955237718972723,0.37071037602476675,-0.16767640911658552,-0.1774544943298178,0,-0.569944299318909,0
2,0,0,1.6892418993660219,1.909529922147516,-1.5591514637219497,-0.33023596809331185,2.5723059321909187,2.854501922205048,1.161601368788861,0.8379911694949416,0,7.426400392679769,0
0,1,1,-0.840589565226453,-0.921607004464183,1.5940308916660397,1.1371945798823255,-1.0414803807252215,-0.17617950570300148,-0.8927370152468291,-0.946731512378878,0,-3.0571284140539303,0
3,1,1,1.3329276085783492,2.152830751778209,-0.5080906785926198,-1.2408549247422251,1.1267914070244627,2.626631138151811,0.3596403953417735,0.3148827972215807,1,4.427945737739628,1
5,1,1,-0.6268009907538495,-0.8110157182684135,0.8933237015798199,0.18597477803250523,0.15798911888098668,-1.0193014066999775,-0.88175124848728,-0.023599090720005784,0,-1.7666626270262766,0
1,0,1,0.6559304560817715,0.9142083463855906,-1.2087978686788396,-0.6898434541584878,1.7265261568275665,-0.8825789362680355,0.9089287333192309,1.6072681875440018,0,3.3601441414227633,0
3,0,1,-1.4819552886442635,-1.2865582489102223,-1.2087978686788396,0.9863914405646711,-1.0414803807252215,-1.1332367987265959,-1.4420253532242866,-1.3467555617643892,1,-4.963498094440492,1
3,0,1,-0.3417495581237115,0.04053718543901158,-0.8584442736357297,0.38897900403704005,-0.7185462846773962,-0.7686435442414171,-0.046832974761544896,-0.30053881721766745,0,-1.8345616208980258,0
3,1,1,-0.127960983651108,0.26171975783055057,-0.5080906785926198,-0.0866308968878701,-0.9645913102376441,-0.4268373681615619,-0.6071070794985514,-0.023599090720005784,0,-2.022134848617763,0
5,0,1,-0.5911695616750823,-0.3907688307244894,0.8933237015798199,-0.7014436956444613,0.2656338175635951,0.1656266703768537,-0.431334811345765,-0.7928761087690659,1,-0.7929504321743821,1
2,0,0,1.6179790412084873,0.814676188809398,1.24367729662293,1.4562012207465944,-0.011166836191683719,2.55826990293584,1.007800634155173,2.376545205593062,0,5.931448906492391,0
3,1,1,0.6915618851605387,0.11795108577605022,-0.8584442736357297,-1.287255890686119,1.926437740095268,1.7379350803441875,0.5683699637732073,0.16102739361176865,1,4.393770177824432,1
5,0,0,0.22835330713656452,-0.2470001586699891,1.24367729662293,1.2009959080551793,-0.5186347014096949,-0.9281530930786829,0.3816119288608718,0.16102739361176865,0,-0.9041484720157374,0
1,1,1,1.119139034105746,1.909529922147516,1.24367729662293,1.3401988058868604,2.3570165348257017,1.6695738451282165,0.2827400280249295,0.868762250216904,0,5.178092658195752,0
2,1,0,-1.0543781396990566,-1.1096121909969912,0.19261651149360004,0.429579849237947,-0.8108131692624893,-0.40405028975623825,-0.9586516158041241,-0.7928761087690659,0,-2.9663911835919174,0
1,1,1,1.0478761759482114,1.433987391505707,1.24367729662293,0.7253860071302691,-0.8569466115550357,1.783509237154835,0.8649856662810342,0.7764490080510168,0,2.56799729993185,0
2,1,0,1.0478761759482114,1.5666969349406306,-1.2087978686788396,0.00037091425693054283,1.3882142466822258,1.8746575507761296,1.5680747388921796,0.4687382008313927,0,5.299684737181927,0
0,1,1,1.5467161830509528,1.3123369766903608,-0.15773708354950988,-0.37083681329421886,-0.4725012591171484,-0.7458564658360934,2.051448476312342,-0.05437017144196819,1,0.7787205799171322,1
0,0,0,1.1904018922632802,0.604552745037436,-0.15773708354950988,-0.7130439371304347,-0.9184578679450977,-0.7914306226467408,1.084701001472017,2.1303765598173627,1,1.5051890706975413,1
1,1,1,-1.125640997856591,-1.120671319616568,-0.8584442736357297,-0.2316339154625378,-0.9953469384326751,-0.7002823090254461,-0.9696373825636732,-1.10058691598869,0,-3.7658535460104843,0
0,1,1,-0.30611812904494423,0.14006934301520413,1.5940308916660397,-0.3534364510652587,0.31176725985614157,-0.6547081522147987,-0.4093632778266667,-0.5774785437153291,1,-1.329782713900653,1
5,0,0,-0.8762209943052203,-0.6672470462139132,-0.5080906785926198,1.4620013414895812,-0.5801459577997569,-0.9737272498893302,-0.5302067121817073,-0.5159363822714043,0,-2.600016302142199,0
3,1,0,-0.4842752744387805,-0.7336018179313748,1.5940308916660397,1.467801462232568,0.12723349068595569,0.1656266703768537,-0.8378081814490834,-0.023599090720005784,0,-0.5685471111062798,0
0,0,0,1.3329276085783492,1.7436429928538617,0.19261651149360004,0.748586490102216,-0.8877022397500667,-0.9737272498893302,1.161601368788861,1.9765211562075506,0,1.276693035357015,0
2,1,0,-1.0543781396990566,-1.1538487054752988,-1.5591514637219497,-0.3128356058643518,-0.2264562335569006,-0.40405028975623825,-1.035551983120968,-1.0698158352667275,1,-2.7358743417008347,0
3,0,1,-1.4819552886442635,-1.4082086637255689,-0.15773708354950988,-0.6434424882145942,-1.0261025666277062,-1.1332367987265959,-1.3541392191478934,-1.3775266424863517,1,-4.891005226988547,1
3,0,1,1.6892418993660219,2.2413037807348246,-0.8584442736357297,1.5606033941203552,1.0652801506344005,2.6038440597464874,0.8430141327619359,1.6380392682659641,0,6.150177611408788,0
2,1,0,1.0478761759482114,0.5381979733199743,-1.5591514637219497,-0.568040918555767,-0.5186347014096949,-0.631921073809475,1.809761607602261,1.5149549453781146,1,2.1741607777612053,1
0,0,0,1.6892418993660219,2.6173141538004407,-0.5080906785926198,0.3019771928922394,2.4185277912157637,3.196308098284903,1.601032039170827,0.13025631288980624,0,7.3461242415612995,0
0,1,1,-1.695743863116867,-1.551977335780069,-0.5080906785926198,1.0965937346814185,-1.087613823017768,-1.1104497203212722,-1.5738545543388762,-1.408297723208314,0,-5.180215820886231,0
4,1,0,-0.840589565226453,-0.7778383324096827,-1.2087978686788396,-1.5946622900644145,-0.3802343745320555,-0.9509401714840066,-0.574149779219904,-0.4851653015494419,0,-2.3904896267854077,0
3,0,1,0.8340876014756078,0.4939614588416665,-1.5591514637219497,0.6731849204433888,-0.5186347014096949,0.8948131793472114,1.5351174386135322,-0.23899665577374263,0,1.6722992607773062,0
3,0,0,1.4754533248934183,2.119653365919478,1.24367729662293,-0.4462383829530461,2.7875953295561353,-0.22175366251364884,1.5351174386135322,1.176473057436528,1,5.277432163092547,1
5,1,0,1.58234761212972,0.7814988029506672,1.5940308916660397,-1.4380590300037732,2.618439374483465,-1.1332367987265959,1.7218754735258677,0.6225936044412047,1,3.829671653723942,1
5,0,1,-0.4486438453600132,-0.08111322937633486,-1.5591514637219497,-1.4786598752046802,-0.6416572141898188,-0.9509401714840066,-0.23359100967388038,-0.08514125216393059,0,-1.9113296475116364,0
0,0,0,1.154770463184513,0.4718432016025126,1.24367729662293,0.28457683066327927,-0.7646797269699428,2.5354828245305163,1.007800634155173,1.945750075485588,0,4.724353807201335,0
2,0,1,-0.8049581361476857,-0.8552522327467212,1.24367729662293,0.38317888329405336,-1.1337472653103144,-0.6091339954041514,-0.9696373825636732,-0.4851653015494419,0,-3.1976839448275807,0
0,0,0,1.2616647504208147,0.6377301308961668,-0.15773708354950988,1.2357966325130996,0.5885679136114204,1.5784255315069218,1.1945586690675087,-0.05437017144196819,0,3.3071819427438824,0
0,1,0,0.12145901990026277,0.18430585749351192,-0.15773708354950988,-0.0054292064860561665,-0.33410093223950904,0.5530070032673562,-0.06880450828064319,0.8072200887729791,0,0.9573216515201831,0
5,0,1,-0.30611812904494423,-0.6340696603551823,-0.8584442736357297,0.45278033220989383,-0.42636781682460195,0.12005251356620632,-0.574149779219904,0.22256955505569345,0,-0.6578955274226062,0
5,1,0,0.050196161742728264,-0.32441405900702774,1.5940308916660397,-0.5042395903829131,0.9115020096592457,-0.6774952306201224,0.18386812718898718,0.13025631288980624,1,0.5481312191179166,1
5,0,0,1.5467161830509528,1.4118691342665532,-1.2087978686788396,1.566403514863342,-0.9799691243351596,-1.0876626419159485,1.5790605056517288,1.6688103489879265,0,1.180239088388547,0
3,0,0,1.3329276085783492,0.5824344877982821,-0.5080906785926198,-0.6782432126725144,-0.6570350282873343,1.4644901394803034,1.4362455377775898,2.0996054790954,1,4.343306128065959,1
1,0,1,0.299616165294099,0.17324672887393497,0.8933237015798199,-1.6932643426951886,-0.25721186175193156,0.8720261009418877,0.4365407626586176,0.09948523216784384,1,1.1508402340164177,1
3,0,1,-1.1969038560141254,-1.131730448236145,0.8933237015798199,-0.05183017242994984,-0.42636781682460195,-0.9053660146733592,-1.1893527177546561,-1.10058691598869,0,-3.621673465241307,0
1,1,0,0.6915618851605387,0.8699718319072828,-0.15773708354950988,1.6592054467511292,1.0037688942443386,-0.2901148977296199,1.2714590363843528,-0.42362314010551705,0,1.5614898927935543,0
4,1,0,-1.1969038560141254,-1.2312626058123375,-0.8584442736357297,1.3285985644008869,-1.14912507940783,-0.7686435442414171,-1.090480816918714,-1.0082736738228029,0,-4.016523114390764,0
0,1,0,-1.26816671417166,-1.131730448236145,0.19261651149360004,0.2961770721492527,-0.9030800538475822,-0.49519860337753296,-1.1563954174760087,-1.2852134003204645,0,-3.8398874750215883,0
4,1,0,-1.0900095687778237,-1.1538487054752988,1.24367729662293,0.7717869730741629,-0.5801459577997569,-0.2901148977296199,-0.8927370152468291,-0.6697917858812164,0,-2.4327896566574223,0
5,0,1,-0.413012416281246,0.04053718543901158,0.19261651149360004,-0.9682492498218499,0.31176725985614157,0.09726543516088265,-0.7938651144108868,-0.115912332885893,1,-0.5007447522797556,1
1,0,1,-1.4819552886442635,-1.2754991202906454,0.54297010653671,0.6557845582144287,-0.9492134961401286,-0.9053660146733592,-1.4639968867433848,-1.1621290774326147,0,-4.480705474989487,0
1,0,0,0.6559304560817715,0.814676188809398,1.24367729662293,-1.142252872111451,-1.0261025666277062,0.780877787320593,0.19485389394853633,0.4071960393874679,1,0.35682515402889103,1
0,0,1,-0.8049581361476857,-0.8110157182684135,-0.15773708354950988,-1.1306526306254778,0.050344420198378245,-0.563559838593504,-0.88175124848728,-0.4851653015494419,1,-1.8801319684318478,1
3,0,1,0.6202990270030043,0.5271388447003973,-0.15773708354950988,-0.48683922815395303,1.3113251761946483,0.2339879055928247,1.1945586690675087,1.0841598152706409,1,3.8240315661256226,1
4,1,1,-1.5888495758805652,-1.4745634354430304,-0.5080906785926198,-1.0610511817096373,-0.8877022397500667,-0.9737272498893302,-1.4639968867433848,-1.2852134003204645,1,-4.6106397767032465,1
1,1,0,-0.127960983651108,-0.12534974385464265,-0.8584442736357297,-0.7652450238173151,0.5885679136114204,-0.7230693874307698,-0.4972494119030599,-0.115912332885893,1,-0.7476632186083022,1
5,0,1,-0.7336952779901512,-0.36865057348533553,-0.15773708354950988,0.4179796077519736,0.18874474707601765,-0.3129019761349435,-0.585135545979453,-0.269767736495705,0,-0.979060511534084,0
5,1,0,-0.37738098720247876,-0.1364088724742196,-0.8584442736357297,-0.4056375377521391,-0.2264562335569006,0.14283959197153,-0.2885198434716261,0.3148827972215807,1,-0.05725368783541601,1
1,1,1,-0.698063848911384,-0.4239462165832203,0.54297010653671,1.2995979606859533,-0.5801459577997569,0.2339879055928247,-0.4533063448648633,-0.1774544943298178,0,-0.9769188914016134,0
1,1,1,0.9409818887119096,1.1464500473967065,0.19261651149360004,-0.29543524363539164,1.6342592722424736,1.282193512237714,0.5903414972923056,0.6225936044412047,1,4.1293878862136975,1
5,1,1,-0.27048669996617697,-0.6451287889747592,-0.15773708354950988,-0.8696471971910759,-0.8261909833600047,0.39349745443009043,-0.5631640124603547,-0.269767736495705,1,-1.265625277885974,1
1,0,1,0.26398473621533175,0.48290233022208956,1.5940308916660397,-0.9798494913078233,0.9730132660493077,0.006117121539587936,0.052038926074397425,-0.5159363822714043,1,0.5152329313918889,1
3,0,1,-0.5199067035175478,-0.490300988300682,0.8933237015798199,-1.6700638597232418,-0.7954353551649738,-0.7686435442414171,-0.22260524291433123,0.06871415144588143,1,-1.717969990874841,1
0,1,1,-0.7693267070689185,-0.8331339755075674,-0.5080906785926198,-1.623662893779348,0.08110004839340923,0.14283959197153,-0.6071070794985514,-0.5774785437153291,1,-0.9606459828489413,1
0,0,0,1.3329276085783492,0.5603162305591282,-1.2087978686788396,-0.9682492498218499,1.3113251761946483,-0.17617950570300148,1.6889181732472203,2.2842319634271746,1,5.108295807166042,1
1,1,1,-1.695743863116867,-1.563036464399646,-0.15773708354950988,-0.9798494913078233,-1.087613823017768,-1.0193014066999775,-1.562868787579327,-1.5006109653742012,1,-5.170394982671274,1
5,1,1,1.2616647504208147,1.5224604204623227,-0.5080906785926198,-0.48683922815395303,0.37327851624620356,-0.7230693874307698,1.6559608729685729,0.5610514429972799,1,1.8672214447812865,1
2,1,1,-0.555538132596315,-0.34653231624618164,0.54297010653671,-0.7188440578734214,-0.9799691243351596,0.4162845328354141,-0.2995056102311753,-0.6390207051592539,1,-1.5022109068901748,1
5,0,0,-1.5175867177230307,-1.3860904064864148,-0.8584442736357297,-0.2316339154625378,-1.1337472653103144,-1.0876626419159485,-1.332167685628795,-1.2236712388765396,0,-4.7772488317315975,0
2,0,0,1.0478761759482114,1.3233961053099377,0.19261651149360004,0.429579849237947,1.0652801506344005,-1.0420884851053012,1.1176583017506647,0.4379671201094303,0,1.5788170873891945,0
0,1,1,1.724873328444789,2.5509593820829792,-0.8584442736357297,-0.1562323458037106,1.495858945364834,1.1454710418057719,0.5463984302541091,0.28411171649961825,0,3.471840133924333,0
2,1,0,-0.6268009907538495,-0.9437252617033369,-0.8584442736357297,-1.5598615656064942,-0.1803227912643541,-0.6774952306201224,-0.6840074468153954,-0.7005628666031787,1,-2.2423883353030507,1
4,0,1,-1.0900095687778237,-0.9326661330837599,0.19261651149360004,0.19177489877549195,-1.1337472653103144,-0.9509401714840066,-1.1344238839569103,-0.9159604316569155,0,-4.135071752408146,0
3,1,0,-0.05669812549357349,-0.2470001586699891,1.24367729662293,1.607004360064249,-0.8723244256525512,0.46185868964606147,0.3047115615440278,-0.5159363822714043,0,-0.6216905567338662,0
5,1,1,1.4754533248934183,0.9363266036247444,0.19261651149360004,0.3251776758641863,-0.9338356820426131,1.418915982669656,2.33707841206062,-0.023599090720005784,0,2.798559621967657,0
0,1,0,0.869719030554375,0.3391336581675892,-0.8584442736357297,1.0559928894805115,-0.011166836191683719,1.6012126099122455,0.5134411299754615,-0.269767736495705,0,1.8337191672003181,0
5,1,0,1.4041904667358838,1.5666969349406306,-1.2087978686788396,-0.3998374170091524,0.450167586733781,1.0315356497791535,2.2382065112246776,0.25334063577765586,0,3.973250383515268,0
3,1,0,-1.3037981432504273,-1.2202034771927606,-0.5080906785926198,-0.8406465934761422,-0.6877906564823653,-0.8142177010520645,-1.3431534523883442,-0.8851893509349531,1,-3.730351160857727,1
3,0,0,1.6179790412084873,0.5271388447003973,0.54297010653671,-0.8580469557051024,-0.5032568873121794,2.55826990293584,1.4692028380562374,0.4995092815533551,1,4.023725135233253,1
2,0,0,1.1904018922632802,1.9980029511041315,0.54297010653671,-0.7304442993593948,1.864926483705206,2.284824962071956,1.1286440685102137,2.007292236929513,1,7.285687751216889,1
3,1,0,0.47777331068793527,1.02479963258136,-1.2087978686788396,-0.6782432126725144,0.050344420198378245,-0.5863469169988277,0.4365407626586176,-0.14668341360785542,0,-0.24614514774968727,0
4,0,0,0.299616165294099,0.18430585749351192,-0.5080906785926198,-0.6898434541584878,-0.08805590667926116,1.4644901394803034,0.48048382969681414,-0.5159363822714043,1,1.340981680226452,1
2,0,1,-1.0187467106202892,-1.1096121909969912,1.5940308916660397,1.5026021866904882,-0.5647681437022414,-0.8597918578627118,-0.9586516158041241,-0.5774785437153291,0,-2.960690161084406,0
4,0,1,0.19272187805779725,-0.1142906152350657,0.54297010653671,0.5571825055836546,0.23487818936856414,0.9631744145631824,0.15091082691033975,0.5610514429972799,0,1.9100148738393663,0
4,1,0,1.6892418993660219,1.5003421632231688,-0.8584442736357297,1.0327924065085647,1.4035920607797412,0.5530070032673562,1.601032039170827,1.8842079140416634,0,5.441839017259588,0
4,0,0,-0.23485527088740973,-0.05899497213718096,-1.2087978686788396,-0.5854412807847271,-0.9492134961401286,0.34792329761944313,0.10696775987214316,0.22256955505569345,0,-0.271752883592849,1
2,1,1,-0.9474838524627548,-1.131730448236145,-1.2087978686788396,1.6708056882371027,-0.16494497716683862,-0.1533924272976778,-1.101466583678263,-0.4851653015494419,0,-1.9049692896922212,0
1,0,0,-0.23485527088740973,-0.479241859681105,0.19261651149360004,0.429579849237947,0.32714507395365705,-0.5179856817828566,0.22781119422718377,0.09948523216784384,0,0.136455818565828,0
4,0,0,-0.4842752744387805,-0.21382277281125825,-1.2087978686788396,1.1719953043402458,0.3579007021486881,-0.5863469169988277,-0.2885198434716261,-0.20822557505178022,0,-0.7251916333735459,0
4,1,1,-0.9831152815415221,-0.8110157182684135,-0.5080906785926198,-0.347636330322272,-0.9184578679450977,-0.3584761329455909,-1.1454096507164595,-0.6697917858812164,1,-3.0921354374883645,1
4,0,1,0.299616165294099,0.4939614588416665,-0.5080906785926198,0.7311861278732559,1.5266145735598653,0.4162845328354141,0.5463984302541091,0.9303044116608288,0,3.419601948310217,0
4,1,1,0.47777331068793527,0.9252674750051675,-1.5591514637219497,-0.666642971186541,-0.02654465028919921,-0.5179856817828566,0.9309002668383292,-0.33130989793962984,0,0.05506003682664351,0
4,0,1,-0.05669812549357349,0.21748324335224276,-0.8584442736357297,0.06997236317277106,-0.9492134961401286,0.46185868964606147,0.48048382969681414,0.007171990001956621,0,0.00030101320470360664,0
3,1,1,1.58234761212972,1.0026813753422061,-0.5080906785926198,1.6186046015502225,-0.6724128423848498,2.786140686989077,1.2385017361057051,2.376545205593062,0,5.728774786302994,0
2,1,0,0.22835330713656452,0.14006934301520413,0.19261651149360004,0.6267839544994951,-0.5801459577997569,-0.9509401714840066,-0.013875674482897454,-0.1774544943298178,0,-1.7224162980964786,0
2,1,1,-0.840589565226453,-1.0432574192795294,-0.5080906785926198,1.450401100003608,-0.6109015859947878,0.006117121539587936,-0.508235178662609,-0.33130989793962984,0,-1.4443295410574386,0
2,1,1,-0.413012416281246,-0.4239462165832203,0.19261651149360004,-0.48683922815395303,-0.6724128423848498,-1.1332367987265959,-0.5192209454221582,-0.115912332885893,1,-2.4407829194194965,1
0,1,0,0.9766133177906767,1.5114012918427457,0.19261651149360004,-0.7826453860462752,-0.42636781682460195,0.5757940816726799,1.5021601383348848,0.7456779273290544,1,2.397264330512017,1
0,0,0,-1.410692430486729,-1.319735634768953,1.5940308916660397,0.6731849204433888,-0.8723244256525512,-0.8142177010520645,-1.2662530850715001,-1.0698158352667275,0,-4.022611047042844,0
4,1,0,-1.7313752921956342,-1.6072729788779538,-0.15773708354950988,-1.1364527513684644,-1.14912507940783,-1.1104497203212722,-1.6177976213770728,-1.5313820460961636,1,-5.408754467202339,1
0,1,1,-0.127960983651108,-0.501360116920259,1.5940308916660397,-0.5100397111258999,0.1426113047834712,-0.22175366251364884,-0.31049137699072443,0.6225936044412047,1,0.23295986972030264,1
3,1,1,1.119139034105746,0.604552745037436,-0.15773708354950988,-0.9218482838779563,1.3267029902921639,1.4644901394803034,1.5351174386135322,0.3456538779435431,1,4.671964446329542,1
2,1,1,-0.16359241272987524,0.3612519154067431,-1.5591514637219497,-0.2606345191774714,0.03496660610086275,-0.5863469169988277,-0.10176180855929062,-0.23899665577374263,0,-0.8921387752309982,0
5,1,0,-1.1612724269353583,-0.8994887472250291,1.24367729662293,-0.7768452653032885,-0.7493019128724273,-0.6547081522147987,-1.0025946828423207,-0.946731512378878,1,-3.3533362603084242,1
3,0,1,-0.6624324198326168,-0.7225426893117979,-1.5591514637219497,-1.00304997427977,-0.5493903296047259,-0.7230693874307698,-0.88175124848728,-0.08514125216393059,1,-2.2393522176867062,1
4,1,1,0.15709044897903002,0.5381979733199743,0.54297010653671,-0.04022993094397642,1.172924849317009,-0.5179856817828566,0.5244268967350108,-0.023599090720005784,0,1.1557669735491574,0
3,0,0,1.012244746869444,0.35019278678716614,-0.15773708354950988,0.7601867315881894,-0.5032568873121794,-0.3584761329455909,0.7770995322046411,1.0533887345486783,0,0.9687552464955491,0
1,0,1,-0.37738098720247876,-0.5566557600181437,0.8933237015798199,-0.8638470764480891,-0.07267809258174568,-0.24454074091897252,-0.09077604179974148,-0.33130989793962984,1,-0.7393047732400895,1
3,1,1,0.6202990270030043,0.19536498611308886,1.24367729662293,0.1627742950605584,-0.5955237718972723,-0.9281530930786829,0.052038926074397425,-0.023599090720005784,0,-1.4952370296215638,0
1,1,0,-0.840589565226453,-0.6340696603551823,1.24367729662293,0.6035834715275483,-0.33410093223950904,-0.6091339954041514,-0.9586516158041241,-0.7928761087690659,0,-2.69476265221685,0
2,1,0,0.6202990270030043,0.9252674750051675,0.19261651149360004,-1.5018603581766272,1.8187930414126594,1.555638453101598,-0.09077604179974148,1.0841598152706409,1,4.367815267985157,1
5,0,0,1.2616647504208147,0.6487892595157437,-0.5080906785926198,-0.7826453860462752,0.6500791700014824,2.262037883666632,0.48048382969681414,1.5149549453781146,1,4.907555828743043,1
4,0,0,1.0478761759482114,1.6551699638972461,-1.2087978686788396,-0.9798494913078233,0.6808347981965134,2.0113800212080717,0.4035834623799701,2.007292236929513,0,5.103090518714068,0
1,0,1,-0.4842752744387805,-0.28017754452871996,-0.15773708354950988,-1.0204503365087303,-0.31872311814199356,-0.8825789362680355,-0.10176180855929062,-0.1774544943298178,1,-1.4805183572991374,1
0,0,0,-0.8762209943052203,-1.1096121909969912,0.54297010653671,0.45278033220989383,-1.0722360089202525,-0.8597918578627118,-1.0025946828423207,-0.5774785437153291,0,-3.512101093340614,0
4,0,0,-0.30611812904494423,0.18430585749351192,-0.8584442736357297,-1.2698555284571587,0.32714507395365705,-0.2673278193242962,-0.03584720800199575,0.28411171649961825,1,0.3080817631269833,1
5,0,1,1.0478761759482114,1.4229282628861302,-0.15773708354950988,-0.8754473179340625,1.6957705286325355,-0.7914306226467408,0.24978272774628207,-0.33130989793962984,1,0.8228127357924468,1
1,1,0,0.727193314239306,0.9252674750051675,0.19261651149360004,0.9747911990786977,-0.16494497716683862,1.6239996883175691,0.7990710657237394,0.7149068466070919,0,2.9730326234815623,0
0,1,0,-1.0900095687778237,-0.8994887472250291,-0.8584442736357297,0.38317888329405336,-1.14912507940783,-0.8597918578627118,-1.1893527177546561,-1.10058691598869,1,-4.2988565710138875,1
4,1,1,0.26398473621533175,-0.2027636441916813,0.54297010653671,0.8239880597610433,1.3267029902921639,0.9859614929685061,0.12893929339124144,0.6225936044412047,0,3.0641973810931162,0
3,1,1,0.5846675979242371,0.07371457129774242,-1.2087978686788396,-0.8986478009060094,0.4655454008312965,0.5985811600780035,-0.11274757531883978,1.2687862996024153,1,2.2201652851928753,1
2,0,0,0.7984561723968405,1.5003421632231688,0.54297010653671,0.19757501951847864,-0.24183404765441607,-0.2673278193242962,0.6672418646091496,1.7918946718757762,0,1.9499746695062135,0
4,1,0,-0.6268009907538495,-0.6008922744964514,0.54297010653671,1.0559928894805115,-0.7646797269699428,-1.1332367987265959,-0.5192209454221582,-0.8544182702129908,0,-3.271555741331688,0
0,0,0,-0.7336952779901512,-0.8994887472250291,-0.15773708354950988,1.050192768737525,-0.0419224643867147,-0.9965143282946539,-0.3764059775480193,-0.7005628666031787,0,-2.1154056368325667,0
4,1,0,1.012244746869444,0.2285423719718197,0.54297010653671,-1.6352631352653215,1.0345245224393695,1.0315356497791535,0.8869571998001325,1.2380152188804527,1,4.191032590899109,1
5,1,0,0.9053504596331423,0.9916222467226292,1.24367729662293,0.7021855241583224,2.2186162079480622,1.487277217885627,0.8539998995214851,0.6841357658851296,0,5.2440290912403045,0
5,1,0,-0.4842752744387805,-0.5898331458768745,-1.2087978686788396,-0.2142335532335777,0.31176725985614157,0.028904199944911613,-0.431334811345765,-0.6082496244372915,0,-0.6989129759820033,0
2,1,0,1.1904018922632802,1.234923076353322,-1.2087978686788396,-1.0494509402236638,2.3723943489232173,0.6669423952939746,1.5461032053730814,0.3764249586655055,0,4.961864908255778,0
0,0,1,1.119139034105746,0.6266710022765899,0.54297010653671,-1.3220566151440392,-0.5647681437022414,-1.1104497203212722,1.2055444358270577,0.06871415144588143,1,-0.4009592767505744,1
0,1,0,-0.7693267070689185,-0.6230105317356054,1.24367729662293,1.6534053260081427,-0.48787907321466395,-0.6091339954041514,-0.9476658490445748,-0.4543942208274795,0,-2.4990731384908695,0
1,1,1,1.724873328444789,2.573077639322133,0.19261651149360004,-0.022829568715016294,0.38865633034371905,0.9859614929685061,2.348064178820169,0.5610514429972799,0,4.283733445129674,0
0,0,0,-0.23485527088740973,-0.1142906152350657,-1.5591514637219497,-1.4554593922327335,-0.6416572141898188,-0.8370047794573882,-0.6949932135749445,0.3764249586655055,0,-1.797230248556646,0
1,1,1,1.4041904667358838,1.887411664908362,0.8933237015798199,-0.7652450238173151,-0.4571234450196329,2.6038440597464874,1.4801886048157864,1.8226657525977386,1,5.449574972140379,1
3,1,1,0.6202990270030043,1.3012778480707838,0.8933237015798199,1.264797236228033,1.111413592926947,1.2366193554270666,1.2275159693461561,0.7149068466070919,0,4.290455764307262,0
2,1,0,1.297296179499582,1.4229282628861302,0.19261651149360004,-0.33023596809331185,1.4497255030722878,0.2339879055928247,0.8539998995214851,0.5302803622753175,1,3.0679936704619153,1
3,0,0,1.5467161830509528,0.7483214170919363,0.8933237015798199,0.49338117741080084,0.09647786249092472,0.14283959197153,2.128348843629186,0.007171990001956621,0,2.374838288093597,0
3,1,1,0.3352475943728663,-0.2912366731482969,1.24367729662293,1.4562012207465944,1.0960357788294317,0.006117121539587936,0.18386812718898718,0.007171990001956621,0,1.2931930175599635,0
1,1,1,1.5467161830509528,1.6219925780385154,-0.15773708354950988,-1.2930560114291056,2.556928118093403,3.0823727062582846,1.7328612402854169,2.0688343983734376,1,9.440996463010542,1
0,1,1,-1.4463238595654964,-1.2312626058123375,-0.15773708354950988,0.11637332911666473,-0.7800575410674583,-0.8370047794573882,-1.255267318311951,-1.1929001581545773,0,-4.065229796991375,0
3,0,1,-1.4819552886442635,-1.4192677923451458,1.5940308916660397,0.06417224242978434,-1.0568581948227371,-0.7914306226467408,-1.4530111199838356,-1.3775266424863517,0,-4.678826579939665,0
4,1,0,-1.0543781396990566,-0.8220748468879905,-1.2087978686788396,0.968991078335711,-0.9645913102376441,-0.7458564658360934,-0.9037227820063783,-1.1313579967106524,0,-3.745528554790768,0
5,0,1,-1.410692430486729,-1.319735634768953,1.5940308916660397,-0.04603005168696313,-0.6570350282873343,-0.9737272498893302,-1.2772388518310493,-1.3775266424863517,0,-4.285527772494065,0
0,0,1,-1.5888495758805652,-1.4192677923451458,-1.2087978686788396,-1.6294630145223348,-0.9030800538475822,-0.9509401714840066,-1.409068052945639,-1.3159844810424268,0,-4.579072759319654,0
4,1,1,1.4754533248934183,1.1464500473967065,-0.15773708354950988,1.7404071371529433,0.2963894457586261,1.2594064338323903,1.3483594037011968,2.4073162863150244,0,5.311471569607237,0
2,1,1,-0.5199067035175478,-0.25805928728956606,1.24367729662293,1.2415967532560863,0.17336693297850217,-0.19896658410832516,-0.5302067121817073,-0.269767736495705,0,-0.8255740998072354,0
5,1,1,-1.3394295723291945,-1.120671319616568,-0.15773708354950988,0.8993896294198704,-0.8261909833600047,-0.631921073809475,-1.1344238839569103,-0.946731512378878,0,-3.5392674535052677,0
5,0,1,0.9409818887119096,0.18430585749351192,1.5940308916660397,-0.0924310176308568,0.17336693297850217,-0.03945703527105942,0.9089287333192309,0.9303044116608288,0,1.9731430426875023,0
4,0,1,1.58234761212972,0.9252674750051675,0.54297010653671,-1.2756556492001454,2.3723943489232173,0.39349745443009043,1.0956867682315663,0.7149068466070919,1,4.576485418191966,1
2,1,1,-0.02106669641480624,0.2727788864501275,1.5940308916660397,-0.7826453860462752,-0.19570060536186962,0.05169127835023529,0.15091082691033975,0.06871415144588143,1,0.07561565134458685,1
0,1,0,-1.6244810049593326,-1.4745634354430304,-1.5591514637219497,-0.3998374170091524,-0.9492134961401286,-1.0193014066999775,-1.4530111199838356,-1.3159844810424268,0,-4.7375105038663685,0
1,0,1,1.154770463184513,1.8763525362887852,0.8933237015798199,1.2415967532560863,1.6957705286325355,-0.5179856817828566,1.5131459050944338,0.7764490080510168,0,3.4673797599951293,0
0,0,0,0.0858275908214955,0.30595627230885836,-0.8584442736357297,0.45278033220989383,-0.42636781682460195,-0.24454074091897252,-0.07979027504019233,-0.42362314010551705,0,-1.1743219728892837,0
2,1,1,1.5110847539721854,1.5335195490818998,0.19261651149360004,0.31937755512119953,0.06572223429589373,0.4162845328354141,1.6230035726899255,-0.023599090720005784,0,2.0814112491012278,0
3,1,0,-0.9831152815415221,-0.8552522327467212,-1.5591514637219497,0.4759808151818407,-0.14956716306932313,-0.5863469169988277,-0.8268224146895343,-0.8851893509349531,0,-2.4479258456926383,0
1,1,0,-1.6601124340380997,-1.5298590785409152,-0.8584442736357297,0.5513823848406679,-1.118369451212799,-1.0193014066999775,-1.5738545543388762,-1.5006109653742012,0,-5.212136377625853,0
3,1,0,-0.6624324198326168,-0.479241859681105,-1.2087978686788396,1.3517990473728339,-0.7493019128724273,-0.9053660146733592,-0.7059789803344937,-0.7313339473251411,0,-3.0919808552054215,0
5,1,1,1.5467161830509528,2.2302446521152475,0.8933237015798199,-1.7280650671531088,-0.5186347014096949,1.7151480019388639,2.4029930126179146,2.4380873670369865,1,6.03759368018407,1
1,0,0,-0.9831152815415221,-0.9437252617033369,-1.5591514637219497,-1.4090584262888397,-0.24183404765441607,-1.0876626419159485,-1.0025946828423207,-0.8544182702129908,1,-3.1865096426256763,0
5,1,0,-0.27048669996617697,-0.07005410075675791,0.19261651149360004,-1.7280650671531088,0.7731016827816063,-0.1533924272976778,-0.2885198434716261,0.037943070723919024,1,0.3691324827362214,1
0,0,1,0.40651045253040075,0.803617060189821,1.24367729662293,1.5838038770923022,1.265191733902102,0.37071037602476675,0.07401045959349571,0.9918465731047537,0,2.701759142625118,0
0,1,1,0.7628247433180733,0.5160797160808204,0.19261651149360004,0.33677791735015966,0.8038573109766373,0.712516552104622,1.084701001472017,0.7149068466070919,0,3.315981711160368,0
5,0,1,-0.9474838524627548,-0.711483560692221,1.24367729662293,1.607004360064249,-0.7185462846773962,-0.4724115249722093,-0.88175124848728,-1.1929001581545773,0,-3.265609216291463,0
3,1,0,-0.7693267070689185,-0.9769026475620677,-0.5080906785926198,0.2787767099202926,-0.6262794000923033,-0.3584761329455909,-0.8268224146895343,-1.10058691598869,0,-2.912164863716119,0
1,0,0,-1.3037981432504273,-1.0985530623774142,0.19261651149360004,0.7543866108452028,-0.7031684705798807,-1.1332367987265959,-1.255267318311951,-1.3159844810424268,0,-4.407657068660854,0
4,1,1,-1.0187467106202892,-0.7667792037901057,0.54297010653671,0.7949874560461097,-0.25721186175193156,-0.49519860337753296,-0.7609078141322394,-1.10058691598869,0,-2.613905195250394,0
2,0,1,-1.5175867177230307,-1.319735634768953,-0.15773708354950988,-0.0924310176308568,-1.14912507940783,-1.0876626419159485,-1.4310395864647374,-1.3159844810424268,1,-4.983811788830943,1
0,0,0,-1.5888495758805652,-1.4856225640626073,-1.5591514637219497,0.12217344985965144,-1.087613823017768,-1.0420884851053012,-1.4420253532242866,-1.469839884652239,0,-5.041567545999595,0
4,0,1,-1.553218146801798,-1.3750312778668379,0.8933237015798199,-0.09823113837384351,-0.9799691243351596,-0.8597918578627118,-1.5079399537815814,-1.4390688039302764,0,-4.7867697399097295,0
2,1,0,1.1904018922632802,1.1906865618750142,0.8933237015798199,0.12217344985965144,0.17336693297850217,1.920231707586777,2.0184911760336948,-0.23899665577374263,0,3.8730931608252317,0
2,1,0,0.727193314239306,0.7040849026136285,0.8933237015798199,0.05837212168679763,-0.25721186175193156,1.6239996883175691,-0.10176180855929062,1.3303284610463402,0,2.5953544790526872,0
4,0,0,0.12145901990026277,0.06265544267816547,1.24367729662293,-0.8580469557051024,0.9576354519517922,-0.5407727601881803,0.15091082691033975,0.4995092815533551,1,1.0672828002273067,1
5,0,0,-0.4842752744387805,-0.8663113613662983,1.24367729662293,-1.5134605996626005,0.2810116316611106,-1.1104497203212722,-0.13471910883793806,0.09948523216784384,1,-0.8646719653302557,1
3,0,1,0.050196161742728264,0.0073597995802807325,0.8933237015798199,0.290376951406266,-0.9492134961401286,0.1656266703768537,-0.17866217587613464,-0.269767736495705,0,-1.2320167381351146,0
4,1,1,-1.7313752921956342,-1.596213850258377,-0.15773708354950988,0.4179796077519736,-1.118369451212799,-1.0876626419159485,-1.628783388136622,-1.4390688039302764,0,-5.273884285195646,0
3,0,0,-1.6244810049593326,-1.563036464399646,1.5940308916660397,-0.5738410392987536,-1.0261025666277062,-0.9509401714840066,-1.562868787579327,-1.469839884652239,1,-5.009751410343279,1
2,1,1,-1.1612724269353583,-1.0432574192795294,-1.2087978686788396,1.2125961495411528,-0.9645913102376441,-0.7002823090254461,-0.9696373825636732,-0.7928761087690659,0,-3.4273871105958293,0
5,0,1,1.4754533248934183,1.5777560635602075,-0.5080906785926198,-1.6352631352653215,1.6188814581449582,0.21120082718750102,2.051448476312342,0.13025631288980624,1,4.011787074534608,1
4,1,0,-1.4819552886442635,-1.3086765061493761,-0.15773708354950988,0.28457683066327927,-1.14912507940783,-1.0420884851053012,-1.4639968867433848,-1.1621290774326147,0,-4.81733952868913,0
3,1,0,0.869719030554375,1.4561056487448611,0.19261651149360004,-1.3510572188589727,0.2656338175635951,1.4417030610749797,0.8320283660023868,0.6225936044412047,1,3.1619588490821666,1
5,1,0,-0.7336952779901512,-0.36865057348533553,-0.8584442736357297,1.4330007377746476,0.1118556765884402,-0.631921073809475,-0.88175124848728,-0.8236471894910283,0,-2.2254638351993434,0
5,0,0,0.727193314239306,0.4165475585046278,0.19261651149360004,-1.3916580640598797,0.49630102902632744,-0.8825789362680355,0.5134411299754615,1.0841598152706409,1,1.2113230380043944,1
1,0,1,-0.555538132596315,-0.8773704899858752,-1.5591514637219497,1.5374029111484084,-0.5186347014096949,-0.40405028975623825,-0.354434444028921,-0.23899665577374263,0,-1.516116090968597,0
4,1,0,-0.05669812549357349,0.4054884298850509,0.8933237015798199,1.624404722293209,-0.5032568873121794,-0.0622441136763831,-0.2116194761547821,-0.7313339473251411,0,-1.5084544244684857,0
1,0,0,-0.3417495581237115,-0.7446609465509518,1.5940308916660397,0.04677188020082421,-0.9338356820426131,0.6897294736992983,-0.5631640124603547,-0.1774544943298178,0,-0.9847247151334875,0
0,0,1,-1.5175867177230307,-1.4413860495842996,-0.8584442736357297,0.928390233134804,-1.1029916371152835,-1.1104497203212722,-1.485968420262483,-1.3467555617643892,0,-5.046165339463428,0
3,0,1,-1.1969038560141254,-1.164907834094876,0.19261651149360004,-1.2466550454852119,-0.9184578679450977,-0.8370047794573882,-1.090480816918714,-1.0082736738228029,1,-3.8542171381440027,1
0,0,1,0.37087902345163354,0.9031492177660136,0.19261651149360004,-0.7072438163874479,-0.5647681437022414,-0.6091339954041514,0.2827400280249295,-0.023599090720005784,1,-0.9147612018014689,1
1,0,1,-1.0543781396990566,-0.8220748468879905,0.8933237015798199,-1.583062048578441,-0.3802343745320555,-1.0193014066999775,-1.1454096507164595,-0.8236471894910283,1,-3.3685926214395208,1
0,0,0,-0.698063848911384,-0.6451287889747592,-0.8584442736357297,0.36577852106509323,-0.9492134961401286,-0.8142177010520645,-0.7718935808917886,-0.3620809786615922,0,-2.8974057567455738,0
2,1,1,-1.1969038560141254,-1.2865582489102223,1.5940308916660397,0.5397821433546945,-0.8108131692624893,-0.8142177010520645,-1.1344238839569103,-1.0082736738228029,0,-3.7677284280942667,0
3,0,0,-1.1969038560141254,-1.0764348051382602,-0.8584442736357297,0.6383841959854686,-0.41099000272708647,-0.9737272498893302,-1.0245662163614189,-1.0082736738228029,0,-3.4175571428006384,0
4,1,1,-0.37738098720247876,-0.07005410075675791,-0.8584442736357297,0.6441843167284552,-0.7800575410674583,0.1656266703768537,-0.4642921116244125,-0.269767736495705,0,-1.348490718810722,0
5,0,0,0.19272187805779725,0.3612519154067431,-0.5080906785926198,-1.2408549247422251,0.5885679136114204,0.39349745443009043,-0.42034904458621586,0.19179847433373107,1,0.753514797789026,1
4,0,1,-0.413012416281246,-0.3575914448657586,-0.15773708354950988,1.4794017037185414,0.41941195853875,-0.22175366251364884,-0.5411924789412564,-0.6697917858812164,0,-1.0133259687973717,0
4,0,1,0.37087902345163354,0.018418928199857684,0.54297010653671,-0.1562323458037106,-0.9799691243351596,1.1226839634004482,-0.20063370939523295,1.0533887345486783,0,0.995469864218734,0
0,0,1,-1.410692430486729,-1.363972149247261,1.24367729662293,-0.9798494913078233,-1.0722360089202525,-1.0648755635106248,-1.1893527177546561,-1.10058691598869,1,-4.427051206174223,1
2,0,0,0.15709044897903002,-0.03687671489802706,-0.5080906785926198,-1.3684575810879327,0.8499907532691837,-0.10781827048703045,-0.27753407671207697,-0.14668341360785542,1,0.3179549924622209,1
4,0,1,-1.410692430486729,-1.2754991202906454,0.54297010653671,0.6441843167284552,-0.7646797269699428,-1.0193014066999775,-1.2662530850715001,-1.3467555617643892,0,-4.396989780505809,0
4,1,1,-1.6601124340380997,-1.574095593019223,1.5940308916660397,0.9921915613076578,-0.9953469384326751,-1.0193014066999775,-1.485968420262483,-1.3775266424863517,0,-4.878143407881487,0
3,0,0,1.4754533248934183,2.351895066930594,1.24367729662293,0.4005792455230135,-0.6724128423848498,1.7607221587495112,1.7328612402854169,2.253460882705212,0,5.07463143935529,0
4,1,1,1.5110847539721854,1.3676326197882456,1.24367729662293,-1.5192607204055872,2.1571049515580003,-1.0193014066999775,2.172291910667383,0.4995092815533551,1,3.8096047370787605,1
1,0,0,-1.410692430486729,-1.2865582489102223,-0.5080906785926198,-0.2200336739765644,-0.7954353551649738,-0.8597918578627118,-1.3101961521096968,-1.3775266424863517,0,-4.342950007623735,0
3,1,0,0.19272187805779725,0.39442930126547393,-1.5591514637219497,0.9805913198216843,0.08110004839340923,0.7353036305099456,0.23879696098673292,-0.05437017144196819,0,1.0008304684481195,0
0,0,1,0.442141881609168,0.7040849026136285,-0.5080906785926198,0.1685744158035451,-1.0568581948227371,-0.3584761329455909,0.7551279986855428,0.06871415144588143,0,-0.5914921776369039,0
3,0,0,1.3329276085783492,0.32807452954801225,-0.8584442736357297,0.5745828678126147,-0.16494497716683862,-0.6547081522147987,0.37062616210132265,1.3610995417683025,0,0.9120725744879878,0
0,1,0,1.1904018922632802,0.6266710022765899,1.5940308916660397,-0.057630293172936546,-0.36485656043454,0.8948131793472114,1.8646904414000065,1.7918946718757762,0,4.186541732188454,0
3,0,1,-1.2325352850928928,-1.0432574192795294,-1.2087978686788396,0.6209838337565085,-0.6416572141898188,-0.5179856817828566,-0.9806231493232224,-0.8236471894910283,0,-2.963913234786926,0
3,1,1,-0.1992238418086425,-0.4128870879636433,-0.5080906785926198,-1.2118543210272916,0.15798911888098668,0.4162845328354141,-0.574149779219904,-0.14668341360785542,1,-0.1465595411113586,1
5,1,0,0.5134047397667025,0.37231104402632004,-1.2087978686788396,1.688206050466063,0.9422576378542767,-0.38126321135091457,0.9309002668383292,0.6533646851631671,0,2.145259378504859,0
3,0,1,1.58234761212972,0.604552745037436,-1.5591514637219497,0.7601867315881894,0.9115020096592457,-0.2673278193242962,0.6123130308114039,1.2995573803243776,0,2.556044601470731,0
3,1,0,-0.127960983651108,0.17324672887393497,0.19261651149360004,1.0153920442796047,-0.5340125155072104,-0.7458564658360934,0.23879696098673292,-0.4543942208274795,0,-1.4954662411840505,0
5,0,1,1.6179790412084873,1.909529922147516,-1.5591514637219497,1.7230067749239832,-0.6109015859947878,2.3759732756932506,1.2824448031439017,0.3764249586655055,0,3.4239414515078694,0
5,0,0,1.0478761759482114,1.2791595908316298,1.5940308916660397,1.125594338396352,0.08110004839340923,2.216463726855985,1.6230035726899255,0.868762250216904,0,4.789329598156224,0
2,0,0,0.9409818887119096,0.17324672887393497,-0.8584442736357297,-0.2606345191774714,0.8346129391716682,-0.4724115249722093,0.3266830950631261,1.0841598152706409,0,1.773044324533226,0
1,1,1,-0.5199067035175478,-0.5345375027789898,0.19261651149360004,-0.37083681329421886,-0.10343372077677666,-1.0193014066999775,-0.32147714375027353,-0.7005628666031787,1,-2.144775137830206,1
2,1,0,-1.553218146801798,-1.4856225640626073,-0.15773708354950988,1.3865997718307541,-1.1337472653103144,-0.9737272498893302,-1.4420253532242866,-1.254442319598502,0,-4.8039421880224324,0
0,0,1,-1.3037981432504273,-1.1096121909969912,-0.8584442736357297,1.6824059297230762,-0.5186347014096949,-0.7002823090254461,-1.090480816918714,-0.946731512378878,0,-3.256129339732733,0
1,0,1,1.2616647504208147,1.4118691342665532,1.5940308916660397,-1.0726514231956106,0.7269682404890598,2.2392508052613085,1.3154021034225494,0.8995333309388663,1,5.181154480111784,1
4,0,0,-0.127960983651108,0.06265544267816547,-1.2087978686788396,1.5548032733773687,-0.6416572141898188,-0.563559838593504,-0.1457048755974872,-0.05437017144196819,0,-1.4052920998227783,0
3,0,1,-0.7693267070689185,-1.0321982906599525,0.19261651149360004,-1.4322589092607867,0.1426113047834712,-0.5407727601881803,-0.5521782457008056,-0.5774785437153291,1,-1.527818244820844,1
4,1,0,1.4041904667358838,1.5335195490818998,0.8933237015798199,-0.057630293172936546,-0.44174563092211744,2.421547432503898,1.5461032053730814,2.253460882705212,0,5.779365889660074,0
5,0,1,-1.6244810049593326,-1.574095593019223,1.24367729662293,0.1047730876306913,-0.9338356820426131,-0.9965143282946539,-1.5299114873006796,-1.408297723208314,0,-4.868559220846261,0
2,1,1,-1.553218146801798,-1.4856225640626073,-0.15773708354950988,-0.3534364510652587,-0.9338356820426131,-0.9053660146733592,-1.4530111199838356,-1.254442319598502,1,-4.54665513629831,1
0,0,0,0.6202990270030043,1.3123369766903608,-1.2087978686788396,-0.9914497327937967,1.4804811312673187,0.5985811600780035,0.6892133981282479,1.3610995417683025,0,4.129375231241873,0
2,0,0,-1.1612724269353583,-1.1538487054752988,-0.5080906785926198,1.1139940969103788,-0.4571234450196329,-0.8597918578627118,-1.2113242512737543,-0.8544182702129908,0,-3.3826578243690895,0
0,1,0,0.3352475943728663,-0.30229580176787385,-1.5591514637219497,0.04677188020082421,-0.6877906564823653,-0.6547081522147987,0.3047115615440278,0.5610514429972799,0,-0.47673580415585604,0
4,0,1,0.12145901990026277,0.7040849026136285,0.54297010653671,-0.2606345191774714,-0.48787907321466395,-0.7914306226467408,-0.09077604179974148,0.7764490080510168,0,-0.5936367296101294,0
5,0,1,1.1904018922632802,0.26171975783055057,0.19261651149360004,0.11637332911666473,1.20368047751204,1.9658058643974243,1.1945586690675087,0.25334063577765586,0,4.617385646754629,0
0,0,0,0.8340876014756078,0.6377301308961668,-0.8584442736357297,0.20337514026146536,1.2498139198045866,2.056954178018719,0.6452703310900514,0.6841357658851296,0,4.636174194798487,0
2,0,0,-0.6624324198326168,-0.2912366731482969,-0.15773708354950988,-0.8290463519901689,-0.2110784194593851,-0.6774952306201224,-0.7609078141322394,-0.20822557505178022,1,-1.8577070392635273,1
1,0,1,0.12145901990026277,0.6930257739940515,-0.5080906785926198,-1.4496592714897467,-0.7493019128724273,-0.9053660146733592,0.5024553632159124,0.5610514429972799,1,-0.591161121332594,1
5,0,1,-1.4463238595654964,-1.3971495351059917,0.54297010653671,1.6534053260081427,-0.8108131692624893,-1.1104497203212722,-1.409068052945639,-1.1929001581545773,0,-4.523231100683978,0
0,0,0,-0.23485527088740973,-0.047935843517604014,0.8933237015798199,0.2207755024904255,-0.5340125155072104,-0.5179856817828566,-0.07979027504019233,-0.7005628666031787,0,-1.8323513389334383,0
1,0,1,-0.4486438453600132,-0.5124192455398359,0.19261651149360004,0.6383841959854686,-0.8723244256525512,0.2795620624034721,-0.2885198434716261,-0.7621050280471036,0,-1.6433872347678087,0
3,1,1,0.37087902345163354,0.6377301308961668,1.24367729662293,-0.7536447823313417,-1.0722360089202525,0.8036648657259167,0.31569732830357694,0.7764490080510168,1,0.823575193160258,1
5,1,1,0.15709044897903002,0.23960150059139665,0.8933237015798199,1.589603997835289,-0.9953469384326751,-0.4724115249722093,-0.15669064235703636,0.8995333309388663,0,-0.7249157748230545,0
5,1,1,-1.6244810049593326,-1.4745634354430304,1.24367729662293,-1.0958519061675576,-0.9953469384326751,-1.0193014066999775,-1.5189257205411306,-1.469839884652239,1,-5.003413950326022,1
0,1,1,-1.695743863116867,-1.551977335780069,-1.5591514637219497,-0.6840433334155012,-1.118369451212799,-1.1104497203212722,-1.5408972540602288,-1.408297723208314,0,-5.178014148802614,0
1,0,1,0.40651045253040075,0.19536498611308886,-1.5591514637219497,-1.182853717312358,0.48092321492881196,0.5757940816726799,0.9418860335978783,0.8072200887729791,1,2.805823418972349,1
0,1,0,-1.695743863116867,-1.574095593019223,1.5940308916660397,-0.9508488875928898,-1.14912507940783,-1.0420884851053012,-1.5958260878579746,-1.469839884652239,1,-5.2568795370233445,1
0,1,1,0.6559304560817715,0.7704396743310902,1.5940308916660397,-1.722264946410122,0.9422576378542767,-0.08503119208170677,0.7551279986855428,0.5918225237192424,1,2.204176968177355,1
4,0,0,-0.4842752744387805,-0.4128870879636433,0.19261651149360004,0.7427863693592293,-0.5032568873121794,0.18841374878217737,-0.8597797149681817,-0.8236471894910283,0,-1.998270042989212,0
3,1,1,1.3329276085783492,1.489283034603592,-0.15773708354950988,1.0153920442796047,-0.3494787463370245,0.006117121539587936,1.8537046746404575,1.4226417032122274,0,2.9329847530552486,0
5,0,1,1.119139034105746,0.9252674750051675,0.19261651149360004,-1.1480529928544378,1.172924849317009,-0.7914306226467408,1.007800634155173,0.25334063577765586,1,1.6426354966030972,1
1,1,1,1.4754533248934183,1.8099977645713234,1.24367729662293,0.5687827470696281,-0.33410093223950904,0.2567749839981484,0.5793557305327565,1.022617653826716,0,1.5246474361181117,0
0,1,0,-0.9474838524627548,-0.8110157182684135,0.54297010653671,0.3773787625510666,-0.3494787463370245,-0.4724115249722093,-0.9806231493232224,-0.6390207051592539,0,-2.4415341257917103,0
4,1,0,-0.3417495581237115,-0.1806453869525274,1.24367729662293,-0.6376423674716074,-0.42636781682460195,0.2795620624034721,-0.13471910883793806,-0.9159604316569155,1,-1.1974852949159835,1
1,0,0,1.0478761759482114,1.8542342790496311,0.19261651149360004,-0.5564406770697935,2.510794675800857,-0.7914306226467408,0.7661137654450919,0.3148827972215807,1,2.8003606158207885,1
3,1,1,-0.5199067035175478,-0.7225426893117979,-0.5080906785926198,1.1023938554244053,-0.31872311814199356,0.21120082718750102,-0.585135545979453,0.06871415144588143,0,-0.6239436854880641,0
1,1,1,-1.553218146801798,-1.3750312778668379,1.5940308916660397,0.4005792455230135,-1.1337472653103144,-0.9053660146733592,-1.3761107526669916,-1.3775266424863517,0,-4.792750675137016,0
4,1,0,1.154770463184513,1.7215247356147079,-0.8584442736357297,-1.2698555284571587,2.1878605797530315,-0.6091339954041514,1.2714590363843528,-0.115912332885893,1,2.7342732878473397,1
0,0,1,0.0858275908214955,-0.014758457658873165,-1.5591514637219497,1.7404071371529433,-0.8877022397500667,-0.6547081522147987,0.6452703310900514,0.25334063577765586,0,-0.643799425097158,0
4,0,0,1.154770463184513,1.0800952756792448,0.8933237015798199,-0.5448404355838201,1.2190582916095556,0.14283959197153,1.2714590363843528,0.6225936044412047,1,3.255950524406643,1
3,1,1,-0.9118524233839875,-0.700424432072644,0.19261651149360004,-0.3592365718082454,-0.395612188629571,-0.7230693874307698,-0.6620359132962971,-0.5159363822714043,1,-2.2966538716280422,1
3,0,1,0.12145901990026277,-0.08111322937633486,-0.5080906785926198,0.44698021146690714,0.5424344713188739,0.6669423952939746,0.6232987975709531,-0.5774785437153291,0,1.2551971204684722,0
4,0,0,-1.2325352850928928,-1.131730448236145,-0.5080906785926198,0.49338117741080084,-0.6570350282873343,-0.6774952306201224,-1.244281551552402,-1.0698158352667275,0,-3.6486276457265863,0
2,1,0,-0.9474838524627548,-0.9879617761816447,0.19261651149360004,1.508402307433475,-0.395612188629571,-0.2901148977296199,-0.6180928462581005,-1.1929001581545773,0,-2.4967200907718685,0
5,1,0,0.442141881609168,-0.03687671489802706,-0.8584442736357297,0.04677188020082421,1.3267029902921639,1.2594064338323903,0.7331564651664445,0.13025631288980624,0,3.449522202180805,0
4,0,1,-0.9118524233839875,-1.0874939337578373,-0.15773708354950988,-0.347636330322272,-0.7954353551649738,-0.49519860337753296,-0.88175124848728,-1.0082736738228029,1,-3.1806588808525897,1
0,0,1,0.869719030554375,0.18430585749351192,0.8933237015798199,-0.626042125985634,2.1571049515580003,-0.03945703527105942,1.1286440685102137,1.8842079140416634,1,5.130499898838818,1
3,1,0,-0.7693267070689185,-0.7336018179313748,0.54297010653671,1.3575991681158204,-0.9645913102376441,-0.10781827048703045,-0.6949932135749445,-0.9775025931008403,0,-2.7449053874004594,0
3,0,1,-1.4463238595654964,-1.2865582489102223,0.8933237015798199,1.3575991681158204,-1.0261025666277062,-0.7458564658360934,-1.332167685628795,-1.3159844810424268,0,-4.420111199135021,0
2,0,1,1.2616647504208147,1.5114012918427457,-0.5080906785926198,1.6824059297230762,2.4339056053132793,0.21120082718750102,0.6672418646091496,0.6841357658851296,0,3.996484062995059,0
1,1,0,-1.695743863116867,-1.551977335780069,0.19261651149360004,-0.9102480423919828,-1.0568581948227371,-1.0420884851053012,-1.5299114873006796,-1.469839884652239,1,-5.098698051880957,1
5,1,0,-0.9831152815415221,-1.0432574192795294,1.24367729662293,-1.5714618070924675,-0.28796748994696253,-0.38126321135091457,-1.1234381171973613,-0.7005628666031787,1,-2.493231685098417,1
2,1,1,-0.9474838524627548,-1.0764348051382602,0.19261651149360004,0.8065876975320831,-1.1029916371152835,-0.563559838593504,-1.112452350437812,-0.6082496244372915,0,-3.387253450583891,0
5,0,1,1.6892418993660219,1.6772882211364,-0.8584442736357297,1.549003152634382,2.049460252875392,2.5126957461251926,1.6559608729685729,0.8072200887729791,0,7.025336960742136,0
2,1,0,1.0835076050269785,1.0690361470596679,-0.8584442736357297,-1.6990644634381753,-1.118369451212799,-0.22175366251364884,1.754832773804515,1.699581429709889,1,2.1142910897879563,1
3,0,0,0.5846675979242371,0.04053718543901158,1.24367729662293,-0.626042125985634,-0.8261909833600047,-0.6774952306201224,1.2275159693461561,1.3610995417683025,1,1.0849292971343316,1
1,1,1,1.1904018922632802,1.057977018440091,1.24367729662293,0.5687827470696281,2.3877721630207325,1.8746575507761296,1.9306050419573015,2.22268980198325,0,8.415724557737414,0
2,0,0,-1.7313752921956342,-1.596213850258377,-0.5080906785926198,1.4562012207465944,-1.087613823017768,-1.0876626419159485,-1.5738545543388762,-1.469839884652239,0,-5.2189709039248315,0
2,0,0,-0.127960983651108,-0.2912366731482969,0.54297010653671,-1.304656252915079,-0.9492134961401286,0.30234914080879577,-0.5521782457008056,0.13025631288980624,1,-1.0687862881423325,1
0,0,1,-0.27048669996617697,-0.09217235799591181,0.54297010653671,0.006171034999917252,-0.5647681437022414,-0.9281530930786829,0.17288236042943803,0.22256955505569345,0,-1.0974693212957927,0
4,1,0,-1.0187467106202892,-0.8994887472250291,1.5940308916660397,0.9051897501628572,-0.5955237718972723,-0.24454074091897252,-1.035551983120968,-1.1621290774326147,0,-3.0377455733698278,0
4,0,1,1.2616647504208147,0.4497249443633587,-1.2087978686788396,1.5548032733773687,1.9879489964853299,-0.7914306226467408,1.9415908087168505,1.3303284610463402,0,4.46843764360178,0
4,0,1,-1.0900095687778237,-0.8773704899858752,-0.15773708354950988,1.3807996510877674,-0.7646797269699428,-1.0648755635106248,-0.8268224146895343,-1.2236712388765396,0,-3.8800489440466412,0
4,1,1,-0.30611812904494423,0.08477369991731938,0.54297010653671,-1.304656252915079,-0.0419224643867147,0.6669423952939746,0.1179535266316923,-0.6082496244372915,1,0.1347238331016608,1
0,1,1,0.01456473266396101,-0.2912366731482969,1.24367729662293,1.0327924065085647,-0.6416572141898188,-0.9053660146733592,-0.03584720800199575,-0.5467074629933667,0,-2.1295778998585404,0
2,0,1,-0.3417495581237115,-0.4350053452027972,-0.8584442736357297,-0.9160481631349695,0.7269682404890598,-0.19896658410832516,-0.5631640124603547,-0.14668341360785542,1,-0.18184576968747546,1
1,0,1,1.724873328444789,2.6947280541374794,0.19261651149360004,1.206796028798166,0.6654569840989979,-0.2901148977296199,1.6559608729685729,2.6227138513687613,0,4.654016810706713,0
1,1,1,-0.6624324198326168,-0.6783061748334901,1.5940308916660397,-1.3220566151440392,-0.7339240987749118,-0.49519860337753296,-0.8707654817277308,-0.3620809786615922,1,-2.4619691625417683,1
2,0,0,0.15709044897903002,0.4276066871242048,-1.2087978686788396,-0.017029447972029585,-0.9799691243351596,-0.22175366251364884,0.39259769562042096,0.09948523216784384,0,-0.7096398590605437,0
0,0,1,0.9766133177906767,1.5445786777014767,1.5940308916660397,-0.9566490083358764,2.0955936951679384,1.8290833939654823,0.23879696098673292,1.4534127839341897,1,5.616886834054343,1
3,0,1,-0.5911695616750823,-0.6008922744964514,1.5940308916660397,0.7427863693592293,-0.9184578679450977,-0.7914306226467408,-0.8597797149681817,-0.7928761087690659,0,-3.362544314329086,0
4,0,1,1.012244746869444,1.1906865618750142,0.54297010653671,-1.3162564944010524,0.5270566572213584,2.12531541323469,1.3813167039798442,0.8072200887729791,1,4.840908863208872,1
3,0,1,1.3685590376571166,0.37231104402632004,-0.15773708354950988,-1.3510572188589727,-0.2110784194593851,-1.1332367987265959,1.8537046746404575,1.6380392682659641,1,2.1474287247204407,1
2,0,0,0.7984561723968405,0.4386658157437818,0.54297010653671,-0.2780348814064315,-0.8415687974575202,1.920231707586777,0.18386812718898718,-0.30053881721766745,0,0.9619922201005766,0
4,1,1,-0.6268009907538495,-0.501360116920259,-0.5080906785926198,-0.7826453860462752,-1.0722360089202525,-0.13060534889235412,-0.8597797149681817,-0.6697917858812164,1,-2.7324128586620047,1
4,0,1,-0.7693267070689185,-0.5124192455398359,-0.5080906785926198,0.04097175945783751,-0.4725012591171484,0.12005251356620632,-0.8268224146895343,-0.3620809786615922,0,-1.5413521389020686,0
2,0,1,-1.6244810049593326,-1.5298590785409152,-1.2087978686788396,-1.00304997427977,-0.9338356820426131,-1.0193014066999775,-1.4639968867433848,-1.3467555617643892,1,-4.763889537250364,1
3,1,0,0.7628247433180733,0.6709075167548977,-1.2087978686788396,0.6441843167284552,0.5116788431238429,-0.17617950570300148,1.073715234712468,0.22256955505569345,0,1.631784127189003,0
3,1,0,1.154770463184513,0.9916222467226292,0.54297010653671,1.2937978399429666,-0.24183404765441607,-0.9737272498893302,0.9748433338765258,0.8379911694949416,0,0.5972732058277211,0
1,1,1,1.297296179499582,0.593493616417859,-0.8584442736357297,-0.4462383829530461,1.8187930414126594,0.34792329761944313,0.9418860335978783,-0.05437017144196819,1,3.0542322011880123,1
4,1,1,0.727193314239306,1.4118691342665532,-0.15773708354950988,-1.5772619278354543,0.23487818936856414,1.920231707586777,1.2494875028652543,0.8379911694949416,1,4.2425885693155365,1
3,0,1,1.6892418993660219,1.445046520125284,0.19261651149360004,0.7021855241583224,1.2805695479996175,0.34792329761944313,0.7441422319259936,1.4226417032122274,0,3.7952767807572814,0
0,0,1,0.6559304560817715,0.2064241147326658,1.5940308916660397,-0.0054292064860561665,1.6342592722424736,1.0087485713738298,1.2604732696248035,-0.20822557505178022,0,3.695255538189327,0
0,1,0,-0.9474838524627548,-1.120671319616568,0.54297010653671,-0.11563150060280364,-0.24183404765441607,-0.13060534889235412,-1.0575235166400663,-0.5467074629933667,0,-1.9766703761802034,0
1,1,1,-1.0543781396990566,-1.131730448236145,-0.15773708354950988,0.8355883012470167,-1.118369451212799,-0.6774952306201224,-1.0685092833996155,-1.2236712388765396,0,-4.0880452041090765,0
2,0,1,0.7628247433180733,0.9695039894834753,-1.2087978686788396,-0.23743403620552453,-0.5032568873121794,1.6467867667228928,0.29372579478447863,1.7918946718757762,0,3.229150346070968,0
2,0,0,-0.16359241272987524,-0.1806453869525274,0.8933237015798199,-0.07503065540189667,0.03496660610086275,0.21120082718750102,-0.4972494119030599,0.007171990001956621,0,-0.2439099886127395,0
5,0,1,1.724873328444789,1.8431751504300542,1.24367729662293,1.2589971154850463,2.4492834194107944,-0.9737272498893302,1.9196192751977523,2.007292236929513,0,5.402467681648729,0
4,1,1,-1.695743863116867,-1.563036464399646,1.5940308916660397,0.31937755512119953,-1.14912507940783,-1.1104497203212722,-1.5408972540602288,-1.408297723208314,0,-5.208769776997645,0
5,0,1,0.6559304560817715,0.9695039894834753,-0.8584442736357297,-1.2640554077141721,1.4804811312673187,0.4390716112407378,0.7001991648877971,1.2072441381584904,1,3.8269960455543437,1
2,0,1,-1.1969038560141254,-1.1980852199536067,-0.8584442736357297,0.9573908368497376,-0.3802343745320555,-0.7914306226467408,-1.2882246185905983,-1.254442319598502,0,-3.7143319353678965,0
2,0,1,-0.23485527088740973,-0.5677148886377206,1.5940308916660397,-0.48683922815395303,-0.011166836191683719,0.5985811600780035,-0.32147714375027353,0.037943070723919024,1,0.30388025085996534,1
4,1,1,-0.27048669996617697,-0.014758457658873165,-0.5080906785926198,-1.2582552869711854,-0.42636781682460195,-1.1104497203212722,-0.6730216800558463,-0.023599090720005784,1,-2.233438307921726,1
2,1,0,-0.4842752744387805,-0.1142906152350657,-0.8584442736357297,0.19177489877549195,-1.0261025666277062,-1.0876626419159485,-0.42034904458621586,-0.4851653015494419,0,-3.0192795546793123,0
1,0,0,0.299616165294099,0.0073597995802807325,-1.5591514637219497,-0.307035485121365,1.4804811312673187,-0.6774952306201224,-0.046832974761544896,-0.42362314010551705,1,0.33252978578013437,1
5,1,1,1.2616647504208147,1.234923076353322,-0.15773708354950988,1.4098002548027009,2.4339056053132793,1.0998968849951245,0.3266830950631261,1.945750075485588,0,5.8062356608571175,0
3,1,1,-0.5911695616750823,-0.21382277281125825,-0.5080906785926198,1.0617930102234983,-0.14956716306932313,-1.0648755635106248,-0.23359100967388038,-0.023599090720005784,0,-1.4716328269738344,0
3,1,1,-1.4463238595654964,-1.319735634768953,0.54297010653671,1.1023938554244053,-0.8569466115550357,-1.1104497203212722,-1.2662530850715001,-1.1929001581545773,0,-4.426549575102385,0
1,1,1,-0.23485527088740973,-0.10323148661548875,0.8933237015798199,-1.1074521476535308,0.8038573109766373,-0.8370047794573882,-0.27753407671207697,-0.14668341360785542,1,-0.4573649588006833,1
0,1,0,-0.5199067035175478,-0.8110157182684135,0.54297010653671,-1.2988561321720924,0.3579007021486881,0.4390716112407378,-0.354434444028921,-0.6082496244372915,1,-0.1657117550767866,1
3,1,0,-1.3037981432504273,-1.3750312778668379,-0.5080906785926198,0.14537393283159827,-0.6724128423848498,-0.7230693874307698,-1.2882246185905983,-1.2236712388765396,0,-3.9073780872827575,0
0,1,0,0.0858275908214955,-0.4681827310615281,1.24367729662293,0.6209838337565085,0.8346129391716682,-0.5407727601881803,-0.2665483099525278,0.8072200887729791,0,0.8345119578039393,0
3,0,1,1.5467161830509528,0.593493616417859,-0.8584442736357297,0.26137634769133244,1.5266145735598653,1.8290833939654823,1.0297721676742715,1.6072681875440018,0,5.992738322743621,0
4,1,1,0.5490361688454698,0.7704396743310902,-0.8584442736357297,1.665005567494116,-0.5955237718972723,-0.3356890545402672,0.5134411299754615,-0.08514125216393059,0,-0.5029129486260087,0
5,0,0,1.6892418993660219,2.4846046103655173,1.24367729662293,-1.6294630145223348,1.803415227315144,0.028904199944911613,0.5244268967350108,0.037943070723919024,1,2.3946893947189856,1
1,1,0,-1.125640997856591,-1.131730448236145,1.5940308916660397,0.2729765891773059,-0.5186347014096949,-0.6547081522147987,-0.9147085487659274,-1.0082736738228029,0,-3.096325076213224,0
2,1,1,0.26398473621533175,0.814676188809398,-0.8584442736357297,1.6708056882371027,0.6808347981965134,-0.5407727601881803,0.2168254274676346,-0.05437017144196819,0,0.30251729403399946,0
2,1,0,-0.698063848911384,-0.5234783741594128,-0.15773708354950988,-1.043650819480677,-0.08805590667926116,0.21120082718750102,-0.5631640124603547,-0.4543942208274795,1,-0.8944133127795943,1
0,0,0,0.6202990270030043,0.3612519154067431,-1.5591514637219497,1.108193976167392,-0.5340125155072104,-0.9281530930786829,0.5573841970136582,1.5149549453781146,0,0.6101735338058794,0
5,1,0,-0.16359241272987524,0.11795108577605022,0.19261651149360004,1.688206050466063,-0.24183404765441607,-0.8597918578627118,-0.4752778783839616,-0.39285205938355466,0,-1.9697558432846443,0
2,1,1,-1.7313752921956342,-1.596213850258377,0.8933237015798199,0.23817586471938562,-1.0568581948227371,-1.0876626419159485,-1.5958260878579746,-1.5006109653742012,0,-5.240957889970861,0
3,1,1,1.58234761212972,0.8478535746681288,-0.8584442736357297,-1.6294630145223348,-1.118369451212799,3.1507339414742557,2.0844057765909896,1.3610995417683025,1,5.477869808620749,1
5,1,1,0.40651045253040075,0.7814988029506672,1.5940308916660397,1.2705973569710198,0.9268798237567613,0.37071037602476675,0.7221706984068954,1.1457019767145655,0,3.165462874902989,0
4,1,1,1.6536104702872545,1.898470793527939,1.24367729662293,-1.2350548039992384,0.6347013559039669,2.12531541323469,0.5354126634945598,0.13025631288980624,1,3.425685745523023,1
5,0,1,-0.30611812904494423,-0.31335493038745077,-1.5591514637219497,0.49918129815378753,0.4655454008312965,-1.0876626419159485,0.052038926074397425,-0.23899665577374263,0,-0.8090749707839973,0
1,0,1,0.22835330713656452,-0.34653231624618164,-1.2087978686788396,-1.0726514231956106,1.265191733902102,-0.9281530930786829,0.23879696098673292,0.7456779273290544,1,1.3215135291392064,1
2,0,1,-1.7313752921956342,-1.6183321074975308,-0.8584442736357297,1.6534053260081427,-1.1645028935053454,-1.1332367987265959,-1.628783388136622,-1.469839884652239,1,-5.396362965020802,1
4,0,0,1.0478761759482114,1.1464500473967065,-1.2087978686788396,0.7079856449013091,1.495858945364834,2.0341670996133954,1.216530202586607,-0.023599090720005784,0,4.7229571568448305,0
4,0,0,0.050196161742728264,0.5824344877982821,1.5940308916660397,0.9341903538777907,-0.42636781682460195,-0.7686435442414171,-0.09077604179974148,0.3764249586655055,0,-0.909362444200255,0
1,0,1,0.727193314239306,0.0073597995802807325,-0.5080906785926198,-1.2234545625132651,-0.24183404765441607,-0.9281530930786829,1.007800634155173,0.28411171649961825,1,0.12192520992169248,1
1,0,1,1.5110847539721854,1.4118691342665532,0.19261651149360004,0.00037091425693054283,-0.8261909833600047,-0.17617950570300148,1.524131671853983,0.4995092815533551,0,1.0212704643443318,0
5,0,0,-1.0900095687778237,-0.9990209048012216,-1.5591514637219497,-1.1190523891395043,-0.8569466115550357,-0.7002823090254461,-1.1563954174760087,-0.9159604316569155,0,-3.6295847697134063,0
3,0,1,-0.413012416281246,-0.12534974385464265,1.24367729662293,1.3285985644008869,-0.3494787463370245,-0.22175366251364884,-0.38739174430756845,-0.7005628666031787,0,-1.6591870197614205,0
2,1,0,-0.8049581361476857,-1.0211391620403756,-0.8584442736357297,1.7114065334380097,-0.9953469384326751,-0.24454074091897252,-0.4642921116244125,-1.0698158352667275,0,-2.7739956262427876,0
5,0,1,-0.7336952779901512,-0.4460644738223742,0.19261651149360004,-0.9218482838779563,0.15798911888098668,-0.563559838593504,-0.8597797149681817,-0.9159604316569155,1,-2.181310866337615,1
4,1,0,-0.1992238418086425,-0.5898331458768745,0.8933237015798199,1.7114065334380097,0.3579007021486881,0.7353036305099456,-0.13471910883793806,0.16102739361176865,0,1.119512617432464,0
4,0,0,-1.125640997856591,-1.1980852199536067,-1.2087978686788396,1.3111982021719268,-0.7800575410674583,-1.1332367987265959,-0.8927370152468291,-1.254442319598502,0,-4.060473674639385,0
1,0,0,-0.9831152815415221,-0.8773704899858752,-0.5080906785926198,-0.8522468349621157,-0.6877906564823653,-0.6547081522147987,-0.7718935808917886,-0.4851653015494419,1,-2.5995576911383944,1
0,0,0,-0.127960983651108,0.26171975783055057,-1.5591514637219497,0.5861831092985882,-0.31872311814199356,-0.6091339954041514,-0.3764059775480193,0.6225936044412047,0,-0.6816694866529595,0
2,1,1,-1.3394295723291945,-1.3750312778668379,-0.5080906785926198,0.15697417431757169,-1.1337472653103144,-1.0648755635106248,-1.3761107526669916,-1.1313579967106524,0,-4.706091578198583,0
3,0,0,-0.698063848911384,-0.4571236024419511,-1.5591514637219497,-0.33023596809331185,-0.24183404765441607,-0.631921073809475,-0.6730216800558463,-0.7928761087690659,0,-2.3396529102888035,0
0,0,0,1.1904018922632802,0.26171975783055057,1.24367729662293,-1.0958519061675576,0.8807463814642147,0.07447835675555897,1.7768043073236135,1.6688103489879265,1,4.400839394531314,1
5,0,1,-1.1969038560141254,-1.0321982906599525,-1.2087978686788396,-0.09823113837384351,-0.8415687974575202,-0.7230693874307698,-1.0025946828423207,-0.8236471894910283,0,-3.390880057221639,0
2,1,0,-1.125640997856591,-0.8441931041271443,-1.5591514637219497,1.6766058089800895,-1.0568581948227371,-0.8825789362680355,-0.88175124848728,-0.7313339473251411,0,-3.552522326903194,0
3,1,0,-0.9474838524627548,-0.7225426893117979,-0.5080906785926198,0.4875810566678141,-0.6262794000923033,-0.5863469169988277,-0.9806231493232224,-1.0390447545447652,0,-3.232294220959118,0
5,0,0,0.6202990270030043,0.593493616417859,-0.15773708354950988,-0.12723174208877705,-1.0722360089202525,1.555638453101598,1.3263878701820984,-0.4851653015494419,0,1.324625012814002,0
1,0,0,-0.7693267070689185,-0.4681827310615281,1.5940308916660397,-0.8986478009060094,-0.13418934897180765,-0.49519860337753296,-0.6400643797771988,-0.7313339473251411,1,-2.0007862794516806,1
4,0,1,1.3685590376571166,1.234923076353322,-0.15773708354950988,-1.3394569773729992,2.526172489898372,0.46185868964606147,1.3483594037011968,2.1919187212612874,1,6.528309304506918,1
1,1,0,1.3329276085783492,0.7814988029506672,1.24367729662293,1.125594338396352,0.1426113047834712,1.5784255315069218,0.6452703310900514,1.699581429709889,0,4.065888597090334,0
0,0,1,1.119139034105746,0.4497249443633587,0.8933237015798199,-0.626042125985634,1.3882142466822258,0.9631744145631824,0.5354126634945598,0.6841357658851296,1,3.5709370906250975,1
3,1,1,-0.5199067035175478,-0.21382277281125825,0.8933237015798199,-0.24903427769149794,0.3579007021486881,-0.22175366251364884,-0.574149779219904,-0.8851893509349531,0,-1.3231920905198178,0
4,0,1,1.58234761212972,1.8431751504300542,-0.8584442736357297,-0.4694388659249929,-0.24183404765441607,-0.8370047794573882,1.4582170712966882,2.22268980198325,1,2.6020680461681343,1
0,1,1,-1.125640997856591,-1.0432574192795294,1.24367729662293,0.5745828678126147,-0.303345304044478,-1.0876626419159485,-0.9476658490445748,-0.9159604316569155,0,-3.254634226661917,0
3,1,1,1.4398218958146511,1.046917889820514,-1.5591514637219497,0.8181879390180565,0.08110004839340923,-0.22175366251364884,2.2382065112246776,2.653484932090724,0,4.7510378291951625,0
5,0,0,-1.410692430486729,-1.2533808630514915,1.24367729662293,-0.5332401940978467,-1.118369451212799,-0.7230693874307698,-1.409068052945639,-1.254442319598502,1,-4.50494921118771,1
5,1,1,-1.410692430486729,-1.363972149247261,-0.15773708354950988,0.2729765891773059,-0.7339240987749118,-0.6774952306201224,-1.1893527177546561,-1.10058691598869,0,-3.7013589631383805,0
1,0,0,1.5110847539721854,1.489283034603592,0.54297010653671,0.3251776758641863,1.5112367594623497,0.9403873361578587,1.3483594037011968,2.315003044149137,0,6.114986543470542,0
4,0,1,-0.413012416281246,-0.501360116920259,-1.5591514637219497,-0.9334485253639296,-1.1029916371152835,0.5985811600780035,-0.03584720800199575,-0.7621050280471036,1,-1.3023627130863793,1
5,1,1,-1.26816671417166,-1.2312626058123375,0.19261651149360004,-1.4496592714897467,-0.7031684705798807,-0.7002823090254461,-1.178366950995107,-1.1621290774326147,1,-3.7439468080330482,1
5,0,0,-1.5175867177230307,-1.4303269209647227,-0.8584442736357297,-0.6202420052426473,-1.0107247525301906,-1.0193014066999775,-1.3541392191478934,-1.2236712388765396,1,-4.607836617254601,1
4,0,0,-1.5888495758805652,-1.4745634354430304,-0.8584442736357297,1.4562012207465944,-1.1337472653103144,-0.8825789362680355,-1.4310395864647374,-1.2852134003204645,0,-4.732579188363552,0
2,0,0,-0.23485527088740973,-0.2912366731482969,1.24367729662293,-0.626042125985634,0.06572223429589373,-0.8597918578627118,-0.5521782457008056,-0.7005628666031787,1,-2.0468107358708023,1
4,0,1,-0.840589565226453,-1.0764348051382602,-0.8584442736357297,1.5142024281764617,-0.1803227912643541,-0.5863469169988277,-0.9256943155254767,-0.7005628666031787,0,-2.3929268903918373,0
3,1,1,0.40651045253040075,-0.05899497213718096,-1.5591514637219497,0.3715786418080799,1.6650149004375046,0.780877787320593,0.18386812718898718,0.4995092815533551,0,3.1292700965004396,0
5,0,1,-1.553218146801798,-1.5298590785409152,0.8933237015798199,-1.3800578225739062,-0.8261909833600047,-0.8370047794573882,-1.4420253532242866,-1.2236712388765396,1,-4.328892354918219,1
0,0,0,-0.5911695616750823,-0.6340696603551823,-0.8584442736357297,0.5977833507845616,-1.0568581948227371,0.2339879055928247,-0.7169647470940428,-0.7313339473251411,0,-2.2711689836490963,0
1,1,1,-0.05669812549357349,0.18430585749351192,0.19261651149360004,0.9167899916488306,-0.8877022397500667,-0.5179856817828566,-0.44232057810531417,0.28411171649961825,0,-1.563896783138619,0
3,1,1,-0.30611812904494423,-0.6008922744964514,-1.5591514637219497,-1.182853717312358,-1.0414803807252215,0.7353036305099456,-0.7169647470940428,-0.20822557505178022,1,-1.231367072361099,1
0,0,1,0.0858275908214955,-0.501360116920259,-1.5591514637219497,1.3227984436579001,0.09647786249092472,0.39349745443009043,0.24978272774628207,0.25334063577765586,0,0.9930986804449531,0
5,0,1,-0.4842752744387805,-0.5677148886377206,1.5940308916660397,0.6325840752424818,0.08110004839340923,-0.9509401714840066,-0.34344867726937184,-0.8544182702129908,0,-2.06770707057296,0
4,1,1,0.19272187805779725,0.26171975783055057,-0.15773708354950988,-0.4172377792381125,1.0345245224393695,-0.6091339954041514,-0.3324629105098227,0.6841357658851296,1,0.7770633824105251,1
2,0,1,-0.27048669996617697,0.09583282853689633,0.54297010653671,0.13377369134562486,0.3579007021486881,0.39349745443009043,0.2058396607080855,-0.14668341360785542,0,0.8105544036790086,0
4,1,1,0.727193314239306,1.035858761200937,0.54297010653671,-0.0054292064860561665,0.2502560034660796,0.46185868964606147,0.5793557305327565,0.5610514429972799,0,1.8525218666421777,0
4,0,1,0.12145901990026277,-0.269118415909143,-1.2087978686788396,0.12797357060263814,0.5424344713188739,-0.38126321135091457,-0.0028899077233483085,0.4687382008313927,0,0.6270195530760038,0
0,1,0,0.3352475943728663,-0.2248819014308352,-0.8584442736357297,-1.2466550454852119,1.4035920607797412,0.5985811600780035,0.7551279986855428,0.7456779273290544,1,3.5029791468723417,1
4,0,1,-0.3417495581237115,-0.2912366731482969,-1.5591514637219497,-0.12143162134579034,0.5270566572213584,0.5074328464567088,-0.32147714375027353,-0.9159604316569155,0,-0.20294807172912177,0
4,1,0,1.154770463184513,0.30595627230885836,1.5940308916660397,1.427200617031661,0.8038573109766373,-0.8370047794573882,1.2824448031439017,2.22268980198325,0,3.471987136646401,0
3,0,0,1.0835076050269785,0.9695039894834753,-0.15773708354950988,-0.8754473179340625,-0.05730027848423019,0.2567749839981484,1.447231304537139,1.2072441381584904,1,2.853950148209548,1
1,1,0,0.7628247433180733,1.0800952756792448,0.54297010653671,0.38317888329405336,-0.5955237718972723,1.5100642962909507,0.1618965936698889,0.25334063577765586,0,1.3297777538412232,0
5,0,0,0.7628247433180733,0.26171975783055057,-1.2087978686788396,-1.2756556492001454,-0.7954353551649738,-1.0420884851053012,0.2607684945058312,0.3764249586655055,1,-1.2003303870989381,1
2,0,1,-0.555538132596315,-0.7778383324096827,-1.2087978686788396,-0.06343041391592326,-0.5647681437022414,0.39349745443009043,-0.2885198434716261,-0.7005628666031787,0,-1.1603533993469557,0
1,0,0,0.40651045253040075,0.48290233022208956,0.19261651149360004,1.4214004962886744,0.2502560034660796,-0.4724115249722093,0.019081625795749985,-0.30053881721766745,0,-0.5036127129280471,0
3,1,0,0.050196161742728264,0.23960150059139665,-0.15773708354950988,-1.1538531135974246,-0.7493019128724273,-0.8142177010520645,-0.2665483099525278,0.4379671201094303,1,-1.3921008037675895,1
0,1,0,-0.1992238418086425,-0.07005410075675791,-1.5591514637219497,0.9631909575927242,-0.2110784194593851,0.780877787320593,0.22781119422718377,0.4995092815533551,0,1.2971198436417468,0
5,1,0,0.12145901990026277,-0.0036993290392962164,0.19261651149360004,-0.45203850369603277,-0.3494787463370245,-0.0622441136763831,-0.13471910883793806,0.22256955505569345,1,-0.32387241379565224,1
3,1,1,-1.0900095687778237,-0.9105478758446061,-0.8584442736357297,1.3575991681158204,-0.8108131692624893,-0.49519860337753296,-0.9586516158041241,-0.6082496244372915,0,-2.8729130128814377,0
3,0,0,1.3685590376571166,1.1353909187771296,-0.5080906785926198,-0.06923053465890996,1.834170855510175,1.6239996883175691,0.4035834623799701,-0.14668341360785542,0,3.715070592599859,0
2,0,0,-0.02106669641480624,-0.501360116920259,-1.2087978686788396,-0.17363270803267072,0.6808347981965134,-0.9281530930786829,-0.03584720800199575,0.6533646851631671,0,0.3701991822790019,0
2,0,0,-0.05669812549357349,0.2727788864501275,-0.8584442736357297,1.508402307433475,0.9422576378542767,0.5757940816726799,-0.2665483099525278,0.19179847433373107,0,1.4433018839081597,0
4,0,1,0.0858275908214955,0.4497249443633587,-1.2087978686788396,0.31937755512119953,1.0345245224393695,0.4390716112407378,0.29372579478447863,-0.33130989793962984,0,1.4360120305249562,0
3,1,1,1.2260333213420476,1.3897508770273994,-1.2087978686788396,-0.8290463519901689,-0.5955237718972723,-1.0420884851053012,0.41456922913951927,0.06871415144588143,0,-1.1543288764171729,0
5,0,1,-1.553218146801798,-1.4413860495842996,0.54297010653671,1.525802669662435,-1.1337472653103144,-0.8597918578627118,-1.3651249859074426,-1.3467555617643892,0,-4.705419670844858,0
3,1,1,0.299616165294099,0.4165475585046278,-1.2087978686788396,0.8239880597610433,0.5116788431238429,-0.10781827048703045,0.8869571998001325,0.9303044116608288,0,2.2211221840977737,0
3,0,0,-0.555538132596315,-0.2027636441916813,-1.2087978686788396,1.148794821368299,-0.011166836191683719,0.07447835675555897,-0.3324629105098227,-0.42362314010551705,0,-0.6927745300514645,0
5,1,1,0.9409818887119096,0.4165475585046278,0.8933237015798199,-0.2780348814064315,1.2498139198045866,0.2567749839981484,0.9638575671169766,0.4995092815533551,0,2.9699557524730666,0
2,1,1,-0.1992238418086425,-0.2912366731482969,0.19261651149360004,-1.0552510609666506,-1.087613823017768,-0.1533924272976778,-0.2995056102311753,-0.20822557505178022,1,-1.7487374355984016,1
0,0,0,1.4398218958146511,0.7814988029506672,-0.8584442736357297,-1.0494509402236638,-0.011166836191683719,-0.9965143282946539,0.33766886182267525,1.484183864656152,1,0.8141715619924896,1
1,1,1,1.4041904667358838,1.6330517066580923,-1.5591514637219497,0.39477912478002675,2.2493718361430934,0.5074328464567088,1.0187864009147223,-0.08514125216393059,0,3.690449831350594,0
2,1,0,1.3685590376571166,1.5556378063210536,-0.5080906785926198,0.04677188020082421,0.5116788431238429,0.05169127835023529,2.0184911760336948,2.0688343983734376,0,4.650695695881211,0
5,1,0,0.5134047397667025,-0.14746800109379654,-0.15773708354950988,-1.4960602374336405,1.20368047751204,-0.6091339954041514,-0.07979027504019233,0.7149068466070919,1,1.2296630536747881,1
4,1,1,1.0835076050269785,0.31701540092843533,-0.5080906785926198,1.2589971154850463,-0.9338356820426131,0.6441553168886509,0.19485389394853633,1.7918946718757762,0,1.6970682006703504,0
1,1,0,1.1904018922632802,1.6330517066580923,0.8933237015798199,-0.7188440578734214,1.3267029902921639,-0.5863469169988277,1.9306050419573015,0.7764490080510168,1,3.4474101233016543,1
0,1,0,0.0858275908214955,0.5381979733199743,-0.8584442736357297,1.6302048430361957,1.295947362097133,-0.2901148977296199,0.48048382969681414,-0.30053881721766745,0,1.1857774768466596,0
2,0,0,-0.3417495581237115,0.05159631405858853,0.19261651149360004,1.3807996510877674,-0.303345304044478,-0.03945703527105942,-0.0028899077233483085,-0.7005628666031787,0,-1.0462551136420644,0
3,1,0,0.6559304560817715,1.3565734911686684,-1.2087978686788396,-1.124852509882491,0.41941195853875,0.34792329761944313,0.9638575671169766,0.09948523216784384,0,1.8306780554430138,0
1,0,1,0.050196161742728264,0.48290233022208956,0.19261651149360004,1.0327924065085647,-0.3494787463370245,-0.1533924272976778,0.5244268967350108,0.25334063577765586,0,0.27489635887796426,0
5,1,1,-1.0900095687778237,-0.8552522327467212,0.54297010653671,1.1545949421112855,-0.5955237718972723,-0.2901148977296199,-1.1893527177546561,-1.1929001581545773,0,-3.2678915455361257,0
3,0,0,-0.16359241272987524,0.2948971436892814,1.5940308916660397,0.6731849204433888,0.7884794968791218,-0.5407727601881803,-0.4752778783839616,-0.14668341360785542,0,-0.3742545553008756,0
0,0,1,0.727193314239306,0.5492571019395512,0.8933237015798199,0.9051897501628572,0.08110004839340923,0.006117121539587936,0.2717542612653803,0.13025631288980624,0,0.4892277440881837,0
0,1,0,1.5110847539721854,0.5492571019395512,-0.15773708354950988,0.8297881805040299,-0.41099000272708647,-0.7230693874307698,0.7441422319259936,2.653484932090724,0,2.2635677738588615,0
3,1,0,0.12145901990026277,0.4718432016025126,1.5940308916660397,0.7601867315881894,0.9730132660493077,-0.40405028975623825,0.5354126634945598,-0.20822557505178022,0,0.896150064735849,0
3,1,0,-0.3417495581237115,-0.7336018179313748,-1.5591514637219497,1.3517990473728339,0.6962126122940289,-1.1332367987265959,0.1179535266316923,-0.4851653015494419,0,-0.8042359613503166,0
4,1,0,-0.05669812549357349,-0.4128870879636433,-0.5080906785926198,-0.7536447823313417,0.6962126122940289,0.5757940816726799,-0.046832974761544896,-0.05437017144196819,1,1.1708035477631957,1
5,0,1,0.12145901990026277,0.6709075167548977,1.5940308916660397,0.7775870938171495,-0.02654465028919921,-0.7230693874307698,-0.3983775110671176,0.7764490080510168,0,-0.37154254073606985,0
0,0,0,-0.7336952779901512,-0.6119514031160284,0.19261651149360004,0.11637332911666473,0.06572223429589373,-1.1332367987265959,-0.7169647470940428,-0.42362314010551705,0,-2.2081024516302623,0
0,1,1,0.6202990270030043,-0.08111322937633486,-0.5080906785926198,1.2299965117701128,1.1883026634145246,-0.10781827048703045,0.6562560978496005,0.4379671201094303,0,2.174707610886525,0
4,0,1,0.01456473266396101,-0.12534974385464265,0.19261651149360004,-0.8174461105041955,0.3579007021486881,-1.1332367987265959,-0.5192209454221582,0.5610514429972799,1,-0.7335055990027861,1
0,0,1,1.6892418993660219,1.9316481793866698,-0.15773708354950988,0.6035834715275483,-0.07267809258174568,1.6239996883175691,1.6339893394494744,-0.023599090720005784,0,3.1617118444652923,0
1,0,1,-1.2325352850928928,-1.2202034771927606,-0.8584442736357297,-1.2118543210272916,-0.48787907321466395,-0.8142177010520645,-1.035551983120968,-1.3159844810424268,1,-3.653633238430123,1
4,0,0,1.0478761759482114,1.5445786777014767,-1.2087978686788396,-1.0378506987376903,-0.6724128423848498,1.6012126099122455,1.3044163366630002,1.176473057436528,0,3.409689161626924,0
5,0,0,-0.7693267070689185,-0.9326661330837599,0.54297010653671,1.1371945798823255,-0.5647681437022414,-0.2901148977296199,-0.5961213127390023,-0.23899665577374263,0,-1.6900010099446061,0
4,0,0,1.4754533248934183,1.6772882211364,-0.15773708354950988,0.04097175945783751,2.5415503039958875,2.6494182165571347,1.5900462724112778,1.2072441381584904,0,7.9882589311227905,0
3,1,0,1.58234761212972,0.5824344877982821,0.54297010653671,-1.2988561321720924,-0.7954353551649738,0.37071037602476675,1.1835729023079595,1.0533887345486783,1,1.8122366577164308,1
0,0,1,-0.4842752744387805,-0.7336018179313748,-0.5080906785926198,-1.0204503365087303,-0.8569466115550357,0.14283959197153,-0.03584720800199575,-0.269767736495705,1,-1.0197219640812065,1
5,0,1,0.727193314239306,0.6266710022765899,-0.8584442736357297,-0.9160481631349695,-0.7031684705798807,0.48464576805138515,1.4362455377775898,0.6533646851631671,1,1.8710875204122612,1
5,1,0,0.19272187805779725,0.2727788864501275,0.54297010653671,-0.8812474386770492,-0.11881153487429215,-0.3356890545402672,0.41456922913951927,0.5610514429972799,1,0.5211200827222399,1
0,0,1,-1.3750610014079618,-1.3750312778668379,-1.5591514637219497,0.2207755024904255,-0.9184578679450977,-1.0193014066999775,-1.3651249859074426,-1.0698158352667275,0,-4.372700095819246,0
3,1,0,-1.2325352850928928,-1.0543165478991063,-0.8584442736357297,0.6383841959854686,-0.6724128423848498,-0.9509401714840066,-1.0025946828423207,-1.0390447545447652,0,-3.6649924512559418,0
4,1,1,-1.2325352850928928,-1.142789576855722,1.5940308916660397,0.23817586471938562,-0.5032568873121794,-0.9053660146733592,-1.2113242512737543,-1.10058691598869,0,-3.720534069247983,0
2,1,0,0.0858275908214955,0.5603162305591282,-0.15773708354950988,-1.4612595129757202,0.2656338175635951,1.0315356497791535,0.23879696098673292,0.3456538779435431,1,1.8816203062730246,1
5,1,0,1.4398218958146511,0.5271388447003973,1.5940308916660397,-0.4694388659249929,0.2810116316611106,2.6038440597464874,1.5131459050944338,1.699581429709889,1,6.097583026211921,1
4,1,1,1.5467161830509528,2.1970672662565165,-0.15773708354950988,-0.48103910741096634,0.49630102902632744,2.3076120404772795,1.3593451704607458,0.5302803622753175,1,4.693538602239671,1
3,1,0,0.299616165294099,0.803617060189821,-0.8584442736357297,-1.304656252915079,-0.14956716306932313,1.2594064338323903,0.3266830950631261,-0.05437017144196819,1,1.382152194384225,1
2,0,1,-1.410692430486729,-1.2976173775297992,-0.15773708354950988,-1.0088500950227568,-1.1029916371152835,-0.9509401714840066,-1.2332957847928527,-1.10058691598869,1,-4.387814509380833,1
4,0,1,-0.698063848911384,-0.4018279593440664,0.54297010653671,1.0733932517094718,-0.6570350282873343,-0.4268373681615619,-0.6620359132962971,-0.23899665577374263,0,-1.9849049655189361,0
4,1,0,-1.0187467106202892,-0.7225426893117979,1.5940308916660397,-1.3162564944010524,-0.5186347014096949,-0.8370047794573882,-1.0135804496018699,-1.10058691598869,1,-3.469806846457643,1
1,0,0,0.3352475943728663,0.5492571019395512,-0.8584442736357297,-0.7188440578734214,0.9883910801468232,1.1454710418057719,0.008095859036200838,0.16102739361176865,1,2.302985374600565,1
1,0,1,-1.0900095687778237,-1.0543165478991063,1.24367729662293,-1.623662893779348,-0.7800575410674583,-0.6091339954041514,-1.1563954174760087,-0.8851893509349531,1,-3.4307763048825715,1
4,0,0,0.7628247433180733,0.8589127032877059,1.24367729662293,0.33097779660717297,1.0960357788294317,-1.0420884851053012,0.24978272774628207,1.176473057436528,0,1.4802030789069407,0
1,1,1,-1.6244810049593326,-1.4635043068234534,0.19261651149360004,1.5548032733773687,-1.118369451212799,-1.0193014066999775,-1.4639968867433848,-1.4390688039302764,0,-5.0407365485864375,0
1,1,1,0.26398473621533175,-0.1364088724742196,-0.8584442736357297,-1.4786598752046802,-0.5340125155072104,0.9859614929685061,0.6342845643305022,0.16102739361176865,1,1.2472609354035664,1
0,1,0,-1.7313752921956342,-1.6404503647366846,-0.8584442736357297,-0.7420445408453682,-1.087613823017768,-1.1104497203212722,-1.5848403210984254,-1.5313820460961636,1,-5.314285910533629,1
4,1,1,-0.16359241272987524,-0.6230105317356054,1.5940308916660397,0.07577248391575776,-0.3494787463370245,0.21120082718750102,-0.15669064235703636,-0.6082496244372915,0,-0.9032181859438513,0
5,1,1,-0.16359241272987524,-0.25805928728956606,0.54297010653671,0.9805913198216843,0.8653685673666992,0.8264519441312403,-0.3324629105098227,-0.4543942208274795,0,0.9049633801606373,0
1,0,0,0.5134047397667025,0.8810309605268597,1.5940308916660397,0.8181879390180565,0.603945727708936,0.8036648657259167,1.161601368788861,0.8995333309388663,0,3.46874529316258,0
4,1,1,-0.23485527088740973,0.16218760025435802,0.54297010653671,1.6766058089800895,-1.0261025666277062,-0.8142177010520645,-0.024861441242446602,0.28411171649961825,0,-1.5810699924225988,0
0,1,1,-1.4819552886442635,-1.2754991202906454,-0.15773708354950988,0.4817809359248274,-0.9338356820426131,-0.9737272498893302,-1.2772388518310493,-1.408297723208314,0,-4.593099506971306,0
0,1,1,-0.6624324198326168,-0.8552522327467212,1.24367729662293,1.0443926479945382,-0.5032568873121794,-0.5407727601881803,-0.6730216800558463,-0.6697917858812164,0,-2.386843113437422,0
3,0,0,-1.5888495758805652,-1.551977335780069,-0.5080906785926198,-0.3592365718082454,-1.0722360089202525,-0.9509401714840066,-1.5079399537815814,-1.4390688039302764,1,-4.970184938116116,1
1,1,0,0.050196161742728264,-0.28017754452871996,-0.15773708354950988,0.7021855241583224,-0.9799691243351596,0.849239022536564,-0.13471910883793806,-0.42362314010551705,0,-0.6890723507420506,0
3,1,1,0.47777331068793527,0.0073597995802807325,0.54297010653671,-0.7710451445603018,1.234436105707071,0.9403873361578587,0.3596403953417735,-0.5467074629933667,1,1.987756374213336,1
2,1,0,-1.4463238595654964,-1.3971495351059917,-0.8584442736357297,-0.2838350021494182,-0.8877022397500667,-1.0876626419159485,-1.255267318311951,-1.254442319598502,0,-4.485074519576468,0
2,1,0,0.6202990270030043,-0.03687671489802706,0.54297010653671,1.1777954250832325,0.5885679136114204,-0.38126321135091457,0.4914695964563633,0.4995092815533551,0,1.198283580270224,0
0,0,0,-0.7336952779901512,-0.7446609465509518,-0.15773708354950988,-1.385857943316893,0.03496660610086275,-1.0876626419159485,-0.8597797149681817,-0.9775025931008403,1,-2.889978343884108,1
1,1,1,1.297296179499582,1.7215247356147079,-0.8584442736357297,0.6267839544994951,2.018704624680361,-0.10781827048703045,1.370330937220295,1.3303284610463402,0,4.611545752459966,0
4,0,1,1.3329276085783492,0.6377301308961668,1.24367729662293,0.9631909575927242,0.9268798237567613,2.3759732756932506,2.128348843629186,2.4996295284809116,0,7.93083147156011,0
1,1,1,-0.413012416281246,-0.4018279593440664,-1.5591514637219497,-0.7884455067892618,0.2810116316611106,0.1656266703768537,-0.2995056102311753,0.037943070723919024,1,0.18507576253070804,1
5,0,0,-1.1969038560141254,-1.1980852199536067,-1.5591514637219497,-0.48103910741096634,-1.1337472653103144,-1.0876626419159485,-0.9806231493232224,-1.0390447545447652,1,-4.24107781109425,0
3,1,1,-1.4819552886442635,-1.4192677923451458,-0.8584442736357297,0.8529886634759768,-0.9645913102376441,-1.0876626419159485,-1.3431534523883442,-1.3467555617643892,0,-4.742162966306326,0
1,1,0,0.7628247433180733,1.057977018440091,-0.8584442736357297,-0.022829568715016294,0.20412256117353314,-0.8142177010520645,0.7221706984068954,0.25334063577765586,0,0.3654161943060199,0
0,0,0,1.4754533248934183,1.1353909187771296,-1.5591514637219497,1.0617930102234983,2.7568397013611046,-0.6774952306201224,0.4914695964563633,2.2842319634271746,0,4.85504603062452,0
3,1,0,0.22835330713656452,0.4718432016025126,-1.5591514637219497,-1.5366610826345473,-0.011166836191683719,1.282193512237714,0.6013272640518548,0.6533646851631671,0,2.525718625261052,0
5,1,1,-1.410692430486729,-1.3750312778668379,-1.2087978686788396,1.6766058089800895,-0.8569466115550357,-0.9053660146733592,-1.4200538197051882,-1.3775266424863517,0,-4.559893088419935,0
2,1,1,-1.410692430486729,-1.4303269209647227,-1.2087978686788396,1.589603997835289,-0.8569466115550357,-0.8370047794573882,-1.4310395864647374,-1.254442319598502,0,-4.379433297075663,0
0,0,1,0.3352475943728663,0.9695039894834753,-1.2087978686788396,-1.1944539587983316,-0.11881153487429215,0.18841374878217737,0.7441422319259936,-0.14668341360785542,0,0.6670610322260234,0
2,0,1,1.0835076050269785,1.478223905984015,1.5940308916660397,-1.043650819480677,-0.9184578679450977,-0.8142177010520645,1.831733141121359,1.545726026100077,1,1.6447835982242738,1
2,1,1,0.5134047397667025,1.1022135329183986,1.5940308916660397,1.4388008585176344,0.6193235418064514,0.8264519441312403,0.24978272774628207,-0.1774544943298178,0,1.518103719354156,0
0,0,1,0.9053504596331423,0.30595627230885836,0.8933237015798199,1.0907936139384318,-0.8877022397500667,0.6441553168886509,1.3154021034225494,0.28411171649961825,0,1.355966897060752,0
1,0,0,-1.0187467106202892,-1.131730448236145,-0.5080906785926198,-0.52744007335486,-0.5647681437022414,-1.1332367987265959,-1.0685092833996155,-0.6390207051592539,1,-3.4055349309877068,1
4,0,1,0.442141881609168,0.9695039894834753,-0.8584442736357297,1.7346070164099565,-1.1645028935053454,1.4644901394803034,0.6013272640518548,0.5302803622753175,0,1.4315948723021301,0
4,1,1,0.5846675979242371,0.07371457129774242,0.19261651149360004,-0.7768452653032885,0.004210977905831773,-0.08503119208170677,0.5244268967350108,0.4995092815533551,1,0.9431159641124909,1
5,0,1,-1.3394295723291945,-1.1980852199536067,-1.5591514637219497,-0.028629689458003003,-0.9492134961401286,-1.0193014066999775,-1.3431534523883442,-1.0698158352667275,0,-4.381484190495177,0
1,1,0,-0.8049581361476857,-0.9326661330837599,0.19261651149360004,-1.6120626522933745,-0.8569466115550357,-0.6774952306201224,-0.7169647470940428,-0.8851893509349531,1,-3.136595940204154,1
3,0,0,0.6915618851605387,0.4165475585046278,-1.5591514637219497,0.528181901868721,-0.1803227912643541,0.5530070032673562,0.008095859036200838,-0.33130989793962984,0,0.04947017309957308,0
3,1,1,1.3329276085783492,1.2791595908316298,-0.15773708354950988,-1.2814557699431322,0.40403414444123453,2.3987603540985742,1.3044163366630002,1.4534127839341897,1,5.560623619136999,1
0,0,0,1.3685590376571166,1.1796274332554373,1.24367729662293,-0.3998374170091524,0.7577238686840908,-0.3584761329455909,0.8539998995214851,0.13025631288980624,1,1.3835039481497913,1
5,1,0,0.6915618851605387,0.7372622884723594,-1.2087978686788396,0.18017465728951854,0.09647786249092472,0.48464576805138515,-0.05781874152109404,1.545726026100077,0,2.0690309151212927,0
0,0,1,0.6559304560817715,0.383370172645897,-0.15773708354950988,-1.565661686349481,1.864926483705206,1.0087485713738298,0.1399250601507906,-0.14668341360785542,1,2.866916701621971,1
5,0,0,1.4754533248934183,1.5556378063210536,0.8933237015798199,-1.2582552869711854,1.5727480158524116,1.8974446291814533,1.677932406487671,0.22256955505569345,1,5.37069460657723,1
0,0,1,0.37087902345163354,0.5050205874612435,0.8933237015798199,0.45278033220989383,0.9576354519517922,-0.6091339954041514,0.45851229617771583,0.16102739361176865,0,0.9680411463371253,0
1,0,1,-0.23485527088740973,-0.047935843517604014,-0.5080906785926198,1.705606412695023,0.603945727708936,0.30234914080879577,-0.6290786130176497,-0.7928761087690659,0,-0.5156598532689839,0
4,1,0,1.724873328444789,0.8367944460485519,0.19261651149360004,-0.19103307026163086,3.2027963101890538,1.1226839634004482,1.601032039170827,0.13025631288980624,0,6.056768625650135,0
5,1,0,-0.413012416281246,-0.12534974385464265,-1.2087978686788396,0.6267839544994951,-1.0414803807252215,-0.7230693874307698,0.052038926074397425,0.06871415144588143,0,-1.6437966906357127,0
3,0,0,0.6202990270030043,0.6709075167548977,-1.5591514637219497,-0.9682492498218499,0.49630102902632744,-0.7002823090254461,0.8869571998001325,0.4071960393874679,0,1.0901719591884818,0
4,1,0,-0.5199067035175478,-0.711483560692221,0.54297010653671,-1.7280650671531088,-0.16494497716683862,-0.2901148977296199,-0.804850881170436,-0.269767736495705,1,-1.5296784925625995,1
4,0,0,-1.553218146801798,-1.3860904064864148,0.54297010653671,0.789187335303123,-0.8261909833600047,-0.9965143282946539,-1.4530111199838356,-1.408297723208314,0,-4.684014154846808,0
2,1,1,-0.37738098720247876,-0.7336018179313748,-0.8584442736357297,-1.6062625315503878,0.5731900995139049,-0.9053660146733592,-0.09077604179974148,-0.269767736495705,1,-0.6927196934549008,1
4,0,0,-1.1612724269353583,-1.2202034771927606,0.19261651149360004,0.4063793662660002,-0.8569466115550357,-0.4724115249722093,-1.1454096507164595,-0.8544182702129908,0,-3.3291860574566954,0
3,1,0,0.19272187805779725,0.6487892595157437,0.19261651149360004,0.052572000943810926,0.20412256117353314,1.3733418258590087,0.07401045959349571,-0.023599090720005784,0,1.6278757559060315,0
4,1,0,0.6202990270030043,1.0026813753422061,1.24367729662293,-1.4554593922327335,1.741903970925082,-1.1332367987265959,0.07401045959349571,1.3610995417683025,1,2.0437771735602843,1
5,1,1,-1.5888495758805652,-1.5077408213017613,-1.5591514637219497,-1.6294630145223348,-1.1337472653103144,-0.8825789362680355,-1.4310395864647374,-1.3467555617643892,1,-4.794121349807476,1
1,1,0,-0.30611812904494423,0.11795108577605022,0.54297010653671,-1.2118543210272916,-0.25721186175193156,-0.6547081522147987,-0.11274757531883978,-0.7313339473251411,1,-1.7560015366107113,1
4,1,0,-0.02106669641480624,0.39442930126547393,-0.15773708354950988,0.8993896294198704,-0.5955237718972723,-0.9965143282946539,-0.23359100967388038,-0.7313339473251411,0,-2.556963057190948,0
1,1,0,-0.3417495581237115,-0.32441405900702774,-0.8584442736357297,-1.4264587885178,-0.02654465028919921,0.14283959197153,0.12893929339124144,-0.4543942208274795,1,-0.20915998575390726,1
3,1,1,-1.0187467106202892,-0.700424432072644,-1.5591514637219497,1.607004360064249,-0.3802343745320555,-0.8370047794573882,-0.9586516158041241,-0.5774785437153291,0,-2.7533693135088964,0
1,1,0,-0.5911695616750823,-0.7225426893117979,0.8933237015798199,-1.6700638597232418,-0.16494497716683862,0.2567749839981484,-0.7389362806131411,-0.6082496244372915,1,-1.2553558982191229,1
0,0,0,0.727193314239306,0.08477369991731938,0.54297010653671,0.84718854273299,0.31176725985614157,-0.24454074091897252,0.91991450007878,0.9303044116608288,0,1.9174454306767776,0
3,0,0,0.26398473621533175,0.4939614588416665,0.8933237015798199,-1.664263738980255,0.5578122854163894,0.712516552104622,0.8320283660023868,0.4071960393874679,1,2.509553242910866,1
2,0,0,-0.5911695616750823,-0.2470001586699891,0.54297010653671,1.4910019452045147,-0.6262794000923033,-0.563559838593504,-0.7059789803344937,-0.946731512378878,0,-2.8425497313991785,0
2,1,0,0.9409818887119096,0.35019278678716614,1.5940308916660397,-0.5564406770697935,1.0960357788294317,-1.0193014066999775,0.3486546285822244,-0.115912332885893,1,0.30947666782578565,1
0,0,0,-1.6244810049593326,-1.540918207160492,0.54297010653671,-0.25483439843448463,-1.0107247525301906,-1.1332367987265959,-1.4639968867433848,-1.3775266424863517,0,-4.985485080486523,0
2,0,1,0.0858275908214955,-0.4571236024419511,0.54297010653671,-1.2002540795413181,-0.10343372077677666,-0.5863469169988277,0.5903414972923056,0.06871415144588143,1,-0.030724989037417397,1
0,0,0,-0.127960983651108,-0.08111322937633486,0.54297010653671,1.6302048430361957,0.5424344713188739,0.2567749839981484,0.2717542612653803,-0.7928761087690659,0,0.27808760781333675,0
2,0,1,-0.27048669996617697,-0.32441405900702774,0.54297010653671,0.690585282672349,-0.36485656043454,-0.5407727601881803,-0.12373334207838892,0.22256955505569345,0,-0.8067931076454158,0
2,0,1,-1.4819552886442635,-1.3971495351059917,0.8933237015798199,-0.8232462312471821,-1.1645028935053454,-1.1104497203212722,-1.3101961521096968,-1.1929001581545773,1,-4.778048924090892,1
4,0,0,-1.0900095687778237,-0.8441931041271443,0.54297010653671,1.4910019452045147,-0.48787907321466395,-0.7914306226467408,-1.2003384845142053,-0.8851893509349531,0,-3.364837531310563,0
2,0,1,-1.0900095687778237,-0.8331339755075674,0.8933237015798199,-0.9914497327937967,-0.33410093223950904,-0.4268373681615619,-1.0245662163614189,-0.8544182702129908,1,-2.6399227869754807,1
3,1,0,-0.3417495581237115,0.08477369991731938,0.19261651149360004,-0.3592365718082454,-0.5493903296047259,-0.9509401714840066,-0.6949932135749445,0.22256955505569345,1,-1.9727541596079834,1
1,1,0,0.6559304560817715,-0.08111322937633486,-0.15773708354950988,1.3227984436579001,-0.44174563092211744,1.8290833939654823,1.2714590363843528,1.2380152188804527,0,3.8968120183081703,0
5,0,1,-0.9831152815415221,-0.9990209048012216,-0.8584442736357297,-1.5134605996626005,-0.36485656043454,-0.563559838593504,-0.7499220473726903,-0.7928761087690659,1,-2.4712145551698,1
5,0,1,0.26398473621533175,0.16218760025435802,1.24367729662293,-1.2988561321720924,-0.7646797269699428,0.5757940816726799,0.6562560978496005,-0.6697917858812164,1,-0.2024213333288788,1
5,1,0,1.0478761759482114,1.6441108352776692,0.54297010653671,-0.29543524363539164,1.1267914070244627,-1.0876626419159485,0.23879696098673292,0.6225936044412047,1,0.9005193305364518,1
3,1,1,-0.4842752744387805,-0.269118415909143,1.24367729662293,-0.07503065540189667,0.5424344713188739,-0.4268373681615619,-0.6949932135749445,-0.269767736495705,0,-0.8491638469133376,0
0,1,0,-0.8762209943052203,-0.7446609465509518,1.24367729662293,1.5142024281764617,-1.14912507940783,-0.3356890545402672,-0.9806231493232224,-0.3620809786615922,0,-2.827518261932912,0
0,1,0,-0.7336952779901512,-0.8994887472250291,0.19261651149360004,-1.1074521476535308,-0.16494497716683862,-0.016669956865735743,-0.7828793476513377,-0.4543942208274795,1,-1.4188885025113915,1
4,0,0,-0.840589565226453,-0.5455966313985667,-1.2087978686788396,-0.4172377792381125,0.050344420198378245,-0.631921073809475,-0.5631640124603547,-1.0390447545447652,0,-2.183785420616217,0
4,1,0,0.22835330713656452,0.4939614588416665,-0.5080906785926198,0.528181901868721,0.20412256117353314,-0.631921073809475,-0.3324629105098227,-0.6082496244372915,0,-1.368511047583056,0
2,0,0,-1.26816671417166,-1.2754991202906454,-1.2087978686788396,-0.0924310176308568,-0.5493903296047259,-0.8370047794573882,-1.1344238839569103,-1.0082736738228029,0,-3.5290926668418274,0
5,1,0,0.6202990270030043,0.5381979733199743,-1.2087978686788396,-0.8174461105041955,1.080657964731916,-0.4496244465668856,1.084701001472017,-0.023599090720005784,1,1.6921354289170416,0
1,0,1,1.0835076050269785,1.8321160218104773,-0.15773708354950988,0.8993896294198704,-1.14912507940783,1.7607221587495112,1.6449751062090237,-0.08514125216393059,0,2.171430933386774,0
3,1,1,1.4754533248934183,1.3897508770273994,1.5940308916660397,0.5107815396397609,-0.41099000272708647,2.5810569813411637,1.1725871355484103,1.9149789947636258,0,5.257633108926113,0
1,1,1,0.9053504596331423,1.2017456904945911,-0.8584442736357297,-1.2524551662281986,-0.7493019128724273,-0.8597918578627118,0.5354126634945598,0.8995333309388663,1,-0.17414777630171285,1
4,0,0,-1.5888495758805652,-1.4966816926821844,1.5940308916660397,1.5606033941203552,-0.9338356820426131,-0.9053660146733592,-1.474982653502934,-1.469839884652239,0,-4.784024234871145,0
1,1,1,-0.127960983651108,0.39442930126547393,1.5940308916660397,-0.8986478009060094,-0.8261909833600047,-1.1332367987265959,-0.44232057810531417,-0.30053881721766745,1,-2.7022871774095822,1
0,0,0,-1.3037981432504273,-1.0653756765186833,-0.8584442736357297,-1.2002540795413181,-1.0722360089202525,-0.7914306226467408,-1.0685092833996155,-0.9775025931008403,1,-3.909678508067449,1
3,0,1,1.5467161830509528,1.046917889820514,-0.15773708354950988,-1.0784515439385973,0.20412256117353314,1.920231707586777,0.9528718003574275,0.19179847433373107,1,3.2690245434514686,1
2,0,0,1.6536104702872545,0.5271388447003973,0.8933237015798199,-1.1886538380553449,-0.7185462846773962,1.988592942802748,2.4029930126179146,1.7918946718757762,1,5.464934342619043,1
3,1,1,1.3685590376571166,0.6487892595157437,0.54297010653671,1.247396873999073,-1.118369451212799,1.3277676690483613,0.7111849316473462,0.4379671201094303,0,1.3585502695923388,0
5,0,0,-0.16359241272987524,-0.5124192455398359,-0.5080906785926198,0.9167899916488306,-0.5493903296047259,-0.1533924272976778,0.07401045959349571,-0.6390207051592539,0,-1.2677930024681618,0
5,1,1,0.19272187805779725,-0.07005410075675791,-0.15773708354950988,-0.8290463519901689,-0.08805590667926116,0.6441553168886509,0.6013272640518548,-0.115912332885893,1,1.0415143413753514,1
0,0,1,-1.4463238595654964,-1.319735634768953,-0.15773708354950988,1.4736015829755547,-0.7493019128724273,-0.9509401714840066,-1.3431534523883442,-1.1621290774326147,0,-4.205524614177392,0
3,0,0,-0.555538132596315,-0.5345375027789898,0.8933237015798199,-1.6004624108074013,-0.7800575410674583,-0.9281530930786829,-0.27753407671207697,-0.7928761087690659,1,-2.778620819627284,1
0,1,0,1.012244746869444,1.8099977645713234,0.54297010653671,1.4446009792606211,1.834170855510175,1.213832277021743,1.2604732696248035,1.7303525104318513,0,6.038828912588572,0
3,0,1,0.37087902345163354,1.0026813753422061,0.19261651149360004,0.4179796077519736,-1.1029916371152835,1.3961289042643323,0.91991450007878,0.007171990001956621,0,1.2202237572297856,0
3,1,1,1.3685590376571166,0.6377301308961668,-0.8584442736357297,1.5026021866904882,0.32714507395365705,2.626631138151811,1.5570889721326304,1.8842079140416634,0,6.395073098279762,0
4,0,0,0.0858275908214955,0.02947805681943463,-0.5080906785926198,-0.0924310176308568,-0.36485656043454,-0.7458564658360934,-0.12373334207838892,0.007171990001956621,0,-1.2272743783470657,0
5,1,0,-1.3394295723291945,-1.142789576855722,-1.2087978686788396,-1.4728597544616935,-0.6570350282873343,-0.7686435442414171,-1.2882246185905983,-1.0390447545447652,0,-3.752947945664115,0
3,0,0,-0.37738098720247876,-0.25805928728956606,1.24367729662293,0.20337514026146536,-0.2264562335569006,0.46185868964606147,-0.24457677643342954,-0.23899665577374263,0,-0.24817097611801128,0
2,1,0,1.297296179499582,0.8367944460485519,-1.2087978686788396,-1.3626574603449462,0.1118556765884402,2.2392508052613085,1.6559608729685729,0.6841357658851296,1,4.6912031207034515,1
1,1,0,1.58234761212972,0.5381979733199743,0.8933237015798199,1.4852018244615282,2.679950630873527,-1.1332367987265959,2.260178044743776,0.3764249586655055,0,4.183316835556212,0
5,0,1,1.4041904667358838,0.5381979733199743,-1.5591514637219497,-0.9276484046209429,1.4804811312673187,-0.9053660146733592,1.4692028380562374,0.8072200887729791,1,2.8515380434231763,1
0,0,1,0.7984561723968405,0.9031492177660136,-1.5591514637219497,0.0931728461447179,1.265191733902102,0.21120082718750102,1.1725871355484103,-0.269767736495705,0,2.379211960142308,0
3,0,1,0.8340876014756078,1.1685683046358604,-1.5591514637219497,-0.805845869018222,-0.27258967584944704,-0.4724115249722093,-0.0028899077233483085,0.037943070723919024,0,-0.7099480378210856,0
5,1,0,-0.698063848911384,-0.479241859681105,-0.15773708354950988,0.47018069443885396,-0.36485656043454,-0.7458564658360934,-0.8487939482086326,-1.0698158352667275,0,-3.0293228097459934,0
2,0,0,-0.27048669996617697,-0.6340696603551823,-1.5591514637219497,-0.666642971186541,0.5424344713188739,0.712516552104622,-0.4533063448648633,-0.8544182702129908,1,-0.052773591654358354,1
1,0,1,-0.9474838524627548,-0.7557200751705287,-0.8584442736357297,0.4875810566678141,-0.303345304044478,-0.3356890545402672,-1.0794950501591647,-0.8236471894910283,0,-2.5421765982349385,0
1,0,0,0.12145901990026277,0.30595627230885836,0.54297010653671,0.7369862486162426,0.8653685673666992,-1.1332367987265959,-0.31049137699072443,-0.08514125216393059,0,-0.6635008605145516,0
2,1,0,-1.2325352850928928,-1.1096121909969912,-0.8584442736357297,1.067593130966485,-0.9338356820426131,-0.5863469169988277,-1.167381184235558,-1.10058691598869,0,-3.788150699265689,0
3,1,1,1.724873328444789,0.5824344877982821,-1.2087978686788396,1.5374029111484084,2.895240028238744,-0.3129019761349435,2.348064178820169,2.4073162863150244,0,7.337718517238994,0
3,1,0,0.26398473621533175,0.5492571019395512,1.24367729662293,1.108193976167392,-0.9338356820426131,1.3277676690483613,0.12893929339124144,0.19179847433373107,0,0.7146697547307207,0
4,1,0,-1.0187467106202892,-0.7336018179313748,0.8933237015798199,1.5432030318913952,-0.5340125155072104,-0.7002823090254461,-0.9147085487659274,-0.6697917858812164,0,-2.8187951591798006,0
0,0,0,-0.02106669641480624,-0.08111322937633486,-1.5591514637219497,0.9341903538777907,-1.1645028935053454,0.5302199248620325,-0.27753407671207697,-0.14668341360785542,0,-1.0585004589632452,0
2,1,1,-1.5888495758805652,-1.4413860495842996,1.24367729662293,-0.1620324665466973,-1.087613823017768,-1.0193014066999775,-1.5079399537815814,-1.4390688039302764,0,-5.053923987429604,0
4,0,0,-1.0187467106202892,-0.7225426893117979,-0.8584442736357297,0.006171034999917252,-0.7339240987749118,-0.4724115249722093,-0.9256943155254767,-0.5159363822714043,0,-2.647966321544002,0
1,0,1,-0.8762209943052203,-1.0653756765186833,0.54297010653671,1.2763974777140066,-0.7339240987749118,-0.5863469169988277,-0.6400643797771988,-0.9159604316569155,0,-2.876295827207854,0
4,1,0,-1.3750610014079618,-1.1980852199536067,-0.5080906785926198,-0.011229327229042876,-0.9030800538475822,-0.7230693874307698,-1.3101961521096968,-1.1313579967106524,0,-4.067703590098701,0
2,0,0,-0.698063848911384,-0.711483560692221,1.24367729662293,-0.32443584735032516,-0.33410093223950904,-0.8825789362680355,-0.32147714375027353,-1.0698158352667275,1,-2.607972847524546,1
5,1,1,-0.16359241272987524,-0.07005410075675791,0.54297010653671,-0.22583379471955112,-0.7954353551649738,0.2795620624034721,-0.5411924789412564,0.25334063577765586,0,-0.8037251359251024,0
4,0,1,1.5110847539721854,2.2523629093544013,-0.8584442736357297,-0.307035485121365,-0.7185462846773962,2.922863157421019,1.3044163366630002,2.745798174256611,1,6.254531383663235,1
4,0,0,0.442141881609168,-0.19170451557210436,-1.5591514637219497,-0.5564406770697935,0.4655454008312965,1.350554747453685,-0.06880450828064319,1.3610995417683025,1,3.1083951817726407,1
2,1,0,0.299616165294099,0.6266710022765899,0.54297010653671,-0.4056375377521391,-0.05730027848423019,0.18841374878217737,-0.22260524291433123,1.176473057436528,1,1.084981284820144,1
2,0,1,-0.7693267070689185,-0.501360116920259,-0.8584442736357297,0.08157260465874447,-0.9953469384326751,-1.0648755635106248,-0.8268224146895343,-0.42362314010551705,0,-3.310668056738351,0
4,1,0,0.37087902345163354,0.803617060189821,1.24367729662293,-1.44385915074676,0.6654569840989979,0.006117121539587936,1.0187864009147223,-0.05437017144196819,1,1.63599033511134,1
4,0,1,0.299616165294099,0.5050205874612435,-0.15773708354950988,-0.9798494913078233,-0.6416572141898188,0.9631744145631824,0.8320283660023868,0.09948523216784384,1,1.2530307985435944,1
1,1,1,-0.16359241272987524,0.3612519154067431,-0.15773708354950988,-1.142252872111451,-1.118369451212799,0.8720261009418877,0.23879696098673292,-0.6390207051592539,1,-0.6465670944434323,1
2,1,0,0.6915618851605387,0.5603162305591282,-0.5080906785926198,0.39477912478002675,1.4035920607797412,0.006117121539587936,1.2055444358270577,1.2687862996024153,0,3.884039917748802,0
3,1,1,0.01456473266396101,-0.5234783741594128,1.24367729662293,-1.165453355083398,0.08110004839340923,-0.1533924272976778,0.5463984302541091,-0.115912332885893,1,0.35819371846394754,1
1,0,0,-0.698063848911384,-0.501360116920259,0.54297010653671,0.3773787625510666,-0.19570060536186962,-0.9509401714840066,-0.6180928462581005,-0.33130989793962984,0,-2.0960435210436064,0
2,0,0,-0.3417495581237115,-0.25805928728956606,0.8933237015798199,-1.484459995947667,0.4347897726362655,0.46185868964606147,0.07401045959349571,-0.269767736495705,1,0.7008911853801176,1
0,0,0,-1.1612724269353583,-1.0764348051382602,0.8933237015798199,-0.2606345191774714,-0.5493903296047259,-0.4724115249722093,-1.101466583678263,-1.0082736738228029,0,-3.1315421120780007,0
4,1,1,1.119139034105746,1.3012778480707838,1.5940308916660397,-1.7338651878960956,2.510794675800857,1.9658058643974243,1.7438470070449659,1.5149549453781146,1,7.735402492621362,1
2,1,1,-1.5175867177230307,-1.4413860495842996,-0.8584442736357297,0.7311861278732559,-0.8415687974575202,-1.1332367987265959,-1.3761107526669916,-1.3467555617643892,0,-4.697671910615497,0
2,0,0,1.1904018922632802,0.8810309605268597,-0.8584442736357297,0.5165816603827477,-0.27258967584944704,-0.563559838593504,0.41456922913951927,2.1303765598173627,0,1.708796274513931,0
0,1,0,1.2260333213420476,2.07541685144117,-1.2087978686788396,0.3773787625510666,0.15798911888098668,1.783509237154835,0.3047115615440278,-0.14668341360785542,0,2.099526503971994,0
3,1,1,-0.6268009907538495,-0.269118415909143,0.8933237015798199,0.04677188020082421,-0.5955237718972723,0.2795620624034721,-0.27753407671207697,-0.14668341360785542,0,-0.7401791998137326,0
3,1,0,0.26398473621533175,-0.25805928728956606,1.5940308916660397,-1.5366610826345473,-0.4725012591171484,-0.4496244465668856,0.019081625795749985,0.9303044116608288,1,0.027260331772544832,1
3,1,0,-0.23485527088740973,-0.5124192455398359,1.24367729662293,0.44698021146690714,-1.1337472653103144,-0.6774952306201224,-0.3324629105098227,0.007171990001956621,0,-2.136533416438303,0
1,1,0,-0.8762209943052203,-0.7336018179313748,-1.5591514637219497,-0.6318422467286208,-0.8877022397500667,-0.7230693874307698,-1.0794950501591647,-0.7313339473251411,0,-3.4216006246651425,0
2,1,1,1.6179790412084873,1.433987391505707,1.5940308916660397,0.9457905953637641,2.3877721630207325,1.555638453101598,1.3593451704607458,1.6380392682659641,0,6.9407950548490405,0
5,1,1,0.050196161742728264,0.32807452954801225,-0.5080906785926198,1.2125961495411528,-0.7800575410674583,0.4390716112407378,-0.12373334207838892,0.16102739361176865,0,-0.30369187829334077,0
5,1,1,1.6536104702872545,2.351895066930594,0.8933237015798199,-0.32443584735032516,-0.6109015859947878,2.284824962071956,1.7768043073236135,0.06871415144588143,1,3.519441834846663,1
1,0,1,-1.7313752921956342,-1.5851547216388,0.54297010653671,0.13957381208861155,-1.0568581948227371,-1.1332367987265959,-1.5958260878579746,-1.5313820460961636,0,-5.317303127503472,0
3,0,0,0.5134047397667025,0.18430585749351192,-0.15773708354950988,-1.2292546832562519,0.31176725985614157,-0.9509401714840066,-0.024861441242446602,0.6841357658851296,1,0.020101413014817937,1
4,0,1,0.7628247433180733,0.8810309605268597,0.54297010653671,0.25557622694834575,0.8961241955617302,-0.3356890545402672,0.3486546285822244,-0.23899665577374263,0,0.6700931138299447,0
0,1,0,0.050196161742728264,0.3612519154067431,0.54297010653671,0.00037091425693054283,-0.02654465028919921,1.0771098065898008,0.15091082691033975,-0.42362314010551705,0,0.7778528431054244,0
2,1,0,0.5134047397667025,-0.1142906152350657,-1.5591514637219497,0.6325840752424818,-0.9953469384326751,1.7607221587495112,0.6342845643305022,-0.30053881721766745,0,1.099120967429671,0
5,0,1,-0.9831152815415221,-1.0543165478991063,-0.5080906785926198,0.2439759854623723,-0.7493019128724273,-0.7002823090254461,-0.7169647470940428,-0.7621050280471036,0,-2.92865399703902,0
0,1,1,-0.6268009907538495,-0.5234783741594128,-1.2087978686788396,-1.026250457251717,-0.011166836191683719,-0.0622441136763831,-0.38739174430756845,-0.5467074629933667,0,-1.007510157169002,0
0,1,1,-1.0900095687778237,-1.0211391620403756,0.19261651149360004,1.7404071371529433,-0.5647681437022414,-0.5863469169988277,-0.88175124848728,-0.6082496244372915,0,-2.6411159336256405,0
2,0,1,1.154770463184513,0.48290233022208956,-1.2087978686788396,-1.0726514231956106,-0.7954353551649738,1.0087485713738298,0.7221706984068954,1.1149308959926032,1,2.0504148106083546,1
4,0,1,-0.4486438453600132,-0.09217235799591181,-1.2087978686788396,0.26137634769133244,-0.9492134961401286,-0.8825789362680355,-0.4642921116244125,-0.115912332885893,0,-2.411996876918469,0
0,1,0,0.22835330713656452,0.05159631405858853,0.8933237015798199,0.8239880597610433,-1.0414803807252215,0.18841374878217737,-0.4093632778266667,0.5610514429972799,0,-0.701378466772431,0
4,1,0,0.7984561723968405,0.5160797160808204,-0.5080906785926198,0.7195858863872825,-0.303345304044478,0.2339879055928247,1.524131671853983,1.6380392682659641,0,3.092813541668294,0
1,0,0,-1.2325352850928928,-1.0764348051382602,0.19261651149360004,0.6209838337565085,-1.0568581948227371,-0.7458564658360934,-0.9806231493232224,-1.2852134003204645,0,-4.068551210302518,0
5,1,1,-1.5175867177230307,-1.3971495351059917,-1.2087978686788396,1.0443926479945382,-1.0722360089202525,-0.9281530930786829,-1.474982653502934,-1.408297723208314,0,-4.883669478710183,0
4,1,0,0.442141881609168,0.7483214170919363,-0.15773708354950988,-0.3592365718082454,0.32714507395365705,0.09726543516088265,0.45851229617771583,0.868762250216904,1,1.7516850555091596,1
2,0,0,1.3329276085783492,0.28383801506970446,0.54297010653671,0.6151837130135217,2.3723943489232173,-0.1533924272976778,1.6669466397281218,1.2995573803243776,0,5.185505941678039,0
0,0,0,0.7984561723968405,-0.07005410075675791,0.8933237015798199,1.224196391027126,-0.9953469384326751,1.6923609235335402,0.10696775987214316,1.4226417032122274,0,2.2266234481852356,0
2,0,1,-0.4486438453600132,-0.6672470462139132,0.54297010653671,1.4446009792606211,-0.1803227912643541,-0.5863469169988277,-0.6180928462581005,-0.7621050280471036,0,-2.146867582568386,0
3,0,0,0.40651045253040075,0.17324672887393497,-0.15773708354950988,1.624404722293209,1.2805695479996175,0.7353036305099456,0.5463984302541091,1.2687862996024153,0,3.8310579083660876,0
5,1,1,-0.555538132596315,-0.6230105317356054,-1.2087978686788396,0.3715786418080799,0.31176725985614157,-1.0193014066999775,-0.804850881170436,0.06871415144588143,0,-1.4436708765683905,0
5,0,1,-1.3037981432504273,-1.120671319616568,-1.5591514637219497,-0.7826453860462752,-1.14912507940783,-0.5407727601881803,-1.0794950501591647,-1.0698158352667275,0,-3.8392087250219027,0
3,1,1,-0.555538132596315,-0.34653231624618164,-1.5591514637219497,1.0791933724524585,-1.0568581948227371,0.32513621921411945,-0.4862636451435107,-1.0082736738228029,0,-2.2262592945749313,0
1,0,1,-1.5888495758805652,-1.4524451782038765,-0.15773708354950988,-1.5888621693214278,-1.087613823017768,-0.9053660146733592,-1.39808228618609,-1.3159844810424268,1,-4.707046604919644,1
0,1,0,-0.3417495581237115,-0.479241859681105,0.8933237015798199,-1.165453355083398,-0.24183404765441607,0.5985811600780035,-0.2665483099525278,0.09948523216784384,1,0.1896840346389035,1
2,1,1,0.12145901990026277,-0.4018279593440664,-0.8584442736357297,1.3982000133167274,-0.10343372077677666,-1.1104497203212722,-0.44232057810531417,0.4995092815533551,0,-1.1566947376500079,0
2,1,1,-1.0900095687778237,-0.9326661330837599,0.54297010653671,0.2207755024904255,-0.395612188629571,-1.0876626419159485,-1.1234381171973613,-0.8236471894910283,0,-3.430360137233909,0
4,0,1,-0.555538132596315,-0.689365303453067,-1.2087978686788396,-0.7072438163874479,-0.5340125155072104,-0.24454074091897252,-0.42034904458621586,-0.3620809786615922,1,-1.5609832796739909,1
0,0,1,1.154770463184513,1.6441108352776692,-1.2087978686788396,0.00037091425693054283,1.0960357788294317,1.7151480019388639,1.062729467952919,2.161147640539325,0,6.035060889260539,0
0,0,1,0.5846675979242371,0.05159631405858853,0.8933237015798199,0.9747911990786977,-1.1029916371152835,-0.7230693874307698,1.1945586690675087,-0.3620809786615922,0,-0.9935833341401368,0
0,1,0,-1.125640997856591,-0.9547843903229138,-0.15773708354950988,-0.4462383829530461,-0.7800575410674583,-0.8825789362680355,-0.9806231493232224,-1.1929001581545773,1,-3.8361597848132933,1
2,0,1,0.5134047397667025,0.6377301308961668,0.54297010653671,-1.583062048578441,0.1118556765884402,-1.1104497203212722,0.8430141327619359,-0.08514125216393059,1,-0.24072116313482667,1
1,0,1,-1.5888495758805652,-1.4745634354430304,-0.5080906785926198,1.1545949421112855,-0.9953469384326751,-0.9737272498893302,-1.4200538197051882,-1.2852134003204645,0,-4.674341408347658,0
5,0,0,0.6915618851605387,0.8699718319072828,1.24367729662293,1.1777954250832325,1.7265261568275665,0.30234914080879577,1.3923024707393934,-0.269767736495705,0,3.151410031880051,0
2,0,0,0.9409818887119096,0.02947805681943463,1.24367729662293,-0.44043826221005933,0.8346129391716682,0.028904199944911613,0.6452703310900514,0.4995092815533551,1,2.0082967517599863,1
1,0,0,-0.8762209943052203,-0.9437252617033369,-0.8584442736357297,-0.5448404355838201,-0.7954353551649738,-0.7002823090254461,-0.6071070794985514,-0.8851893509349531,1,-2.9880140946239244,1
1,0,0,1.4754533248934183,0.4054884298850509,-1.5591514637219497,-1.44385915074676,2.29550527843564,-0.631921073809475,1.7987758408427117,2.468858447758949,1,5.931218493227825,1
2,0,1,-1.1612724269353583,-1.2091443485731836,-0.5080906785926198,0.2787767099202926,-0.9645913102376441,-0.4268373681615619,-0.9806231493232224,-1.0390447545447652,0,-3.4110965822671933,0
1,1,0,-0.05669812549357349,0.37231104402632004,-1.2087978686788396,0.06997236317277106,-0.2110784194593851,0.21120082718750102,0.1399250601507906,-0.6390207051592539,0,-0.49897323728034737,0
1,0,0,0.22835330713656452,-0.30229580176787385,0.54297010653671,-1.182853717312358,-0.31872311814199356,0.5757940816726799,0.2717542612653803,0.19179847433373107,1,0.7206236991297977,1
3,1,0,-1.695743863116867,-1.5851547216388,-1.5591514637219497,-0.8232462312471821,-1.0722360089202525,-1.1332367987265959,-1.5408972540602288,-1.469839884652239,1,-5.216209946359316,1
3,0,1,-1.1969038560141254,-1.2976173775297992,-0.8584442736357297,-0.6492426089575809,-1.1337472653103144,-1.0193014066999775,-1.167381184235558,-1.0390447545447652,1,-4.359474610790615,1
4,0,0,0.6915618851605387,0.4165475585046278,-0.8584442736357297,-0.7246441786164081,-0.9492134961401286,0.2567749839981484,-0.046832974761544896,0.06871415144588143,1,-0.6705573354576437,1
1,1,0,-1.0187467106202892,-0.8994887472250291,1.24367729662293,-1.0610511817096373,-0.8415687974575202,-0.24454074091897252,-0.9476658490445748,-0.946731512378878,1,-2.9805068997999458,1
2,1,0,0.6202990270030043,0.39442930126547393,-0.5080906785926198,1.050192768737525,1.5573702017548963,-0.9281530930786829,0.9418860335978783,0.13025631288980624,0,1.7013594551638977,0
1,1,1,-0.9474838524627548,-0.9879617761816447,0.19261651149360004,-1.525060841148574,-0.6262794000923033,-0.6547081522147987,-0.6290786130176497,-0.8236471894910283,1,-2.73371335481578,1
0,1,1,-1.5888495758805652,-1.4745634354430304,0.19261651149360004,-0.5158398318688866,-1.1029916371152835,-1.0876626419159485,-1.4200538197051882,-1.408297723208314,1,-5.019005821944734,1
4,0,0,0.40651045253040075,0.23960150059139665,-0.8584442736357297,1.3749995303447806,0.7884794968791218,-0.2901148977296199,1.0517437011933697,-0.115912332885893,0,1.4341959674569784,0
1,1,0,0.9053504596331423,1.046917889820514,0.19261651149360004,1.2183962702841395,-0.9492134961401286,1.2594064338323903,1.6669466397281218,0.06871415144588143,0,2.045853728866265,0
2,1,0,-0.09232955457234074,-0.501360116920259,-0.5080906785926198,-0.06923053465890996,-0.5801459577997569,0.05169127835023529,-0.013875674482897454,-0.14668341360785542,0,-0.6890137675402744,0
5,0,0,-0.30611812904494423,-0.6561879175943363,0.19261651149360004,1.566403514863342,-0.6570350282873343,-0.5863469169988277,-0.31049137699072443,0.22256955505569345,0,-1.3313037672211931,0
0,1,1,0.7628247433180733,0.615611873657013,-0.15773708354950988,0.7717869730741629,1.2498139198045866,1.6012126099122455,0.4475265294181667,1.5149549453781146,0,4.813508004513113,0
5,1,1,0.47777331068793527,0.5713753591787052,0.8933237015798199,-1.4612595129757202,0.38865633034371905,1.350554747453685,0.5793557305327565,0.5918225237192424,1,2.910389332049403,1
0,1,1,1.3685590376571166,0.8699718319072828,0.19261651149360004,0.8181879390180565,-0.28796748994696253,1.418915982669656,1.3154021034225494,0.6533646851631671,0,3.09971528130841,0
3,1,0,0.01456473266396101,-0.07005410075675791,0.19261651149360004,-1.7048645841811618,-1.0414803807252215,0.8720261009418877,-0.38739174430756845,-0.6390207051592539,1,-1.1958667292501564,1
2,0,1,0.442141881609168,0.48290233022208956,1.24367729662293,-0.9972498535367834,1.295947362097133,0.5074328464567088,0.5244268967350108,0.4687382008313927,1,2.7965453061202448,1
3,0,0,0.5490361688454698,0.7704396743310902,-1.2087978686788396,-0.8406465934761422,-0.5647681437022414,-0.4496244465668856,1.0956867682315663,0.7456779273290544,0,0.8269721052914938,0
1,1,1,-0.09232955457234074,-0.047935843517604014,-1.5591514637219497,-1.4148585470318265,-0.05730027848423019,0.8720261009418877,-0.1896479426356838,0.16102739361176865,0,0.7861052734337425,0
0,0,0,-1.7313752921956342,-1.6293912361171077,-1.2087978686788396,-0.03442981020098971,-1.0722360089202525,-1.1332367987265959,-1.6177976213770728,-1.5006109653742012,0,-5.323881394398122,0
0,1,1,0.869719030554375,1.1796274332554373,1.24367729662293,1.4156003755456876,0.2502560034660796,-0.9965143282946539,0.3816119288608718,0.4687382008313927,0,0.10409180486369018,0
4,0,0,1.4041904667358838,2.163889880397786,-1.2087978686788396,0.9921915613076578,-0.41099000272708647,1.0315356497791535,2.0844057765909896,0.8379911694949416,0,3.5429425931379983,0
2,0,0,0.12145901990026277,-0.2912366731482969,-1.2087978686788396,0.12797357060263814,1.0652801506344005,-0.4724115249722093,-0.36542021078847015,0.13025631288980624,0,0.35770472776352735,0
1,1,1,-1.1969038560141254,-1.175966962714453,1.5940308916660397,-0.6956435749014745,-1.118369451212799,-0.9965143282946539,-1.0685092833996155,-0.946731512378878,1,-4.130124575285946,1
4,0,0,-0.27048669996617697,-0.4018279593440664,1.5940308916660397,-1.525060841148574,0.5578122854163894,0.2339879055928247,0.2058396607080855,0.06871415144588143,1,1.0663540031631809,1
1,0,0,0.050196161742728264,-0.4350053452027972,-0.8584442736357297,0.5687827470696281,1.0191467083418542,0.5985811600780035,0.4035834623799701,-0.7005628666031787,0,1.3207484641966492,0
4,1,0,-0.23485527088740973,0.2064241147326658,1.24367729662293,-1.7280650671531088,-0.9953469384326751,-0.6547081522147987,-0.12373334207838892,0.22256955505569345,1,-1.5512188776701692,1
1,1,1,-0.413012416281246,-0.8110157182684135,0.54297010653671,-1.4554593922327335,0.5731900995139049,-1.0193014066999775,-0.36542021078847015,-0.42362314010551705,1,-1.2351546580800599,1
0,0,0,-1.410692430486729,-1.3086765061493761,-0.15773708354950988,-0.6840433334155012,-0.7185462846773962,-1.0648755635106248,-1.3431534523883442,-1.0390447545447652,1,-4.16562005512113,1
2,0,0,-0.9118524233839875,-0.7667792037901057,-0.15773708354950988,-0.9914497327937967,-0.9184578679450977,-0.19896658410832516,-1.0135804496018699,-0.8544182702129908,1,-2.985423171868283,1
4,0,0,-1.6244810049593326,-1.5298590785409152,-0.5080906785926198,-0.7478446615883549,-1.0722360089202525,-1.0648755635106248,-1.4969541870220322,-1.3159844810424268,1,-4.950050240495337,1
0,0,1,1.4041904667358838,1.909529922147516,-0.15773708354950988,1.7114065334380097,1.4343476889747722,0.18841374878217737,0.6123130308114039,1.3918706224902648,0,3.6269450910586185,0
1,1,1,0.01456473266396101,0.5713753591787052,1.24367729662293,0.9109898709058438,0.6654569840989979,-0.3584761329455909,-0.1896479426356838,-0.5467074629933667,0,-0.4293745544756435,0
2,0,0,0.050196161742728264,-0.1806453869525274,-1.5591514637219497,1.026992285765578,-0.07267809258174568,0.05169127835023529,0.04105315931484828,0.3456538779435431,0,0.36572022302688095,0
5,1,1,-0.23485527088740973,-0.689365303453067,-1.2087978686788396,0.9341903538777907,0.09647786249092472,-0.9053660146733592,-0.10176180855929062,-0.6082496244372915,0,-1.5188995851790166,0
1,0,0,-1.125640997856591,-1.2091443485731836,0.19261651149360004,1.2821975984569933,-0.3494787463370245,-0.7914306226467408,-1.112452350437812,-0.7005628666031787,0,-2.953924586024756,0
4,1,1,1.4754533248934183,1.257041333592476,-0.8584442736357297,0.3599784003221065,-0.9953469384326751,-1.0420884851053012,1.293430569903451,0.09948523216784384,0,-0.6445196214666813,0
2,1,1,-0.09232955457234074,0.15112847163478108,-0.15773708354950988,-1.4496592714897467,-0.8415687974575202,0.34792329761944313,-0.4093632778266667,-0.6390207051592539,1,-1.5420294828239975,1
4,1,0,-0.05669812549357349,-0.490300988300682,1.5940308916660397,-1.6178627730363613,-0.9645913102376441,-1.0420884851053012,-0.44232057810531417,0.4687382008313927,1,-1.980262172616867,1
3,0,1,-0.09232955457234074,-0.5566557600181437,-1.2087978686788396,-1.345257098115986,0.2502560034660796,0.028904199944911613,0.15091082691033975,-0.4543942208274795,1,-0.024323190506148507,1
4,0,0,1.5110847539721854,1.0800952756792448,0.54297010653671,-0.8406465934761422,3.095151611506445,-0.0622441136763831,2.194263444186481,2.745798174256611,1,7.972969116273154,1
5,1,1,0.869719030554375,1.046917889820514,-0.5080906785926198,0.8355883012470167,-0.9030800538475822,-0.3129019761349435,0.17288236042943803,1.3303284610463402,0,0.28722879149325253,0
1,0,0,0.299616165294099,0.18430585749351192,-1.2087978686788396,1.1951957873121926,0.5731900995139049,1.0771098065898008,0.8430141327619359,0.6533646851631671,0,3.146678724028809,0
0,0,0,1.5467161830509528,1.4118691342665532,-0.8584442736357297,-0.8348464727331556,2.1417271374604847,3.0823727062582846,2.2491922779842266,0.868762250216904,1,8.3420543719199,1
5,0,0,0.0858275908214955,-0.19170451557210436,-0.5080906785926198,0.690585282672349,-0.9030800538475822,-1.0876626419159485,-0.4093632778266667,0.09948523216784384,0,-2.300620741422354,0
4,0,0,-0.4842752744387805,-0.6783061748334901,1.24367729662293,0.39477912478002675,0.050344420198378245,-0.7686435442414171,-0.1896479426356838,-0.5774785437153291,0,-1.4854256103940517,0
0,0,1,-0.9118524233839875,-1.0321982906599525,1.24367729662293,-0.6144418844996606,-0.36485656043454,-0.13060534889235412,-0.727950513853592,-0.8236471894910283,1,-2.0470596126715144,1
4,1,0,-0.8049581361476857,-0.479241859681105,-1.5591514637219497,1.3982000133167274,-1.0414803807252215,-0.5407727601881803,-0.88175124848728,-0.269767736495705,0,-2.733772125896387,0
0,0,1,0.12145901990026277,0.6930257739940515,-0.5080906785926198,0.7021855241583224,0.1118556765884402,0.32513621921411945,0.17288236042943803,0.7456779273290544,0,1.355552183561052,0
5,0,0,-0.698063848911384,-0.6340696603551823,-0.15773708354950988,-1.0784515439385973,-1.118369451212799,0.07447835675555897,-0.7828793476513377,-0.6697917858812164,1,-2.496562227989794,1
5,1,0,-0.09232955457234074,0.04053718543901158,-0.15773708354950988,1.2299965117701128,0.31176725985614157,-0.7914306226467408,0.29372579478447863,-0.4543942208274795,0,-0.6403317888336001,0
1,1,0,1.3329276085783492,0.26171975783055057,1.5940308916660397,1.345998926629847,-0.8723244256525512,-0.3129019761349435,0.9748433338765258,0.7456779273290544,0,0.5352948594180854,0
2,0,0,-0.3417495581237115,-0.025817586278450114,0.19261651149360004,-0.16783258728968403,-1.1645028935053454,0.05169127835023529,-0.23359100967388038,-0.4851653015494419,0,-1.8315679263784326,0
5,1,0,1.6536104702872545,2.4182498386480558,0.54297010653671,-0.8174461105041955,3.2643075665791157,2.9456502358263426,0.8430141327619359,0.19179847433373107,1,7.244770409501125,1
2,0,1,0.47777331068793527,0.9916222467226292,-0.8584442736357297,-0.04603005168696313,-0.7646797269699428,0.30234914080879577,0.5573841970136582,0.3148827972215807,0,0.4099364080740918,0
5,0,0,-0.5911695616750823,-0.2248819014308352,1.5940308916660397,-0.4230378999810992,-1.0107247525301906,-0.10781827048703045,-0.7169647470940428,-0.30053881721766745,1,-2.136046587328931,1
4,1,0,-0.555538132596315,-0.5455966313985667,0.19261651149360004,-1.5482613241205208,0.019588792003347264,0.32513621921411945,-0.7718935808917886,-0.4851653015494419,1,-0.9123338712237637,1
3,1,0,-0.6624324198326168,-0.5677148886377206,1.24367729662293,-0.3940372962661657,-0.6416572141898188,-1.1104497203212722,-0.585135545979453,-0.8851893509349531,1,-3.222431831425497,1
2,0,1,-0.05669812549357349,-0.2248819014308352,1.24367729662293,0.8935895086768837,0.1118556765884402,-0.38126321135091457,0.15091082691033975,0.6841357658851296,0,0.565639058032995,0
0,0,1,-1.3394295723291945,-1.142789576855722,-1.2087978686788396,1.3633992888588071,-1.0722360089202525,-1.1104497203212722,-1.2992103853501475,-1.2852134003204645,1,-4.7671095149121365,1
4,0,0,-0.9118524233839875,-1.0764348051382602,-0.15773708354950988,-0.04603005168696313,-0.6262794000923033,-0.7914306226467408,-0.574149779219904,-0.6390207051592539,0,-2.630880507118202,0
0,0,0,0.869719030554375,1.3455143625490915,1.5940308916660397,-0.27223476066344476,0.6347013559039669,-0.49519860337753296,1.216530202586607,0.3456538779435431,0,1.7016868330565842,0
2,0,0,-1.553218146801798,-1.4524451782038765,-0.5080906785926198,1.1951957873121926,-0.8569466115550357,-0.8825789362680355,-1.4200538197051882,-1.408297723208314,0,-4.567877090736573,0
4,0,1,1.119139034105746,1.478223905984015,-1.5591514637219497,-1.287255890686119,-0.10343372077677666,1.418915982669656,1.2385017361057051,2.007292236929513,0,4.561276234928098,0
1,1,0,0.6559304560817715,1.2238639477337452,-1.2087978686788396,-0.38243705478019224,1.080657964731916,1.5784255315069218,-0.024861441242446602,1.3610995417683025,0,3.995321596764694,0
1,1,1,-1.26816671417166,-1.0211391620403756,0.8933237015798199,-1.1596532343404113,-0.5032568873121794,-0.5863469169988277,-1.1344238839569103,-1.0698158352667275,1,-3.293843523534645,1
3,0,0,0.442141881609168,0.35019278678716614,1.24367729662293,-0.33023596809331185,-0.8723244256525512,1.0087485713738298,0.2827400280249295,-0.4543942208274795,1,-0.03523004708127142,1
0,1,1,1.3329276085783492,1.1575091760162834,-0.15773708354950988,0.6673847997004021,2.741461887263589,-0.563559838593504,2.172291910667383,1.1149308959926032,0,5.46512485533007,0
4,0,1,1.3685590376571166,0.615611873657013,-0.8584442736357297,0.4875810566678141,-0.9799691243351596,0.9631744145631824,0.5793557305327565,0.5302803622753175,0,1.0928413830360968,0
3,1,1,-1.0543781396990566,-0.9990209048012216,-0.5080906785926198,-1.4728597544616935,-0.303345304044478,-0.9965143282946539,-1.167381184235558,-0.6390207051592539,1,-3.106261521733944,1
1,0,1,1.4754533248934183,1.5556378063210536,-0.8584442736357297,0.4005792455230135,0.37327851624620356,1.8062963155601586,0.9089287333192309,2.0688343983734376,0,5.15733796349903,0
2,1,0,-0.5199067035175478,-0.7888974610292596,0.19261651149360004,-0.19683319100461757,0.4655454008312965,-0.4496244465668856,-0.6840074468153954,-0.7005628666031787,0,-1.3686493591541633,0
0,1,1,1.2616647504208147,0.9363266036247444,-1.5591514637219497,-1.385857943316893,2.8183509577511665,0.07447835675555897,1.0517437011933697,0.7764490080510168,1,4.721022023751112,1
5,0,0,-0.7336952779901512,-0.7888974610292596,-0.8584442736357297,-1.5482613241205208,-0.6570350282873343,-1.0420884851053012,-0.7609078141322394,-0.8544182702129908,1,-3.314449597737865,1
3,1,1,0.050196161742728264,0.12901021439562718,-0.5080906785926198,-1.5366610826345473,0.31176725985614157,0.46185868964606147,-0.16767640911658552,0.7149068466070919,1,1.3208563869927095,1
3,0,1,0.7628247433180733,0.5824344877982821,-0.15773708354950988,-0.24323415694851125,-1.14912507940783,1.8746575507761296,1.3263878701820984,1.7303525104318513,0,3.782272851982249,0
1,1,1,-0.37738098720247876,0.05159631405858853,0.19261651149360004,-0.9508488875928898,0.450167586733781,-0.49519860337753296,-0.03584720800199575,-0.5467074629933667,1,-0.6275856876391144,1
1,1,0,-0.9474838524627548,-1.0985530623774142,-1.5591514637219497,-1.327856735887026,-0.2110784194593851,-0.4268373681615619,-0.727950513853592,-1.10058691598869,1,-2.466453217463229,1
2,1,1,0.15709044897903002,0.3612519154067431,-0.15773708354950988,-0.4926393488969397,-0.10343372077677666,-0.13060534889235412,0.37062616210132265,-0.269767736495705,1,-0.13318064406351315,1
0,1,1,1.4041904667358838,1.013740503961783,-0.15773708354950988,-0.0054292064860561665,0.8346129391716682,-0.3584761329455909,1.293430569903451,0.4379671201094303,0,2.2075344962389587,0
0,1,1,1.012244746869444,0.9805631181030523,1.5940308916660397,0.7427863693592293,1.7111483427300511,2.421547432503898,0.7331564651664445,0.7456779273290544,0,5.611530167729447,0
2,1,1,0.40651045253040075,0.7151440312332055,1.5940308916660397,0.4585804529528806,1.7111483427300511,-0.563559838593504,1.0297721676742715,1.2687862996024153,0,3.446146971413234,0
3,0,1,1.012244746869444,1.5556378063210536,-1.2087978686788396,-1.165453355083398,2.4185277912157637,0.12005251356620632,1.6559608729685729,0.5918225237192424,0,4.786363701469785,0
3,1,0,-1.3750610014079618,-1.175966962714453,-0.8584442736357297,1.2705973569710198,-0.9338356820426131,-0.8825789362680355,-1.178366950995107,-1.254442319598502,0,-4.2492238889042575,0
1,0,0,-0.127960983651108,-0.3797097021049125,-0.8584442736357297,-1.6932643426951886,0.6654569840989979,-0.8825789362680355,-0.0028899077233483085,-0.39285205938355466,1,-0.6128639192759406,1
5,0,1,0.299616165294099,0.05159631405858853,-1.5591514637219497,0.7543866108452028,0.7884794968791218,-0.0622441136763831,0.08499622635304487,0.28411171649961825,0,1.0953433260554017,0
4,1,1,-1.3037981432504273,-1.1096121909969912,0.54297010653671,-1.6700638597232418,-0.5340125155072104,-0.9053660146733592,-1.3101961521096968,-1.10058691598869,1,-3.8501615982789565,1
3,1,1,-0.127960983651108,-0.25805928728956606,0.8933237015798199,0.8123878182750698,-0.8108131692624893,0.8264519441312403,-0.3764059775480193,0.3456538779435431,0,-0.015113324735725131,0
5,0,1,0.9053504596331423,0.5381979733199743,-0.15773708354950988,-0.45203850369603277,2.1571049515580003,-0.8142177010520645,0.5793557305327565,-0.20822557505178022,1,1.714017405986912,1
4,0,0,0.7628247433180733,0.19536498611308886,-1.2087978686788396,0.5919832300415748,1.295947362097133,0.48464576805138515,0.7551279986855428,1.4226417032122274,0,3.958362832046288,0
4,1,1,-1.3037981432504273,-1.1980852199536067,0.8933237015798199,-0.887047559420036,-0.5955237718972723,-0.8597918578627118,-1.0794950501591647,-1.2236712388765396,1,-3.758481918795688,1
5,0,0,-1.3037981432504273,-1.352913020627684,-1.2087978686788396,1.3285985644008869,-1.0261025666277062,-0.9965143282946539,-1.0685092833996155,-1.0390447545447652,0,-4.130170932866741,0
2,0,0,1.012244746869444,0.37231104402632004,1.24367729662293,0.7369862486162426,1.9571933682902989,1.6923609235335402,0.4914695964563633,0.6533646851631671,0,4.794388573443369,0
5,1,1,0.9053504596331423,0.39442930126547393,0.54297010653671,-0.52744007335486,0.15798911888098668,0.8036648657259167,0.7770995322046411,-0.39285205938355466,1,1.3459014574279897,1
3,0,1,1.6179790412084873,2.108594237299901,-1.5591514637219497,0.8413884219900034,-0.7646797269699428,-0.6774952306201224,1.963562342235949,0.5302803622753175,0,1.0516677469212015,0
1,1,0,-0.9831152815415221,-0.9437252617033369,1.24367729662293,-0.5042395903829131,-0.44174563092211744,-0.9281530930786829,-0.6730216800558463,-1.0390447545447652,1,-3.0819651586014114,1
2,1,0,1.0835076050269785,0.37231104402632004,-0.8584442736357297,-1.3220566151440392,1.7880374132176284,1.1910451986164192,1.7438470070449659,0.8995333309388663,1,5.62246294981788,1
2,0,1,-1.695743863116867,-1.596213850258377,-1.2087978686788396,-1.0958519061675576,-1.0568581948227371,-1.1332367987265959,-1.5299114873006796,-1.5006109653742012,1,-5.220617446224214,1
4,0,0,-0.127960983651108,-0.479241859681105,1.5940308916660397,-0.6086417637566739,0.5885679136114204,0.4162845328354141,0.2058396607080855,-0.14668341360785542,1,1.0640086935470645,1
5,1,0,-1.410692430486729,-1.3971495351059917,-1.2087978686788396,1.3169983229149136,-0.7800575410674583,-0.9053660146733592,-1.2113242512737543,-1.3467555617643892,0,-4.243503368778962,0
4,1,0,1.2616647504208147,1.1022135329183986,-0.8584442736357297,1.2763974777140066,1.0652801506344005,0.006117121539587936,1.1945586690675087,1.022617653826716,0,3.288573595068213,0
5,0,1,1.297296179499582,1.433987391505707,-0.15773708354950988,0.3483781588361331,2.7722175154586197,-0.9509401714840066,1.1835729023079595,1.5764971068220393,0,4.581347353104611,0
0,1,0,-1.0187467106202892,-0.7225426893117979,-1.2087978686788396,-0.2142335532335777,-1.0107247525301906,-0.9053660146733592,-1.178366950995107,-0.6697917858812164,0,-3.7642495040798725,0
1,1,1,-1.6244810049593326,-1.5187999499213383,-0.15773708354950988,1.6418050845221692,-1.0107247525301906,-1.1332367987265959,-1.474982653502934,-1.4390688039302764,0,-5.058013008689997,0
0,1,1,1.4398218958146511,0.7593805457115133,0.19261651149360004,-1.2350548039992384,2.741461887263589,2.421547432503898,1.8207473743618101,0.6225936044412047,1,7.606350298570502,1
1,0,0,-1.0187467106202892,-0.711483560692221,0.19261651149360004,0.07577248391575776,-1.0722360089202525,-0.7230693874307698,-1.035551983120968,-0.7928761087690659,0,-3.623733488241056,0
0,1,1,-1.0187467106202892,-0.7888974610292596,0.54297010653671,-1.5366610826345473,-0.7185462846773962,-0.2901148977296199,-0.9037227820063783,-0.6390207051592539,1,-2.5514046695726487,1
1,0,1,1.6179790412084873,2.1417716231586317,-1.5591514637219497,1.1313944591393388,0.31176725985614157,-0.9281530930786829,1.8537046746404575,1.3303284610463402,0,2.5676473024642563,0
1,0,1,0.5134047397667025,-0.1364088724742196,-0.5080906785926198,-1.3394569773729992,0.32714507395365705,-1.0648755635106248,0.22781119422718377,1.022617653826716,1,0.5126983584969319,1
4,0,1,-0.9474838524627548,-0.8552522327467212,1.24367729662293,1.6708056882371027,-0.7339240987749118,-0.7686435442414171,-0.8268224146895343,-0.5467074629933667,0,-2.87609752069923,0
4,1,0,0.15709044897903002,-0.31335493038745077,-0.8584442736357297,0.8239880597610433,0.8346129391716682,-0.5179856817828566,0.5134411299754615,-0.20822557505178022,0,0.6218428123124929,0
0,0,0,-0.02106669641480624,-0.08111322937633486,-1.2087978686788396,1.589603997835289,-0.6877906564823653,0.9859614929685061,-0.11274757531883978,-0.33130989793962984,0,-0.14588663677232877,0
1,0,0,-0.840589565226453,-0.7778383324096827,0.8933237015798199,0.528181901868721,-0.8415687974575202,-0.3129019761349435,-0.7718935808917886,-0.8851893509349531,0,-2.8115537054192057,0
3,1,1,1.2260333213420476,1.6772882211364,0.19261651149360004,0.9399904746207774,0.8038573109766373,-0.2901148977296199,0.5354126634945598,-0.23899665577374263,0,0.8101584209678347,0
1,0,0,-0.23485527088740973,-0.490300988300682,1.24367729662293,-1.6004624108074013,-0.8108131692624893,-0.38126321135091457,-0.2665483099525278,0.13025631288980624,1,-1.3283683776761255,1
4,1,0,-1.6244810049593326,-1.4745634354430304,1.5940308916660397,1.026992285765578,-1.0107247525301906,-1.0648755635106248,-1.5189257205411306,-1.469839884652239,0,-5.0643659212341845,0
0,0,0,1.154770463184513,0.6930257739940515,-1.5591514637219497,0.3599784003221065,-0.2110784194593851,1.6695738451282165,1.0297721676742715,1.6072681875440018,0,4.095535780887105,0
2,1,1,0.3352475943728663,-0.23594103005041214,0.19261651149360004,-0.8000457482752353,-0.8261909833600047,-0.563559838593504,-0.05781874152109404,0.19179847433373107,1,-1.2557710891408715,1
3,1,1,-0.37738098720247876,-0.5234783741594128,0.54297010653671,0.052572000943810926,-0.8261909833600047,0.4390716112407378,-0.3764059775480193,-0.115912332885893,0,-0.8794376825531792,0
5,0,1,-0.23485527088740973,-0.3797097021049125,1.5940308916660397,-0.057630293172936546,-1.0107247525301906,-0.5179856817828566,0.04105315931484828,-0.8236471894910283,0,-2.3113044644892273,0
3,0,1,-0.23485527088740973,0.07371457129774242,1.24367729662293,1.0385925272515515,-0.0419224643867147,0.09726543516088265,-0.024861441242446602,-0.42362314010551705,0,-0.3931416105737957,0
2,0,1,-1.125640997856591,-1.120671319616568,0.54297010653671,0.23817586471938562,-0.9953469384326751,-0.9281530930786829,-1.0575235166400663,-0.7928761087690659,0,-3.77389965692049,0
0,0,1,-0.02106669641480624,0.3612519154067431,0.19261651149360004,0.8819892671909103,1.0960357788294317,-0.22175366251364884,-0.508235178662609,0.4687382008313927,0,0.8347851384845666,0
0,0,0,1.0478761759482114,0.9473857322443214,-0.15773708354950988,-1.7106647049241486,2.2647496502406086,1.5100642962909507,0.22781119422718377,2.161147640539325,1,6.163772781298068,1
4,1,0,1.119139034105746,0.615611873657013,-0.15773708354950988,-0.3128356058643518,0.5116788431238429,0.46185868964606147,1.084701001472017,1.7303525104318513,1,3.788591044673773,1
2,0,0,0.6915618851605387,1.0026813753422061,-0.5080906785926198,1.3517990473728339,0.9576354519517922,-0.19896658410832516,1.2055444358270577,1.2687862996024153,0,3.23299960327294,0
2,1,0,-0.9474838524627548,-0.700424432072644,1.24367729662293,-1.0378506987376903,-0.6570350282873343,-0.7914306226467408,-0.9256943155254767,-1.10058691598869,1,-3.474746882448242,1
5,0,0,0.5490361688454698,0.4054884298850509,-1.2087978686788396,0.2265756232334122,-0.6570350282873343,-0.8825789362680355,1.0956867682315663,-0.20822557505178022,0,-0.6521527713755838,0
3,0,0,-0.6624324198326168,-0.9105478758446061,1.5940308916660397,0.7833872145601363,-0.9184578679450977,-0.2901148977296199,-0.651050146536748,-0.5774785437153291,0,-2.4371014559267947,0
0,1,1,-0.8762209943052203,-1.0764348051382602,-1.5591514637219497,-1.2930560114291056,-1.1337472653103144,-0.016669956865735743,-0.9916089160827715,-0.7005628666031787,1,-2.8425890048620004,1
3,1,0,0.6559304560817715,0.05159631405858853,1.5940308916660397,-1.681664101209215,-0.4571234450196329,-0.3129019761349435,0.5793557305327565,-0.05437017144196819,1,-0.24503986206378825,1
4,0,0,-0.09232955457234074,-0.12534974385464265,-1.5591514637219497,0.5513823848406679,0.5885679136114204,-0.7458564658360934,0.03006739255529913,-0.115912332885893,0,-0.24313349255526695,0
1,1,1,-1.695743863116867,-1.540918207160492,-1.2087978686788396,-1.4206586677748132,-1.0414803807252215,-1.0648755635106248,-1.5738545543388762,-1.469839884652239,0,-5.1500503832269615,0
1,1,1,-0.27048669996617697,-0.1142906152350657,0.19261651149360004,-0.43463814146707264,-0.8261909833600047,-0.8825789362680355,-0.11274757531883978,0.16102739361176865,1,-1.6604901013351112,1
5,1,0,-1.553218146801798,-1.4082086637255689,1.5940308916660397,-1.565661686349481,-0.9492134961401286,-0.9737272498893302,-1.3870965194265408,-1.3775266424863517,1,-4.6875639079423514,1
5,0,0,1.5467161830509528,1.1796274332554373,0.54297010653671,0.14537393283159827,3.187418496091538,2.3759732756932506,1.7218754735258677,1.8842079140416634,0,9.16947515935232,0
3,1,1,-1.5175867177230307,-1.352913020627684,-0.15773708354950988,0.25557622694834575,-1.0568581948227371,-1.0193014066999775,-1.3431534523883442,-1.408297723208314,0,-4.827610777119373,0
5,1,0,-0.23485527088740973,-0.025817586278450114,-1.2087978686788396,1.5374029111484084,0.1118556765884402,0.2795620624034721,-0.024861441242446602,-0.4543942208274795,0,-0.0878379230780138,0
1,0,1,-0.127960983651108,-0.03687671489802706,-0.8584442736357297,0.3541782795791198,0.15798911888098668,0.2339879055928247,-0.16767640911658552,0.4379671201094303,0,0.6622677354666562,0
2,1,0,-0.9831152815415221,-1.120671319616568,-0.5080906785926198,1.647605205265156,-0.9338356820426131,-0.7458564658360934,-0.9916089160827715,-1.0698158352667275,0,-3.7411168992282056,0
5,0,1,1.2260333213420476,1.2791595908316298,-0.15773708354950988,1.1777954250832325,-1.0722360089202525,2.6494182165571347,1.0187864009147223,1.4226417032122274,0,4.018610311763832,0
2,0,0,0.9053504596331423,1.4561056487448611,0.19261651149360004,1.1603950628542723,1.8803042978027216,2.2392508052613085,0.052038926074397425,0.868762250216904,0,5.040356279355332,0
2,0,0,-0.6624324198326168,-0.28017754452871996,1.24367729662293,1.1371945798823255,-0.19570060536186962,-0.3356890545402672,-0.6071070794985514,-0.9159604316569155,0,-2.054457171057604,0
4,1,0,-0.9474838524627548,-1.120671319616568,-1.2087978686788396,0.6731849204433888,-0.9184578679450977,-0.49519860337753296,-0.9037227820063783,-1.10058691598869,0,-3.4179661693176993,0
0,0,1,-1.6244810049593326,-1.551977335780069,1.24367729662293,-0.7014436956444613,-0.9184578679450977,-1.0193014066999775,-1.4639968867433848,-1.3467555617643892,1,-4.748511723152848,1
3,1,1,1.2260333213420476,1.4561056487448611,-1.5591514637219497,1.2183962702841395,2.7260840731660734,-0.1533924272976778,0.37062616210132265,1.7611235911538137,0,4.704441399123532,0
0,0,1,1.3685590376571166,0.6377301308961668,1.24367729662293,-0.18523294951864414,1.741903970925082,-0.9737272498893302,1.9306050419573015,0.09948523216784384,0,2.798266995160897,0
0,0,0,-0.8049581361476857,-1.0543165478991063,-0.5080906785926198,1.4040001340597141,-1.14912507940783,-0.8370047794573882,-0.9916089160827715,-0.946731512378878,0,-3.9244702873268675,0
3,1,1,-0.7693267070689185,-0.8994887472250291,-1.2087978686788396,1.1951957873121926,-0.27258967584944704,0.14283959197153,-1.0135804496018699,-0.6082496244372915,0,-1.7515801579170784,0
1,0,1,-0.05669812549357349,0.28383801506970446,-0.5080906785926198,0.7079856449013091,0.2656338175635951,0.5302199248620325,0.1399250601507906,-0.6082496244372915,0,0.32752917813912674,0
5,1,0,1.6179790412084873,0.615611873657013,0.54297010653671,-0.9160481631349695,2.8183509577511665,1.0998968849951245,1.831733141121359,0.9918465731047537,1,6.741827556972404,1
3,0,1,-0.6268009907538495,-0.5898331458768745,-0.8584442736357297,-1.3916580640598797,-0.4571234450196329,-0.9965143282946539,-0.4533063448648633,-0.1774544943298178,1,-2.084398612508968,1
3,1,0,-0.8049581361476857,-1.0211391620403756,-1.2087978686788396,-0.805845869018222,-0.9030800538475822,-1.0420884851053012,-0.6840074468153954,-0.6697917858812164,1,-3.2989677716494947,1
2,0,0,0.9766133177906767,0.7814988029506672,-0.15773708354950988,0.7833872145601363,0.34252288805117254,-0.08503119208170677,0.8649856662810342,0.5918225237192424,0,1.7142998859697425,0
4,0,1,-0.9118524233839875,-0.7446609465509518,0.19261651149360004,0.9341903538777907,-0.1803227912643541,-0.8370047794573882,-0.7389362806131411,-1.0390447545447652,0,-2.795308605879648,0
0,0,0,-0.23485527088740973,-0.501360116920259,1.5940308916660397,0.30777731363522615,-0.10343372077677666,-0.08503119208170677,0.18386812718898718,0.13025631288980624,0,0.12565952722030999,0
0,1,0,1.012244746869444,1.7325838642342848,-1.2087978686788396,0.7311861278732559,-0.3802343745320555,2.193676648450661,0.9528718003574275,0.16102739361176865,0,2.9273414678878016,0
1,0,0,1.3685590376571166,0.825735317428975,1.24367729662293,0.0989729668877046,0.1426113047834712,2.3987603540985742,1.4032882374989424,2.0688343983734376,0,6.013494294754425,0
0,0,0,0.19272187805779725,-0.19170451557210436,-1.5591514637219497,-0.8116459897612087,-0.6262794000923033,-0.19896658410832516,-0.03584720800199575,-0.269767736495705,1,-1.130860928698329,1
1,1,0,-1.3037981432504273,-1.3086765061493761,-0.5080906785926198,-1.7048645841811618,-0.6570350282873343,-0.9509401714840066,-1.3651249859074426,-1.2852134003204645,1,-4.2583135859992485,1
5,0,1,-1.6244810049593326,-1.5187999499213383,-1.2087978686788396,-0.7478446615883549,-1.0722360089202525,-1.1104497203212722,-1.5189257205411306,-1.4390688039302764,1,-5.140680253712931,1
1,0,1,0.01456473266396101,0.018418928199857684,-1.2087978686788396,0.1627742950605584,-0.08805590667926116,-0.38126321135091457,0.2717542612653803,-0.7005628666031787,0,-0.8981277233679741,0
3,0,0,1.6892418993660219,1.1575091760162834,-0.15773708354950988,-1.1364527513684644,2.6030615603859495,0.39349745443009043,2.4029930126179146,2.007292236929513,1,7.4068442643634675,1
2,0,1,1.2616647504208147,0.7151440312332055,0.8933237015798199,1.1835955458262193,1.2190582916095556,-1.0648755635106248,1.2824448031439017,0.6533646851631671,0,2.0899922164059994,0
3,1,0,-1.2325352850928928,-1.2423217344319144,1.5940308916660397,1.1835955458262193,-1.0107247525301906,-0.563559838593504,-1.3101961521096968,-1.2852134003204645,0,-4.169694143553856,0
1,1,1,-0.9118524233839875,-0.9326661330837599,-1.5591514637219497,-0.568040918555767,-0.6262794000923033,-0.5407727601881803,-0.6290786130176497,-1.10058691598869,1,-2.8967176892868234,0
0,0,0,1.58234761212972,0.825735317428975,-0.8584442736357297,1.5142024281764617,2.649195002678496,1.8746575507761296,1.524131671853983,0.19179847433373107,0,6.23978269964234,0
2,1,1,-0.7336952779901512,-0.8110157182684135,0.54297010653671,-0.2606345191774714,-0.13418934897180765,-0.5179856817828566,-0.6071070794985514,-1.0082736738228029,0,-2.2675557840760185,0
0,1,0,0.01456473266396101,-0.16958625833295046,1.24367729662293,-1.44385915074676,-0.8877022397500667,-0.2901148977296199,-0.07979027504019233,0.8072200887729791,1,-0.45038732374689994,1
2,1,1,0.9053504596331423,0.9363266036247444,-0.8584442736357297,-1.403258305545853,1.9571933682902989,-0.4724115249722093,0.7661137654450919,1.8226657525977386,1,4.07356136136092,1
5,0,0,1.3329276085783492,0.4054884298850509,0.54297010653671,1.3691994096017939,1.5112367594623497,1.1682581202110955,1.9306050419573015,0.13025631288980624,0,4.740356234520553,0
4,1,1,-1.410692430486729,-1.352913020627684,-1.2087978686788396,-0.26643463992045807,-0.7185462846773962,-0.9053660146733592,-1.2113242512737543,-1.0390447545447652,0,-3.8742813051692746,0
3,0,0,1.297296179499582,1.699406478375554,-1.5591514637219497,-0.9102480423919828,0.6654569840989979,-0.7230693874307698,1.0407579344338207,0.9610754923827912,0,1.94422102348484,0
5,1,0,0.37087902345163354,0.9363266036247444,-1.2087978686788396,0.7253860071302691,1.5266145735598653,0.028904199944911613,0.052038926074397425,-0.05437017144196819,0,1.553187528137206,0
2,1,1,-1.125640997856591,-0.8994887472250291,0.54297010653671,1.264797236228033,-0.41099000272708647,-0.3356890545402672,-1.167381184235558,-0.8851893509349531,0,-2.7992495924378646,0
1,1,0,1.724873328444789,2.6062550251808636,-0.8584442736357297,0.4063793662660002,1.834170855510175,1.7379350803441875,2.271163811503325,0.4687382008313927,0,6.3120079481890805,0
0,0,0,0.26398473621533175,0.6598483881353208,-0.8584442736357297,-1.0784515439385973,0.06572223429589373,-0.5863469169988277,0.095981993112594,0.19179847433373107,1,-0.23284421525660884,1
2,1,1,1.58234761212972,2.4182498386480558,-0.5080906785926198,1.665005567494116,2.2032383938505467,3.0367985494476373,0.4475265294181667,2.0688343983734376,0,7.7563978710897885,0
3,0,1,1.012244746869444,1.2681004622120529,0.19261651149360004,-1.1074521476535308,1.4804811312673187,-0.8142177010520645,0.8100568324832885,1.1457019767145655,1,2.6220222394131083,1
1,1,1,-1.3394295723291945,-1.175966962714453,0.54297010653671,0.4585804529528806,-0.7339240987749118,-0.6547081522147987,-1.255267318311951,-1.0390447545447652,0,-3.682944323846427,0
4,0,1,-1.553218146801798,-1.3860904064864148,1.24367729662293,-0.7072438163874479,-1.0568581948227371,-0.9965143282946539,-1.4310395864647374,-1.4390688039302764,1,-4.923480913512405,1
3,0,0,-1.5888495758805652,-1.540918207160492,-1.5591514637219497,0.8819892671909103,-0.9799691243351596,-1.0193014066999775,-1.409068052945639,-1.3159844810424268,0,-4.724323065023203,0
0,0,0,1.5467161830509528,1.9758846938649777,-1.2087978686788396,0.0931728461447179,1.2190582916095556,0.006117121539587936,1.0956867682315663,0.868762250216904,0,3.1896244315976134,0
2,1,1,-0.4486438453600132,-0.2912366731482969,0.54297010653671,1.4040001340597141,-0.5801459577997569,0.39349745443009043,-0.05781874152109404,0.09948523216784384,0,-0.1449820127229166,0
3,0,1,0.9766133177906767,1.234923076353322,1.5940308916660397,1.3923998925737406,-0.9645913102376441,1.4417030610749797,0.9858291006360749,0.09948523216784384,0,1.5624260836412545,0
3,0,1,0.9766133177906767,1.3897508770273994,-0.8584442736357297,-0.98564961205081,-0.8415687974575202,0.6897294736992983,1.2055444358270577,0.09948523216784384,1,1.1531903442366798,1
4,1,0,-0.840589565226453,-0.8994887472250291,-1.2087978686788396,-1.44385915074676,-0.9799691243351596,-0.6091339954041514,-0.7499220473726903,-0.7005628666031787,1,-3.03958803371518,0
5,1,0,-1.5888495758805652,-1.4192677923451458,-1.2087978686788396,-1.467059633718707,-1.14912507940783,-1.1332367987265959,-1.4530111199838356,-1.469839884652239,1,-5.205212882770501,1
3,1,1,1.0478761759482114,1.5114012918427457,-0.15773708354950988,-0.1388319835747505,1.741903970925082,0.5757940816726799,0.12893929339124144,2.1303765598173627,0,4.577013905806366,0
0,1,1,-0.37738098720247876,-0.4571236024419511,-0.5080906785926198,1.1545949421112855,-0.4725012591171484,0.2567749839981484,-0.046832974761544896,-0.23899665577374263,0,-0.5015559056542875,0
1,1,1,-0.6268009907538495,-0.479241859681105,-1.5591514637219497,-0.2896351228924049,-0.2264562335569006,-0.2673278193242962,-0.4533063448648633,-0.08514125216393059,0,-1.0322316499099906,0
2,0,0,0.26398473621533175,-0.2027636441916813,-1.2087978686788396,1.6128044808072357,0.1426113047834712,0.09726543516088265,0.3816119288608718,-0.14668341360785542,0,0.47480525519737027,0
3,0,1,-0.9474838524627548,-1.142789576855722,0.19261651149360004,1.7114065334380097,-0.10343372077677666,-1.0648755635106248,-0.8597797149681817,-0.5159363822714043,0,-2.5440253815269873,0
4,1,0,0.9053504596331423,1.6109334494189382,-0.8584442736357297,0.01777127648589067,-0.6570350282873343,-0.4724115249722093,1.3923024707393934,1.8534368333197009,0,2.1162927507995506,0
2,1,1,-0.9118524233839875,-0.9105478758446061,0.19261651149360004,-1.5946622900644145,-0.25721186175193156,-0.7686435442414171,-0.9586516158041241,-0.42362314010551705,1,-2.4081301619029896,1
2,0,0,-0.6268009907538495,-0.36865057348533553,-1.2087978686788396,-1.2002540795413181,-0.27258967584944704,-0.2901148977296199,-0.9147085487659274,-0.7313339473251411,0,-2.2087470696701357,0
3,0,0,1.6892418993660219,1.6772882211364,-1.5591514637219497,0.06997236317277106,0.49630102902632744,-0.08503119208170677,1.8646904414000065,0.19179847433373107,0,2.467758752678358,0
0,0,1,-1.4463238595654964,-1.2533808630514915,-0.5080906785926198,-0.27223476066344476,-0.7646797269699428,-0.9053660146733592,-1.4310395864647374,-1.1313579967106524,0,-4.232443324818692,0
0,1,1,-0.9118524233839875,-0.700424432072644,0.54297010653671,-1.2234545625132651,-0.02654465028919921,-0.8142177010520645,-0.727950513853592,-0.42362314010551705,1,-1.9923360053003727,1
0,0,0,-1.125640997856591,-0.921607004464183,-1.2087978686788396,1.0559928894805115,-1.1337472653103144,-0.3584761329455909,-1.1234381171973613,-0.7928761087690659,0,-3.4085376242223324,0
3,0,0,-0.698063848911384,-0.7336018179313748,0.19261651149360004,-0.6202420052426473,0.18874474707601765,0.028904199944911613,-0.34344867726937184,-0.9159604316569155,1,-1.041760161905358,1
5,0,1,0.3352475943728663,-0.3575914448657586,-1.5591514637219497,0.1685744158035451,-0.7646797269699428,-1.1332367987265959,0.4475265294181667,-0.23899665577374263,0,-1.6893866520521146,0
5,1,0,0.5134047397667025,0.7151440312332055,-0.15773708354950988,-1.0494509402236638,-0.9030800538475822,1.350554747453685,0.7880852989641902,0.4995092815533551,1,1.735069274123648,1
2,1,1,0.299616165294099,0.07371457129774242,-1.5591514637219497,-0.9044479216489961,1.0499023365368851,-0.1533924272976778,0.5683699637732073,0.16102739361176865,1,1.6259072666241834,1
5,1,1,0.5134047397667025,0.07371457129774242,0.8933237015798199,-1.7338651878960956,0.2656338175635951,1.1226839634004482,0.24978272774628207,0.6533646851631671,1,2.2914651938734925,1
0,0,1,-0.4486438453600132,-0.4350053452027972,1.5940308916660397,-0.7014436956444613,-0.9799691243351596,0.32513621921411945,-0.34344867726937184,0.13025631288980624,1,-0.8680252695006059,1
3,1,1,-0.7336952779901512,-0.4128870879636433,-0.15773708354950988,-1.0204503365087303,-0.8723244256525512,-0.17617950570300148,-0.4642921116244125,-1.0698158352667275,1,-2.5826118782466927,1
0,0,0,-0.27048669996617697,0.19536498611308886,1.24367729662293,-0.7594449030743283,-1.118369451212799,0.18841374878217737,-0.34344867726937184,0.3764249586655055,1,-0.8969794210344881,1
4,1,1,-0.555538132596315,-0.7557200751705287,-1.5591514637219497,1.7230067749239832,0.06572223429589373,0.12005251356620632,-0.27753407671207697,-0.9775025931008403,0,-1.0692619219508173,0
3,1,0,-1.695743863116867,-1.6183321074975308,-1.5591514637219497,-0.7130439371304347,-1.0414803807252215,-1.0876626419159485,-1.5738545543388762,-1.408297723208314,1,-5.11129530018836,1
3,1,1,-1.5888495758805652,-1.5187999499213383,0.8933237015798199,-0.52744007335486,-1.0568581948227371,-1.0648755635106248,-1.39808228618609,-1.254442319598502,1,-4.774258364117954,1
0,0,1,-1.5175867177230307,-1.4856225640626073,-1.2087978686788396,0.8819892671909103,-0.7954353551649738,-0.8825789362680355,-1.3101961521096968,-1.408297723208314,0,-4.39650816675102,0
0,1,1,0.19272187805779725,0.4386658157437818,0.54297010653671,1.5954041185782755,1.4189698748772568,-0.0622441136763831,-0.0028899077233483085,0.8379911694949416,0,2.1918270229724666,0
2,1,1,-1.1612724269353583,-1.2754991202906454,-1.2087978686788396,-1.4902601166906537,-0.6262794000923033,-0.8825789362680355,-0.9806231493232224,-1.0698158352667275,1,-3.5592973209502885,1
0,0,0,0.6202990270030043,0.6266710022765899,1.5940308916660397,1.2705973569710198,1.3882142466822258,1.5784255315069218,1.2714590363843528,0.9303044116608288,0,5.168403226234329,0
2,0,1,-0.30611812904494423,0.18430585749351192,-1.5591514637219497,-0.9682492498218499,-0.6416572141898188,-1.1332367987265959,-0.11274757531883978,-0.39285205938355466,0,-2.280493647618809,0
1,1,1,-1.7313752921956342,-1.6293912361171077,-0.8584442736357297,0.9747911990786977,-1.1029916371152835,-1.1104497203212722,-1.5958260878579746,-1.5313820460961636,0,-5.340649491390694,0
2,0,1,1.2260333213420476,1.8431751504300542,-0.8584442736357297,0.6615846789574154,1.4651033171698031,-0.9281530930786829,1.2604732696248035,0.19179847433373107,0,1.989221968049655,0
2,1,1,-0.8049581361476857,-0.5566557600181437,0.8933237015798199,-0.3998374170091524,-0.7031684705798807,-0.4724115249722093,-0.8707654817277308,-0.269767736495705,1,-2.316113213775526,1
0,0,1,-0.5199067035175478,-0.7225426893117979,-0.8584442736357297,-0.4114376584951258,-0.6109015859947878,-0.38126321135091457,-0.42034904458621586,0.06871415144588143,1,-1.343799690486037,1
1,1,0,0.40651045253040075,0.48290233022208956,1.5940308916660397,-0.8812474386770492,-0.6416572141898188,0.48464576805138515,0.7990710657237394,0.9303044116608288,1,1.5723640312461344,1
1,0,0,-0.840589565226453,-0.5677148886377206,-1.5591514637219497,-0.0924310176308568,-0.14956716306932313,-0.5179856817828566,-0.8158366479299851,-0.4851653015494419,0,-1.9685547943316068,0
1,0,0,0.6202990270030043,0.8589127032877059,-1.2087978686788396,-0.5738410392987536,-0.5493903296047259,1.0087485713738298,0.23879696098673292,-0.1774544943298178,0,0.5207007084260191,0
2,1,0,0.442141881609168,1.035858761200937,1.24367729662293,1.4388008585176344,0.41941195853875,-0.3356890545402672,0.33766886182267525,0.9918465731047537,0,1.4132383389259118,0
4,1,0,1.3329276085783492,0.4386658157437818,-0.8584442736357297,-0.08083077614488339,1.5573702017548963,0.8720261009418877,0.6013272640518548,2.2842319634271746,0,5.314955530175813,0
1,0,0,0.299616165294099,-0.23594103005041214,-1.5591514637219497,-1.2408549247422251,1.3574586184871948,0.006117121539587936,-0.34344867726937184,-0.3620809786615922,1,0.6580460840958187,1
5,1,1,1.6892418993660219,2.5177819962242483,1.24367729662293,-1.7338651878960956,-0.11881153487429215,-0.016669956865735743,2.106377310110088,0.3764249586655055,1,2.3473207770355655,1
2,0,0,-0.6268009907538495,-0.7557200751705287,-0.8584442736357297,0.30777731363522615,-0.42636781682460195,-0.4268373681615619,-0.7499220473726903,-0.115912332885893,0,-1.7190395652447472,0
4,0,1,-1.695743863116867,-1.6183321074975308,0.54297010653671,-0.8812474386770492,-1.0414803807252215,-1.1104497203212722,-1.5738545543388762,-1.5006109653742012,1,-5.226395620759571,1
1,1,1,-0.09232955457234074,-0.3907688307244894,0.8933237015798199,0.5571825055836546,-0.9338356820426131,1.0087485713738298,-0.36542021078847015,0.4687382008313927,0,0.17823087937413923,0
1,0,0,0.869719030554375,1.4561056487448611,0.8933237015798199,0.6209838337565085,0.34252288805117254,-0.8825789362680355,0.12893929339124144,0.5302803622753175,0,0.1191636074496959,0
2,1,0,1.2616647504208147,0.7262031598527824,-1.2087978686788396,-0.9914497327937967,-0.303345304044478,1.3277676690483613,1.7328612402854169,0.3148827972215807,1,3.072166402510881,1
4,1,0,1.3685590376571166,0.6598483881353208,-0.8584442736357297,0.18017465728951854,-0.5032568873121794,-1.0876626419159485,1.1725871355484103,0.3764249586655055,0,-0.041907435014212124,0
5,1,1,1.6179790412084873,1.5998743207993613,-1.2087978686788396,-0.8928476801630226,2.3723943489232173,-0.3356890545402672,2.3590499455797183,2.5304006092028737,0,6.926155849165541,0
0,0,1,0.9409818887119096,0.32807452954801225,1.24367729662293,0.609383592270535,-0.2110784194593851,0.028904199944911613,0.9528718003574275,0.4071960393874679,0,1.1778936202304218,0
3,1,1,0.6915618851605387,0.0073597995802807325,-1.5591514637219497,0.6325840752424818,0.4347897726362655,1.7151480019388639,0.6123130308114039,-0.30053881721766745,0,2.461711988168866,0
4,1,1,0.9766133177906767,0.48290233022208956,0.54297010653671,0.8065876975320831,-0.8569466115550357,0.9176002577525351,0.5793557305327565,-0.1774544943298178,0,0.462554882400438,0
3,0,0,0.01456473266396101,-0.4571236024419511,-0.8584442736357297,-1.5308609618915607,-1.1645028935053454,0.18841374878217737,-0.38739174430756845,0.7764490080510168,1,-0.5870318809797198,1
4,0,0,1.5467161830509528,1.9316481793866698,-1.2087978686788396,1.7288068956669698,1.6496370863399892,-0.22175366251364884,0.7551279986855428,1.6072681875440018,0,3.790279610055885,0
4,1,1,-1.5888495758805652,-1.4413860495842996,-0.8584442736357297,-0.24323415694851125,-0.9492134961401286,-0.9053660146733592,-1.4200538197051882,-1.4390688039302764,0,-4.713702134448953,0
3,0,0,0.01456473266396101,-0.2027636441916813,-1.2087978686788396,-0.06343041391592326,0.5731900995139049,-0.5179856817828566,0.5573841970136582,0.3456538779435431,0,0.9582424926882495,0
2,0,1,-0.4486438453600132,-0.08111322937633486,-1.5591514637219497,-1.7338651878960956,-0.7954353551649738,-0.8142177010520645,-0.8268224146895343,-0.7928761087690659,1,-3.2293515796756385,1
2,1,1,0.0858275908214955,0.6709075167548977,0.54297010653671,-0.48683922815395303,-0.8108131692624893,0.006117121539587936,0.6342845643305022,0.8379911694949416,1,0.6675796861025425,1
5,1,0,-1.410692430486729,-1.2754991202906454,0.19261651149360004,-1.6526634974942815,-0.9492134961401286,-0.9737272498893302,-1.321181918869246,-1.10058691598869,1,-4.344709580887395,1
3,1,0,0.47777331068793527,-0.08111322937633486,-0.15773708354950988,-0.3128356058643518,0.48092321492881196,1.1454710418057719,0.6672418646091496,0.037943070723919024,1,2.3315791920676525,1
0,1,1,0.01456473266396101,-0.07005410075675791,0.54297010653671,-0.23743403620552453,0.5424344713188739,-0.8825789362680355,-0.31049137699072443,0.3148827972215807,0,-0.3357530447183054,0
3,0,1,0.0858275908214955,0.19536498611308886,-1.5591514637219497,-1.4496592714897467,1.2805695479996175,-0.4268373681615619,-0.09077604179974148,0.5610514429972799,0,1.324007581035594,0
1,0,0,0.5846675979242371,0.39442930126547393,-0.5080906785926198,-0.09823113837384351,0.2810116316611106,-0.19896658410832516,0.2168254274676346,0.5918225237192424,0,0.8906929987396625,0
2,1,0,-0.37738098720247876,-0.6340696603551823,-0.5080906785926198,1.589603997835289,-0.4725012591171484,-0.2901148977296199,-0.5411924789412564,-0.05437017144196819,0,-1.358178807229993,0
2,1,1,-0.413012416281246,-0.3907688307244894,-0.5080906785926198,1.206796028798166,-0.25721186175193156,-0.4268373681615619,-0.24457677643342954,0.007171990001956621,0,-0.9214540163449664,0
1,0,1,-1.2325352850928928,-1.131730448236145,0.8933237015798199,-0.6550427297005675,-0.48787907321466395,-0.8825789362680355,-1.2332957847928527,-0.9159604316569155,1,-3.519714225932468,1
3,0,0,-0.840589565226453,-0.8110157182684135,0.54297010653671,1.566403514863342,-0.31872311814199356,0.07447835675555897,-1.035551983120968,-0.8851893509349531,0,-2.1649860954423557,0
3,0,0,-1.3037981432504273,-1.2533808630514915,-0.5080906785926198,1.3923998925737406,-0.8877022397500667,-1.0876626419159485,-1.0794950501591647,-1.0698158352667275,0,-4.124675767091908,0
4,1,1,1.0478761759482114,0.4497249443633587,1.24367729662293,0.4759808151818407,-0.7646797269699428,0.8948131793472114,0.4255549958990684,0.09948523216784384,0,0.6551736804441809,0
3,0,1,1.119139034105746,1.5224604204623227,-0.15773708354950988,0.39477912478002675,2.510794675800857,-0.10781827048703045,1.4911743715753356,1.8226657525977386,0,5.7168165294869,0
5,0,1,-0.09232955457234074,-0.5345375027789898,-0.5080906785926198,1.050192768737525,-0.41099000272708647,0.4162845328354141,-0.44232057810531417,-0.20822557505178022,0,-0.6452516230487667,0
4,0,0,1.0835076050269785,0.4276066871242048,-0.8584442736357297,-1.304656252915079,-0.5186347014096949,2.1708895700453374,0.4365407626586176,2.1303765598173627,1,4.219172191111623,1
4,1,0,0.299616165294099,-0.025817586278450114,0.54297010653671,1.4910019452045147,-0.7493019128724273,1.0315356497791535,0.095981993112594,-0.4543942208274795,0,-0.0761784908081593,0
5,0,1,1.0835076050269785,1.8763525362887852,-0.8584442736357297,1.2937978399429666,1.6496370863399892,-0.7230693874307698,0.9858291006360749,0.4687382008313927,0,2.3811350003766867,0
0,0,0,-1.3037981432504273,-1.120671319616568,-0.5080906785926198,0.49918129815378753,-0.8723244256525512,-0.7002823090254461,-1.3101961521096968,-1.0698158352667275,0,-3.9526187220544213,0
1,0,0,-1.2325352850928928,-0.9769026475620677,-1.5591514637219497,0.7021855241583224,-0.6877906564823653,-0.9965143282946539,-1.090480816918714,-1.254442319598502,0,-4.029228121294235,0
4,0,0,-0.16359241272987524,-0.6340696603551823,1.24367729662293,-0.31863572660733847,-1.0261025666277062,-0.5863469169988277,-0.3983775110671176,0.4071960393874679,1,-1.6036309553061834,1
1,1,0,-0.7693267070689185,-0.689365303453067,-0.8584442736357297,-0.4462383829530461,-1.0107247525301906,0.14283959197153,-0.5961213127390023,-0.9775025931008403,1,-2.441509066398503,1
2,0,1,1.2616647504208147,1.0800952756792448,1.5940308916660397,0.04097175945783751,0.9422576378542767,0.5985811600780035,1.831733141121359,0.13025631288980624,0,3.5028282519434453,0
4,1,0,-0.4486438453600132,-0.025817586278450114,1.5940308916660397,-0.9972498535367834,-0.14956716306932313,-0.3356890545402672,-0.32147714375027353,-0.7621050280471036,1,-1.5688383894069675,1
0,1,0,1.119139034105746,0.5713753591787052,-1.2087978686788396,0.38317888329405336,0.8653685673666992,1.1910451986164192,1.1835729023079595,0.868762250216904,0,4.108748918507982,0
3,0,0,-0.6624324198326168,-0.5566557600181437,1.5940308916660397,0.6035834715275483,-0.6262794000923033,-0.03945703527105942,-0.6730216800558463,-0.33130989793962984,0,-1.6700680133588388,0
0,1,1,1.0835076050269785,0.9584448608638984,-0.15773708354950988,1.125594338396352,-0.31872311814199356,2.3987603540985742,0.6123130308114039,1.176473057436528,0,3.868823324204513,0
1,0,1,1.6892418993660219,0.9031492177660136,0.19261651149360004,-0.98564961205081,-0.6570350282873343,1.7379350803441875,1.6889181732472203,2.745798174256611,1,5.515616399560685,1
0,1,0,-1.7313752921956342,-1.6183321074975308,1.5940308916660397,0.08737272540173117,-1.0722360089202525,-1.0876626419159485,-1.5958260878579746,-1.469839884652239,0,-5.225564623346415,0
0,1,0,0.5490361688454698,-0.1142906152350657,1.5940308916660397,-1.3916580640598797,-0.10343372077677666,0.028904199944911613,1.1286440685102137,0.868762250216904,1,1.9228767978952526,1
0,1,0,1.4398218958146511,0.35019278678716614,0.54297010653671,-0.8232462312471821,-0.2110784194593851,0.9631744145631824,2.0844057765909896,1.545726026100077,1,4.382227797794863,1
2,1,0,0.15709044897903002,0.5824344877982821,0.19261651149360004,1.665005567494116,0.20412256117353314,1.0087485713738298,-0.31049137699072443,-0.5159363822714043,0,0.38644337328523415,0
4,1,0,0.7628247433180733,1.3565734911686684,-0.5080906785926198,0.7833872145601363,1.0191467083418542,2.1025283348293664,0.469498062937265,1.3918706224902648,0,4.9830437285987506,0
1,1,0,-0.9474838524627548,-1.0543165478991063,0.8933237015798199,-1.2814557699431322,-0.5801459577997569,-0.9965143282946539,-0.8707654817277308,-0.4851653015494419,1,-2.9325910693715835,1
4,0,0,1.6179790412084873,1.1464500473967065,1.5940308916660397,-0.32443584735032516,-0.5340125155072104,1.4644901394803034,0.9528718003574275,1.8842079140416634,1,3.7675573383721837,1
1,0,1,0.26398473621533175,0.17324672887393497,0.19261651149360004,0.7021855241583224,-0.9799691243351596,1.0771098065898008,0.22781119422718377,0.7764490080510168,0,1.1014008845328418,0
4,1,0,-0.9831152815415221,-1.0100800334207987,-0.5080906785926198,0.44118009072392045,-0.2264562335569006,-1.0420884851053012,-1.1344238839569103,-0.8544182702129908,0,-3.257386872832103,0
1,1,0,-1.695743863116867,-1.540918207160492,-1.2087978686788396,-1.4960602374336405,-1.0261025666277062,-1.1104497203212722,-1.5408972540602288,-1.469839884652239,0,-5.147289425661446,0
0,1,0,1.724873328444789,1.3123369766903608,0.8933237015798199,-0.19683319100461757,-0.6109015859947878,2.8089277653944005,2.3920072458583657,2.007292236929513,0,6.597325662187491,0
2,1,0,-0.555538132596315,-0.12534974385464265,-1.5591514637219497,-1.4206586677748132,0.18874474707601765,-0.7686435442414171,-0.36542021078847015,-0.6390207051592539,0,-1.5843397131131236,0
2,0,0,-0.09232955457234074,0.37231104402632004,1.5940308916660397,0.02937151797186409,-0.27258967584944704,0.12005251356620632,-0.046832974761544896,0.25334063577765586,0,0.05397049873287024,0
2,1,0,-1.2325352850928928,-1.0985530623774142,0.8933237015798199,-0.43463814146707264,-1.1029916371152835,-0.4724115249722093,-1.0465377498805173,-1.0390447545447652,1,-3.660985666512775,1
5,0,1,-1.5175867177230307,-1.3971495351059917,0.19261651149360004,-1.142252872111451,-1.0722360089202525,-1.1332367987265959,-1.3101961521096968,-1.2852134003204645,1,-4.80088236007701,1
1,0,1,1.4041904667358838,2.0311803369628625,1.24367729662293,0.7369862486162426,1.741903970925082,1.2594064338323903,1.4252597710180408,0.09948523216784384,0,4.526055407943357,0
1,0,0,1.154770463184513,1.5224604204623227,0.19261651149360004,-0.4114376584951258,1.6650149004375046,-0.24454074091897252,1.9086335084382031,0.25334063577765586,1,3.582448303734391,1
4,0,0,-0.8049581361476857,-0.9990209048012216,1.24367729662293,-1.0726514231956106,-0.8108131692624893,-0.17617950570300148,-0.7389362806131411,-0.9159604316569155,1,-2.6418893872355476,1
1,0,1,0.47777331068793527,0.23960150059139665,-0.15773708354950988,1.6186046015502225,0.38865633034371905,-0.8825789362680355,0.03006739255529913,0.9918465731047537,0,0.5279913597357363,0
2,1,1,0.3352475943728663,-0.28017754452871996,0.8933237015798199,0.28457683066327927,-0.41099000272708647,0.07447835675555897,0.9638575671169766,0.037943070723919024,0,0.6652889918693681,0
0,0,0,-0.7693267070689185,-0.5898331458768745,0.8933237015798199,-1.1886538380553449,-0.31872311814199356,-0.1533924272976778,-0.7169647470940428,-0.7928761087690659,1,-1.9819564013027802,1
0,0,0,0.5134047397667025,0.9916222467226292,1.5940308916660397,-0.6492426089575809,-0.6416572141898188,0.2339879055928247,0.8539998995214851,1.4534127839341897,1,1.8997433748586807,1
1,0,1,-1.7313752921956342,-1.6293912361171077,-0.5080906785926198,-0.17943282877565744,-1.118369451212799,-1.0876626419159485,-1.5848403210984254,-1.4390688039302764,0,-5.22994121815745,0
1,1,0,1.1904018922632802,1.046917889820514,0.54297010653671,1.2589971154850463,-0.8723244256525512,1.851870472370806,1.7768043073236135,0.9918465731047537,0,3.748196927146622,0
1,0,1,0.37087902345163354,0.2948971436892814,1.5940308916660397,0.6151837130135217,1.3113251761946483,1.350554747453685,0.19485389394853633,-0.20822557505178022,0,2.6485082425450894,0
2,0,1,1.0478761759482114,1.7768203787125927,-0.5080906785926198,-0.27223476066344476,-0.10343372077677666,-0.3356890545402672,0.6452703310900514,1.6380392682659641,0,1.8441868240389716,0
5,1,1,-1.4819552886442635,-1.4745634354430304,0.54297010653671,-0.7884455067892618,-0.7954353551649738,-1.0648755635106248,-1.4639968867433848,-1.3159844810424268,1,-4.64029228646141,1
2,0,0,0.7984561723968405,0.5381979733199743,-0.8584442736357297,0.748586490102216,0.8653685673666992,1.3049805906430376,0.3047115615440278,1.2687862996024153,0,3.74384701915618,0
4,1,1,-0.4842752744387805,-0.8552522327467212,0.19261651149360004,-1.3742577018309194,-0.41099000272708647,0.4162845328354141,-0.508235178662609,-0.1774544943298178,1,-0.6803951428840991,1
2,0,0,0.050196161742728264,0.2285423719718197,0.19261651149360004,-0.20263331174760427,-0.6109015859947878,-0.8370047794573882,0.5354126634945598,0.4071960393874679,0,-0.5052976625701482,0
1,0,0,0.7628247433180733,0.6487892595157437,0.54297010653671,-1.0378506987376903,-0.6109015859947878,1.5100642962909507,0.7331564651664445,-0.115912332885893,1,1.5164068425767143,1
0,1,1,1.5467161830509528,2.108594237299901,-0.15773708354950988,-0.5100397111258999,0.8653685673666992,2.421547432503898,1.9196192751977523,0.4071960393874679,1,5.613731314455817,1
3,1,1,-0.5911695616750823,-0.30229580176787385,-1.5591514637219497,0.7543866108452028,-0.7646797269699428,-0.24454074091897252,-0.32147714375027353,-0.115912332885893,0,-1.446609944525082,0
0,0,0,-1.5888495758805652,-1.4192677923451458,-0.5080906785926198,0.15697417431757169,-0.8723244256525512,-1.0193014066999775,-1.4200538197051882,-1.4390688039302764,0,-4.750748455987994,0
0,1,1,-0.6268009907538495,-0.5677148886377206,0.8933237015798199,-0.9624491290788632,-0.6877906564823653,-0.19896658410832516,-0.24457677643342954,-0.269767736495705,1,-1.401101753519825,1
2,0,1,0.299616165294099,-0.09217235799591181,-1.5591514637219497,-1.101652026910544,0.6808347981965134,-0.13060534889235412,0.19485389394853633,-0.269767736495705,1,0.47531560675699064,1
3,1,0,-1.3394295723291945,-1.2754991202906454,0.8933237015798199,0.13957381208861155,-0.7800575410674583,-0.6091339954041514,-1.2992103853501475,-0.946731512378878,0,-3.635133434200635,0
4,0,1,0.22835330713656452,0.19536498611308886,-1.2087978686788396,0.3251776758641863,0.8499907532691837,0.5530070032673562,0.7551279986855428,1.0533887345486783,0,3.211514489770761,0
2,1,0,0.9409818887119096,1.3455143625490915,0.8933237015798199,0.9167899916488306,-0.02654465028919921,-0.08503119208170677,1.062729467952919,1.2687862996024153,0,2.2199399251844283,0
4,1,1,0.6915618851605387,0.9252674750051675,1.24367729662293,-1.5308609618915607,1.1575470352194936,1.0315356497791535,0.5024553632159124,0.868762250216904,1,3.5603002984314633,1
5,0,0,1.0835076050269785,0.7483214170919363,1.24367729662293,-1.287255890686119,-0.3494787463370245,-0.3584761329455909,0.1179535266316923,1.4226417032122274,1,0.8326403505613044,1
1,0,1,-1.125640997856591,-1.2091443485731836,-1.2087978686788396,0.11637332911666473,-0.42636781682460195,-0.49519860337753296,-0.8378081814490834,-1.254442319598502,0,-3.0138169212497203,0
2,0,0,-0.1992238418086425,-0.6672470462139132,1.24367729662293,-0.04022993094397642,-1.1645028935053454,-0.9965143282946539,-0.2995056102311753,-0.7621050280471036,0,-3.222627860078278,0
0,1,1,1.6179790412084873,2.0864759800607473,0.19261651149360004,0.6383841959854686,2.510794675800857,1.213832277021743,2.5238364469729553,0.868762250216904,0,7.117225650012459,0
1,1,1,0.12145901990026277,0.615611873657013,-0.5080906785926198,0.8877893879338971,-0.8569466115550357,-0.9509401714840066,0.4255549958990684,-0.42362314010551705,0,-1.805954927245491,0
1,1,1,0.9766133177906767,1.3344552339295146,0.8933237015798199,-0.846446714219129,1.3267029902921639,-0.3584761329455909,0.2168254274676346,1.9765211562075506,1,3.1615734410217584,1
1,0,1,1.119139034105746,0.4386658157437818,-0.5080906785926198,0.11057320837367801,1.495858945364834,1.6467867667228928,1.7987758408427117,0.4995092815533551,0,5.440930834483794,0
2,0,0,1.3685590376571166,1.478223905984015,-0.8584442736357297,-1.3510572188589727,2.2647496502406086,2.6494182165571347,0.7001991648877971,1.3303284610463402,1,6.944695492731881,1
1,0,0,-1.3037981432504273,-1.3307947633885302,1.5940308916660397,-1.2524551662281986,-1.118369451212799,-0.8597918578627118,-1.2003384845142053,-0.9775025931008403,1,-4.156002386690556,1
2,0,0,-1.1969038560141254,-1.0211391620403756,0.8933237015798199,0.05837212168679763,-0.6724128423848498,-1.0648755635106248,-1.255267318311951,-1.1313579967106524,0,-4.123913720918078,0
0,0,0,0.0858275908214955,0.48290233022208956,0.19261651149360004,1.1719953043402458,0.3579007021486881,-0.38126321135091457,0.008095859036200838,-0.5467074629933667,0,-0.5619741131593924,0
3,0,0,0.5134047397667025,1.1132726615379755,-0.15773708354950988,1.4968020659475014,1.2190582916095556,1.350554747453685,-0.12373334207838892,0.9610754923827912,0,3.406955189367643,0
2,0,0,0.299616165294099,-0.12534974385464265,-0.5080906785926198,-0.0054292064860561665,-0.42636781682460195,1.0315356497791535,0.29372579478447863,0.5302803622753175,0,1.4291739900143479,0
4,0,1,1.6892418993660219,1.3123369766903608,-1.5591514637219497,-1.1886538380553449,1.7265261568275665,-0.4496244465668856,0.8649856662810342,1.4534127839341897,1,3.595300160475905,0
3,0,1,0.9409818887119096,0.11795108577605022,-0.8584442736357297,-1.2756556492001454,0.6193235418064514,2.3076120404772795,0.8100568324832885,0.4379671201094303,1,4.174959534876449,1
1,0,0,1.012244746869444,1.3233961053099377,-0.15773708354950988,1.1777954250832325,1.926437740095268,1.0998968849951245,0.7770995322046411,0.4995092815533551,0,4.302943438848389,0
4,0,0,-0.555538132596315,-0.689365303453067,1.5940308916660397,1.2125961495411528,-0.05730027848423019,-0.7914306226467408,-0.15669064235703636,-0.5467074629933667,0,-1.552129006481374,0
4,1,0,-0.9474838524627548,-0.9437252617033369,-1.5591514637219497,0.7079856449013091,-0.2110784194593851,-0.38126321135091457,-1.0465377498805173,-0.6082496244372915,0,-2.2471290051281083,0
5,0,0,1.724873328444789,2.274481166593555,-0.15773708354950988,-1.2060542002843049,0.06572223429589373,-0.1533924272976778,2.644679881327996,2.468858447758949,1,5.025868136085161,1
0,0,0,-0.413012416281246,-0.07005410075675791,-0.5080906785926198,-0.31863572660733847,-0.24183404765441607,-0.4496244465668856,-0.5302067121817073,-0.4851653015494419,1,-1.706830507952451,1
2,1,1,0.7984561723968405,1.478223905984015,-0.15773708354950988,1.1545949421112855,2.1571049515580003,-0.4268373681615619,0.07401045959349571,-0.20822557505178022,0,1.5960524679381536,0
0,0,1,0.47777331068793527,0.7483214170919363,0.19261651149360004,0.7369862486162426,1.2190582916095556,1.1682581202110955,0.9748433338765258,0.09948523216784384,0,3.4616449778650207,0
4,0,0,0.727193314239306,0.5160797160808204,1.24367729662293,-0.4056375377521391,-0.05730027848423019,-0.3584761329455909,0.6342845643305022,0.6533646851631671,1,0.8718728380638483,1
2,1,0,1.3329276085783492,0.4276066871242048,0.54297010653671,0.21497538174743877,0.9576354519517922,2.0341670996133954,1.3154021034225494,0.3456538779435431,0,4.652858532931281,0
5,0,0,0.8340876014756078,0.6487892595157437,-1.2087978686788396,-0.22583379471955112,2.126349323362969,-0.2673278193242962,1.2385017361057051,-0.33130989793962984,0,2.766213342204748,0
2,1,0,-0.23485527088740973,-0.34653231624618164,1.5940308916660397,-1.0378506987376903,0.2810116316611106,-0.5179856817828566,0.06302469283394657,-0.4851653015494419,1,-0.6591146588372414,1
3,0,1,1.2616647504208147,1.6772882211364,0.54297010653671,-0.8174461105041955,0.6962126122940289,-0.19896658410832516,0.9528718003574275,1.2687862996024153,1,2.7189041281455464,1
3,1,0,0.6559304560817715,1.2017456904945911,0.54297010653671,1.3227984436579001,1.1267914070244627,-0.17617950570300148,0.37062616210132265,-0.42362314010551705,0,0.8976149233172668,0
4,0,0,1.6179790412084873,1.3676326197882456,1.5940308916660397,0.4585804529528806,2.4492834194107944,0.5757940816726799,2.490879146694308,0.4071960393874679,0,5.923152687165251,0
2,0,1,1.0835076050269785,1.1685683046358604,-0.5080906785926198,-0.8406465934761422,2.280127464338124,1.487277217885627,0.5134411299754615,1.3918706224902648,1,5.672716434689478,1
0,1,0,-0.8762209943052203,-0.6340696603551823,1.24367729662293,1.6186046015502225,-0.7185462846773962,-0.8142177010520645,-1.101466583678263,-0.8236471894910283,0,-3.457877758898752,0
3,0,1,1.5110847539721854,1.2128048191141683,0.54297010653671,0.20917526100445208,-0.42636781682460195,2.5354828245305163,2.128348843629186,2.0380633176514755,0,6.275527168986576,0
2,1,1,-1.0543781396990566,-1.0543165478991063,0.8933237015798199,-1.0088500950227568,-1.087613823017768,-1.0648755635106248,-0.88175124848728,-1.1621290774326147,1,-4.196369712448288,1
4,1,1,1.4041904667358838,0.7040849026136285,0.54297010653671,-0.5332401940978467,1.4035920607797412,2.8089277653944005,1.007800634155173,2.4996295284809116,1,7.719949988810226,1
3,1,1,0.6915618851605387,0.4497249443633587,-1.2087978686788396,0.9747911990786977,0.17336693297850217,1.988592942802748,0.4475265294181667,0.8379911694949416,0,3.447477574694358,0
3,1,0,-1.0187467106202892,-0.9658435189424908,1.5940308916660397,0.38897900403704005,-0.1803227912643541,-0.24454074091897252,-0.7499220473726903,-0.6390207051592539,0,-1.813806284715271,0
5,0,1,0.869719030554375,1.445046520125284,-1.5591514637219497,-0.9276484046209429,0.1118556765884402,0.18841374878217737,1.0187864009147223,0.3148827972215807,0,1.6339386235069204,0
1,0,1,1.154770463184513,0.18430585749351192,-1.5591514637219497,-1.3568573396019594,2.233994022045578,0.37071037602476675,1.3373736369416476,-0.14668341360785542,1,3.7953946214041365,1
2,1,0,-1.695743863116867,-1.6072729788779538,-1.5591514637219497,-1.2582552869711854,-1.0568581948227371,-1.0648755635106248,-1.5408972540602288,-1.408297723208314,1,-5.070928735601905,1
0,1,1,-1.695743863116867,-1.5851547216388,-1.2087978686788396,0.01777127648589067,-1.0261025666277062,-1.0876626419159485,-1.5958260878579746,-1.469839884652239,0,-5.179431181053868,0
3,0,0,-0.413012416281246,-0.025817586278450114,-1.2087978686788396,0.7427863693592293,-0.42636781682460195,-0.22175366251364884,-0.024861441242446602,0.16102739361176865,0,-0.5119555269689288,0
0,1,0,0.5490361688454698,0.5713753591787052,-0.8584442736357297,-0.29543524363539164,0.5116788431238429,-0.9281530930786829,0.8759714330405834,1.484183864656152,1,1.9436810477418955,1
0,0,0,-0.3417495581237115,-0.490300988300682,-0.5080906785926198,1.4794017037185414,0.6193235418064514,-0.9737272498893302,-0.431334811345765,-0.5774785437153291,0,-1.3632170631439728,0
5,0,1,-1.1612724269353583,-1.0874939337578373,0.19261651149360004,-0.805845869018222,-0.7185462846773962,-0.6774952306201224,-1.1454096507164595,-0.9159604316569155,1,-3.4574115976708937,1
3,1,1,0.6915618851605387,0.10689195715647327,0.8933237015798199,-1.2814557699431322,-0.8415687974575202,0.05169127835023529,0.8649856662810342,1.545726026100077,1,1.6208341732738263,1
2,1,1,0.01456473266396101,-0.15852712971337352,-0.8584442736357297,-0.23743403620552453,0.050344420198378245,1.0998968849951245,-0.2665483099525278,0.037943070723919024,0,0.9216360659648939,0
1,1,1,-1.695743863116867,-1.6072729788779538,-0.5080906785926198,1.2531969947420598,-1.0568581948227371,-1.0648755635106248,-1.5408972540602288,-1.469839884652239,0,-5.13247089704583,0
4,1,1,-0.27048669996617697,-0.4128870879636433,-1.5591514637219497,-0.2316339154625378,0.38865633034371905,-0.24454074091897252,-0.6840074468153954,-0.5159363822714043,0,-1.055828239662053,0
0,0,1,-0.6624324198326168,-0.34653231624618164,0.54297010653671,0.26137634769133244,-0.3494787463370245,-0.8142177010520645,-0.3324629105098227,-0.4851653015494419,0,-1.9813246594483536,0
4,1,1,-0.30611812904494423,-0.4018279593440664,-0.8584442736357297,-0.2838350021494182,0.48092321492881196,0.5985811600780035,-0.42034904458621586,0.007171990001956621,0,0.6663273204225562,0
0,1,1,1.6179790412084873,0.8589127032877059,-0.5080906785926198,-0.4926393488969397,-0.48787907321466395,2.216463726855985,1.9965196425145963,0.868762250216904,1,4.593866546372821,1
4,0,0,-1.3394295723291945,-1.2754991202906454,-0.15773708354950988,0.33097779660717297,-0.6570350282873343,-0.7002823090254461,-1.3431534523883442,-1.1929001581545773,0,-3.893370947855702,0
3,1,0,-0.9474838524627548,-0.6451287889747592,-1.5591514637219497,0.4759808151818407,-0.6724128423848498,-0.13060534889235412,-1.090480816918714,-1.0698158352667275,0,-2.963314843462645,0
0,0,0,-1.5888495758805652,-1.4966816926821844,-0.15773708354950988,-0.06923053465890996,-0.9030800538475822,-1.1104497203212722,-1.5408972540602288,-1.4390688039302764,0,-4.993495832159359,0
5,0,1,1.6179790412084873,2.528841124843825,-0.15773708354950988,-1.3974581848028664,-0.8261909833600047,1.9658058643974243,2.5348222137325047,1.3610995417683025,1,5.035536636538227,1
0,0,0,-1.6601124340380997,-1.540918207160492,-1.2087978686788396,0.9631909575927242,-1.0107247525301906,-1.0648755635106248,-1.5299114873006796,-1.4390688039302764,0,-5.044580607271771,0
4,0,0,0.299616165294099,0.5271388447003973,0.54297010653671,-0.7594449030743283,1.0345245224393695,0.4162845328354141,0.7661137654450919,-0.5467074629933667,1,1.6702153577265086,1
0,0,1,-1.553218146801798,-1.5187999499213383,-0.15773708354950988,0.1047730876306913,-0.9492134961401286,-1.0876626419159485,-1.474982653502934,-1.3775266424863517,0,-4.889385434045363,0
0,1,1,1.2616647504208147,0.28383801506970446,1.5940308916660397,0.6441843167284552,2.233994022045578,-1.1332367987265959,1.7218754735258677,0.7456779273290544,0,3.568310624173904,0
0,0,1,1.4041904667358838,2.0864759800607473,-1.2087978686788396,-0.29543524363539164,-0.8415687974575202,0.8948131793472114,0.5354126634945598,2.2842319634271746,0,2.8728890088114256,0
3,0,1,0.01456473266396101,0.5824344877982821,-0.8584442736357297,0.8935895086768837,-0.8877022397500667,-0.5407727601881803,-0.36542021078847015,0.8072200887729791,0,-0.9866751219537379,0
4,1,1,-1.6244810049593326,-1.5077408213017613,-0.8584442736357297,-0.805845869018222,-0.9492134961401286,-1.0193014066999775,-1.474982653502934,-1.469839884652239,1,-4.913337440995279,1
2,0,0,-1.2325352850928928,-1.2533808630514915,-0.15773708354950988,1.3749995303447806,-0.5647681437022414,-0.8825789362680355,-1.0575235166400663,-1.0390447545447652,0,-3.543915351155108,0
0,0,1,1.6892418993660219,0.9695039894834753,0.54297010653671,-0.8174461105041955,-0.9953469384326751,1.920231707586777,0.6562560978496005,0.6841357658851296,1,2.265276632888832,1
4,0,0,0.9766133177906767,1.6109334494189382,1.5940308916660397,0.08157260465874447,2.233994022045578,-0.9737272498893302,1.2824448031439017,0.4071960393874679,0,2.9499076146876173,0
4,1,0,0.5134047397667025,0.9805631181030523,0.8933237015798199,-1.3162564944010524,-0.28796748994696253,0.028904199944911613,0.052038926074397425,0.5302803622753175,1,0.323255998347664,1
5,0,1,0.869719030554375,1.257041333592476,0.19261651149360004,-0.5100397111258999,1.3882142466822258,-0.4724115249722093,0.9418860335978783,0.3148827972215807,1,2.1725715525294755,1
4,0,1,1.3685590376571166,0.9142083463855906,1.24367729662293,1.050192768737525,1.3882142466822258,-0.4268373681615619,1.073715234712468,0.25334063577765586,0,2.288432749010788,0
4,0,1,-1.1612724269353583,-1.0321982906599525,0.54297010653671,-1.7106647049241486,-1.0568581948227371,-0.38126321135091457,-1.2662530850715001,-0.9159604316569155,1,-3.6203349229020674,1
1,1,1,0.9053504596331423,1.4008100056469763,-0.8584442736357297,-0.887047559420036,-0.9492134961401286,-0.9737272498893302,0.5463984302541091,1.8226657525977386,1,0.446123436822389,1
4,0,1,-1.3750610014079618,-1.164907834094876,-0.8584442736357297,0.9109898709058438,-0.8569466115550357,-1.0876626419159485,-1.1344238839569103,-1.0698158352667275,0,-4.148848972694623,0
5,0,1,-0.840589565226453,-0.5234783741594128,-1.5591514637219497,0.7137857656442957,-0.7185462846773962,-0.9737272498893302,-0.5302067121817073,-1.10058691598869,0,-3.323067162737124,0
1,1,1,-0.16359241272987524,-0.4681827310615281,0.19261651149360004,-0.7942456275322486,-0.9645913102376441,-0.8597918578627118,-0.4642921116244125,0.4995092815533551,1,-1.7891659981714132,1
2,1,0,0.6559304560817715,0.39442930126547393,-0.15773708354950988,0.5745828678126147,0.8192351250741527,0.1656266703768537,0.6672418646091496,0.06871415144588143,0,1.7208178115060373,0
4,0,1,1.1904018922632802,1.1132726615379755,-1.5591514637219497,-1.6932643426951886,0.09647786249092472,0.9859614929685061,1.3813167039798442,1.699581429709889,0,4.163337489149164,1
0,0,0,-1.695743863116867,-1.6183321074975308,1.24367729662293,0.5919832300415748,-1.1029916371152835,-1.0420884851053012,-1.5299114873006796,-1.5006109653742012,0,-5.175602574895466,0
2,1,1,1.58234761212972,2.4735454817459406,-1.2087978686788396,-0.8348464727331556,0.41941195853875,2.694992373367782,2.0844057765909896,2.4380873670369865,0,7.636897475534509,0
3,0,1,-1.125640997856591,-1.0211391620403756,-0.5080906785926198,0.2961770721492527,-1.0414803807252215,-0.6547081522147987,-0.9806231493232224,-1.0698158352667275,0,-3.74662751752997,0
3,1,0,-0.30611812904494423,-0.07005410075675791,1.5940308916660397,1.3923998925737406,-0.4571234450196329,0.21120082718750102,-0.6840074468153954,-0.115912332885893,0,-1.0458423975334203,0
4,0,1,-1.0187467106202892,-0.7999565896488365,1.24367729662293,1.4388008585176344,-0.36485656043454,-0.7458564658360934,-0.727950513853592,-1.0390447545447652,0,-2.8777082946689907,0
5,0,1,0.727193314239306,0.5050205874612435,-1.2087978686788396,0.7369862486162426,0.03496660610086275,1.8062963155601586,0.9309002668383292,0.25334063577765586,0,3.0255038242770063,0
4,0,0,-0.555538132596315,-0.3907688307244894,-0.15773708354950988,-1.5366610826345473,-0.1803227912643541,0.05169127835023529,-0.5302067121817073,-0.8236471894910283,1,-1.4824854145868545,1
5,1,0,-1.6601124340380997,-1.5851547216388,1.24367729662293,-1.7164648256671353,-1.0107247525301906,-1.0193014066999775,-1.5079399537815814,-1.408297723208314,1,-4.946263836220063,1
2,0,1,1.3329276085783492,2.130712494539055,-1.5591514637219497,0.649984437471442,0.4655454008312965,1.7151480019388639,1.5570889721326304,0.28411171649961825,0,4.021894091402409,0
0,1,0,-1.1612724269353583,-0.9437252617033369,-0.15773708354950988,0.7949874560461097,-0.3802343745320555,-0.6774952306201224,-1.0025946828423207,-1.0698158352667275,0,-3.130140123261226,0
1,0,1,0.9053504596331423,1.5666969349406306,0.54297010653671,0.5223817811257344,0.9883910801468232,-0.22175366251364884,1.6339893394494744,1.2687862996024153,0,3.6694130566850642,0
1,0,1,-1.4463238595654964,-1.319735634768953,-1.2087978686788396,1.6708056882371027,-0.8415687974575202,-0.7914306226467408,-1.4200538197051882,-1.1313579967106524,0,-4.184411236520101,0
2,1,1,1.119139034105746,1.3344552339295146,-0.15773708354950988,1.3865997718307541,0.2656338175635951,0.32513621921411945,1.139629835269763,0.3148827972215807,0,2.045282669269058,0
5,1,1,-0.5199067035175478,-0.30229580176787385,-0.5080906785926198,-1.5482613241205208,0.20412256117353314,-0.9053660146733592,-0.4862636451435107,-0.30053881721766745,1,-1.4880459158610042,1
5,0,0,1.5467161830509528,0.9473857322443214,1.24367729662293,1.5200025489194484,2.1571049515580003,-0.3356890545402672,0.7990710657237394,0.19179847433373107,0,2.8122854370752033,0
5,1,0,-0.8762209943052203,-0.6672470462139132,-1.2087978686788396,-1.6874642219522018,-0.16494497716683862,-0.8142177010520645,-1.0135804496018699,-0.4851653015494419,0,-2.4779084293702147,0
5,1,0,1.58234761212972,1.7215247356147079,-0.15773708354950988,1.2937978399429666,1.3574586184871948,-0.2901148977296199,1.6669466397281218,2.4996295284809116,0,5.233919888966609,0
0,0,1,-0.555538132596315,-0.3797097021049125,0.54297010653671,0.28457683066327927,-0.7339240987749118,-0.9737272498893302,-0.4093632778266667,-0.05437017144196819,0,-2.1713847979328773,0
5,1,1,1.6892418993660219,2.274481166593555,-0.15773708354950988,0.7311861278732559,0.2963894457586261,3.1735210198795794,1.7658185405640643,2.161147640539325,0,7.396876646741594,0
4,0,0,-1.5175867177230307,-1.3307947633885302,1.24367729662293,0.649984437471442,-1.087613823017768,-0.9737272498893302,-1.4530111199838356,-1.1929001581545773,0,-4.707252351045511,0
0,1,0,1.6536104702872545,2.4514272245067863,1.5940308916660397,0.5861831092985882,0.7115904263915444,2.55826990293584,0.9858291006360749,1.699581429709889,0,5.955270859673348,0
3,0,0,0.40651045253040075,0.6819666453744746,0.19261651149360004,0.31937755512119953,-0.14956716306932313,1.5100642962909507,0.4475265294181667,0.007171990001956621,0,1.815195652641751,0
1,1,1,-0.23485527088740973,0.16218760025435802,1.24367729662293,-1.2466550454852119,-1.0261025666277062,0.07447835675555897,-0.1896479426356838,0.037943070723919024,1,-1.103329081783912,1
2,0,0,-1.1612724269353583,-1.2533808630514915,-1.2087978686788396,1.026992285765578,-0.36485656043454,-0.5179856817828566,-1.1563954174760087,-1.10058691598869,0,-3.1398245756820957,0
3,0,0,-1.1969038560141254,-1.0874939337578373,0.54297010653671,0.5571825055836546,-1.1029916371152835,-0.9737272498893302,-1.167381184235558,-1.2852134003204645,0,-4.529313471560636,0
3,0,0,-0.413012416281246,-0.1142906152350657,0.8933237015798199,-0.6028416430136873,-0.7646797269699428,-0.631921073809475,-0.15669064235703636,-0.6390207051592539,1,-2.192312148295708,1
2,0,1,-1.0187467106202892,-0.7999565896488365,-0.8584442736357297,0.34257803809314635,-0.6262794000923033,-0.7230693874307698,-0.7169647470940428,-0.7928761087690659,0,-2.859189643386182,0
3,1,1,0.442141881609168,0.28383801506970446,-1.5591514637219497,-0.3360360888362986,1.4343476889747722,-0.9281530930786829,0.1399250601507906,0.09948523216784384,1,0.7456048882147237,1
2,1,0,-1.0187467106202892,-0.711483560692221,1.24367729662293,0.748586490102216,-0.5493903296047259,-0.38126321135091457,-0.8268224146895343,-1.1313579967106524,0,-2.888833952355827,0
1,0,0,1.0835076050269785,1.467164777364438,-0.8584442736357297,0.8355883012470167,1.9725711823878145,1.2594064338323903,0.7331564651664445,0.8379911694949416,0,4.803125250881591,0
4,1,0,0.6202990270030043,0.2064241147326658,-1.5591514637219497,0.8645889049619502,1.6188814581449582,-0.2673278193242962,1.3154021034225494,1.3610995417683025,0,4.028055284011514,0
0,0,0,-0.127960983651108,-0.03687671489802706,1.5940308916660397,0.8993896294198704,0.7423460545865753,0.006117121539587936,0.03006739255529913,-0.39285205938355466,0,0.38567850929790776,0
3,0,1,-1.0187467106202892,-1.0874939337578373,-1.5591514637219497,-0.5448404355838201,-0.9030800538475822,-0.7458564658360934,-1.0245662163614189,-0.6697917858812164,1,-3.3432945219263104,0
3,0,1,-0.555538132596315,-0.23594103005041214,-0.8584442736357297,-1.2118543210272916,-0.2110784194593851,-0.3356890545402672,-0.20063370939523295,-0.20822557505178022,1,-0.9556267584466654,1
1,1,1,-0.555538132596315,-0.3907688307244894,-0.15773708354950988,1.7288068956669698,-0.6724128423848498,-0.5179856817828566,-0.6730216800558463,-0.14668341360785542,0,-2.0101036178314082,0
5,1,0,-1.6244810049593326,-1.5077408213017613,0.19261651149360004,-0.4230378999810992,-1.1337472653103144,-0.9965143282946539,-1.5408972540602288,-1.469839884652239,1,-5.140998732317436,1
5,1,0,1.724873328444789,2.2855402952131323,1.5940308916660397,-0.7536447823313417,0.31176725985614157,3.059585627852961,2.633694114568447,2.99196682003231,1,8.99701382230986,1
1,0,0,1.1904018922632802,1.0911544042988217,0.19261651149360004,0.5455822640976812,-0.33410093223950904,2.262037883666632,0.8649856662810342,0.8379911694949416,0,3.6309137872030988,0
1,0,0,-0.02106669641480624,0.4054884298850509,0.54297010653671,-1.5946622900644145,0.8653685673666992,0.1656266703768537,-0.25556254319297866,-0.20822557505178022,1,0.5672071194987941,1
4,1,1,0.15709044897903002,-0.19170451557210436,-0.15773708354950988,1.624404722293209,-1.1029916371152835,-0.9509401714840066,0.5244268967350108,-0.6697917858812164,0,-2.1992966977454955,0
5,0,1,-0.7336952779901512,-0.3575914448657586,0.54297010653671,-0.8174461105041955,-0.2264562335569006,-0.03945703527105942,-0.3764059775480193,-0.23899665577374263,1,-0.8813159021497219,1
3,1,1,1.5467161830509528,0.6930257739940515,-0.15773708354950988,-1.6062625315503878,-0.36485656043454,2.3987603540985742,1.5900462724112778,1.945750075485588,1,5.5697001415609,1
4,0,0,0.9053504596331423,1.5335195490818998,-0.5080906785926198,0.8065876975320831,2.2493718361430934,0.712516552104622,0.7661137654450919,1.176473057436528,0,4.904475211129336,0
0,1,1,0.15709044897903002,0.12901021439562718,-0.15773708354950988,0.7195858863872825,0.6808347981965134,-0.7914306226467408,-0.354434444028921,0.3764249586655055,0,-0.0886053098136429,0
1,0,0,-0.698063848911384,-0.8552522327467212,1.24367729662293,-0.6550427297005675,0.1426113047834712,-0.8597918578627118,-0.651050146536748,-0.14668341360785542,1,-1.5149141132238442,1
3,0,0,0.9409818887119096,1.3897508770273994,-1.2087978686788396,-0.9334485253639296,0.9883910801468232,0.5757940816726799,1.3154021034225494,0.3764249586655055,0,3.2560122239075575,0
2,0,0,1.6892418993660219,1.1353909187771296,-1.5591514637219497,0.31937755512119953,1.9110599259977525,-0.08503119208170677,0.6782276313686988,0.8995333309388663,0,3.403789696223611,0
3,1,0,-0.6624324198326168,-0.6561879175943363,0.54297010653671,-0.9102480423919828,-0.6416572141898188,-0.8825789362680355,-0.8707654817277308,-0.14668341360785542,1,-2.541685045793441,1
2,0,0,-1.553218146801798,-1.3860904064864148,1.5940308916660397,-0.6434424882145942,-1.1337472653103144,-1.0876626419159485,-1.39808228618609,-1.254442319598502,1,-4.873934513010855,1
4,1,1,-0.698063848911384,-0.7225426893117979,0.54297010653671,-1.00304997427977,-0.6724128423848498,-0.2673278193242962,-0.574149779219904,-0.39285205938355466,1,-1.9067425003126046,1
0,0,1,-0.1992238418086425,-0.5124192455398359,1.5940308916660397,-1.0610511817096373,0.3579007021486881,-0.6774952306201224,-0.6071070794985514,0.25334063577765586,1,-0.6733609721923298,1
5,1,1,1.3685590376571166,1.0690361470596679,1.24367729662293,1.4040001340597141,1.3420808043896792,0.006117121539587936,0.5354126634945598,0.9610754923827912,0,2.844686081806618,0
3,1,0,0.299616165294099,0.8920900891464366,-1.5591514637219497,-1.6990644634381753,1.234436105707071,1.1454710418057719,0.6562560978496005,0.4071960393874679,0,3.4433592847499113,0
2,1,0,-1.26816671417166,-1.175966962714453,1.24367729662293,-0.9972498535367834,-0.4571234450196329,-0.8597918578627118,-1.0465377498805173,-1.1929001581545773,1,-3.5563532109174396,1
4,1,1,0.442141881609168,0.0073597995802807325,0.8933237015798199,-1.0726514231956106,1.234436105707071,-0.7230693874307698,0.6123130308114039,0.8995333309388663,1,2.0232130800265713,1
3,1,1,0.5134047397667025,0.3391336581675892,1.5940308916660397,-1.1306526306254778,0.450167586733781,-0.49519860337753296,0.6782276313686988,0.5302803622753175,1,1.1634769770002644,1
4,0,0,1.0478761759482114,1.8099977645713234,1.24367729662293,0.4817809359248274,0.4347897726362655,0.6669423952939746,1.6449751062090237,1.4226417032122274,0,4.169348977351492,0
1,0,1,-0.6268009907538495,-0.501360116920259,0.54297010653671,0.8239880597610433,-1.1029916371152835,-0.9965143282946539,-0.7389362806131411,-0.14668341360785542,0,-2.985125659630934,0
4,1,0,-0.413012416281246,-0.5677148886377206,-0.15773708354950988,-0.4056375377521391,0.5270566572213584,-1.0876626419159485,-0.31049137699072443,-0.946731512378878,1,-1.8178288740641926,1
3,0,0,-1.2325352850928928,-1.2865582489102223,-0.15773708354950988,1.4156003755456876,-0.4571234450196329,-0.631921073809475,-1.090480816918714,-1.0390447545447652,0,-3.2185700902925873,0
2,1,1,-0.413012416281246,-0.1364088724742196,1.24367729662293,0.6673847997004021,-0.3802343745320555,0.14283959197153,-0.574149779219904,-0.8851893509349531,0,-1.6967339127153824,0
3,0,1,1.0478761759482114,1.234923076353322,0.19261651149360004,-0.7188440578734214,2.1878605797530315,0.37071037602476675,0.1399250601507906,1.2380152188804527,1,3.9365112348090414,1
2,0,0,-1.0187467106202892,-1.142789576855722,-0.8584442736357297,0.7021855241583224,-0.8723244256525512,-1.1104497203212722,-0.9037227820063783,-0.8544182702129908,0,-3.7409151981931927,0
4,1,0,0.9053504596331423,1.6772882211364,0.19261651149360004,-1.5134605996626005,1.9879489964853299,0.6897294736992983,0.7770995322046411,0.25334063577765586,1,3.7081186381669253,1
5,1,1,-0.840589565226453,-0.921607004464183,-0.8584442736357297,-0.805845869018222,-0.4571234450196329,-0.6774952306201224,-0.7609078141322394,-1.0082736738228029,1,-2.9038001635947976,1
2,0,1,0.442141881609168,0.8920900891464366,0.19261651149360004,-0.25483439843448463,-0.07267809258174568,0.7580907089152693,0.996814867395624,0.09948523216784384,0,1.7817127158969914,0
3,1,0,0.9409818887119096,0.39442930126547393,-0.5080906785926198,-0.6782432126725144,1.172924849317009,0.14283959197153,1.0407579344338207,1.6072681875440018,1,3.963790563266362,1
2,0,0,-0.1992238418086425,0.2285423719718197,1.24367729662293,-1.124852509882491,-0.5186347014096949,0.30234914080879577,-0.1457048755974872,-0.5159363822714043,1,-0.8779268184697906,1
2,0,1,1.5467161830509528,1.0690361470596679,0.54297010653671,-0.5042395903829131,2.5723059321909187,3.0140114710423136,2.424964546137013,0.7764490080510168,1,8.787730957421264,1
0,1,0,-0.16359241272987524,-0.28017754452871996,0.8933237015798199,-0.1504322250607239,-0.6262794000923033,0.2795620624034721,-0.0028899077233483085,-0.42362314010551705,0,-0.7732303855176965,0
0,0,1,0.050196161742728264,0.06265544267816547,-0.8584442736357297,0.5339820226117078,-0.5647681437022414,0.46185868964606147,-0.25556254319297866,0.16102739361176865,0,-0.19744460363738991,0
5,0,1,1.0478761759482114,1.6219925780385154,1.24367729662293,1.549003152634382,1.5727480158524116,2.0797412564240427,0.8430141327619359,1.2995573803243776,0,5.795060785362768,0
1,1,1,1.724873328444789,2.5841367679417098,-1.5591514637219497,1.5954041185782755,1.864926483705206,-0.4724115249722093,0.5573841970136582,0.4687382008313927,0,2.4186373565780475,0
4,0,1,1.2260333213420476,0.383370172645897,-0.15773708354950988,-0.017029447972029585,1.4035920607797412,-0.40405028975623825,0.6452703310900514,2.0380633176514755,0,3.68287541976503,0
2,0,1,-0.05669812549357349,-0.34653231624618164,1.5940308916660397,-0.5042395903829131,1.0345245224393695,0.712516552104622,0.3486546285822244,-0.05437017144196819,1,2.041325531684248,1
3,0,1,0.6915618851605387,1.0026813753422061,-1.5591514637219497,-1.4264587885178,1.6496370863399892,0.46185868964606147,0.08499622635304487,0.8995333309388663,0,3.096025333277962,0
2,1,0,1.6179790412084873,1.1906865618750142,1.24367729662293,0.2729765891773059,0.6654569840989979,1.1226839634004482,2.2491922779842266,2.007292236929513,0,6.044625462413186,0
1,0,0,1.6536104702872545,0.9473857322443214,-0.8584442736357297,1.5954041185782755,0.6193235418064514,2.1481024916400138,2.5238364469729553,1.6688103489879265,0,6.960072829407347,0
1,0,0,0.40651045253040075,-0.09217235799591181,1.5940308916660397,1.2705973569710198,0.004210977905831773,1.5328513746962744,0.17288236042943803,-0.20822557505178022,0,1.5017191379797639,0
4,1,1,-0.3417495581237115,-0.6119514031160284,-0.15773708354950988,-0.45783862443901946,0.6808347981965134,0.48464576805138515,-0.11274757531883978,-0.023599090720005784,1,1.0291339002090527,1
0,0,1,0.37087902345163354,0.5271388447003973,1.5940308916660397,0.9341903538777907,-0.4571234450196329,-0.2901148977296199,-0.2665483099525278,0.6533646851631671,0,-0.36042196753861355,0
0,0,0,-1.553218146801798,-1.4635043068234534,1.24367729662293,-0.1620324665466973,-0.9338356820426131,-0.9053660146733592,-1.4420253532242866,-1.4390688039302764,0,-4.720295853870535,0
3,0,0,0.47777331068793527,0.9916222467226292,0.19261651149360004,-0.16783258728968403,1.772659599120113,1.487277217885627,-0.2116194761547821,0.7764490080510168,0,3.8247663489019748,0
4,0,1,-0.4486438453600132,-0.8110157182684135,1.5940308916660397,1.688206050466063,-0.44174563092211744,0.46185868964606147,-0.09077604179974148,-0.5159363822714043,0,-0.5865993653472017,0
1,1,0,-0.05669812549357349,-0.03687671489802706,0.19261651149360004,1.7114065334380097,0.17336693297850217,0.7353036305099456,0.3486546285822244,0.06871415144588143,0,1.3260393435165534,0
2,0,0,-1.0543781396990566,-0.9437252617033369,1.5940308916660397,-0.11563150060280364,-0.5647681437022414,-0.19896658410832516,-0.9806231493232224,-0.8851893509349531,0,-2.629547228068742,0
2,0,0,0.40651045253040075,0.9142083463855906,-0.5080906785926198,0.02937151797186409,0.38865633034371905,1.3277676690483613,0.7331564651664445,1.2995573803243776,0,3.7491378448829025,0
4,1,0,-1.2325352850928928,-1.1096121909969912,-0.5080906785926198,0.609383592270535,-0.7800575410674583,-0.9509401714840066,-1.101466583678263,-0.946731512378878,0,-3.7791958086086055,0
1,1,1,-1.3394295723291945,-1.120671319616568,1.5940308916660397,-1.026250457251717,-1.0107247525301906,-0.9509401714840066,-1.2332957847928527,-1.0390447545447652,1,-4.2340054633518145,1
5,1,1,0.7984561723968405,0.814676188809398,-1.5591514637219497,1.427200617031661,0.3579007021486881,-0.0622441136763831,0.5683699637732073,0.22256955505569345,0,1.0865961073012056,0
2,1,0,-1.0543781396990566,-1.120671319616568,-1.2087978686788396,-0.3360360888362986,-1.0414803807252215,-0.9965143282946539,-0.9366800822850258,-0.5774785437153291,1,-3.552153335020231,1
5,1,0,-1.5888495758805652,-1.4082086637255689,1.24367729662293,0.18017465728951854,-1.0568581948227371,-1.0648755635106248,-1.4310395864647374,-1.254442319598502,0,-4.807215664396601,0
4,0,0,0.6915618851605387,1.035858761200937,1.24367729662293,-1.6352631352653215,-0.48787907321466395,-0.7458564658360934,0.12893929339124144,-0.42362314010551705,1,-1.528419385765033,1
1,1,1,-0.7336952779901512,-0.921607004464183,-0.15773708354950988,-0.3418362095792853,-0.25721186175193156,0.1656266703768537,-0.4862636451435107,-0.6390207051592539,1,-1.2168695416778426,1
1,0,0,-1.4819552886442635,-1.352913020627684,1.5940308916660397,1.0559928894805115,-1.14912507940783,-0.7914306226467408,-1.2772388518310493,-1.2852134003204645,0,-4.503007954206085,0
2,0,0,1.6179790412084873,2.1970672662565165,-1.5591514637219497,1.6708056882371027,0.7884794968791218,0.34792329761944313,2.501864913453857,0.25334063577765586,0,3.891608343730078,0
0,0,0,-1.26816671417166,-1.2754991202906454,0.54297010653671,0.8529886634759768,-1.118369451212799,-0.8142177010520645,-1.332167685628795,-1.1621290774326147,0,-4.426883915326274,0
0,0,1,-0.02106669641480624,0.4165475585046278,-0.8584442736357297,0.23817586471938562,-0.48787907321466395,0.8036648657259167,0.4914695964563633,0.5302803622753175,0,1.3375357512429336,0
3,0,1,-1.6244810049593326,-1.4856225640626073,-1.2087978686788396,0.2323757439763989,-1.087613823017768,-0.9737272498893302,-1.5189257205411306,-1.469839884652239,0,-5.050106678100468,0
4,1,0,0.9053504596331423,1.433987391505707,0.19261651149360004,-1.6004624108074013,0.7731016827816063,0.8036648657259167,0.5244268967350108,1.8842079140416634,1,3.9854013592841975,1
4,0,0,0.15709044897903002,0.6709075167548977,1.5940308916660397,-1.3974581848028664,-0.5032568873121794,0.07447835675555897,0.3816119288608718,0.4379671201094303,1,0.39080051841368163,1
0,1,1,0.5490361688454698,0.9031492177660136,0.19261651149360004,-1.5192607204055872,-0.7800575410674583,-0.9509401714840066,0.41456922913951927,1.3303284610463402,1,0.013899977634394656,1
0,0,0,-1.3037981432504273,-1.319735634768953,0.54297010653671,-1.2524551662281986,-0.6724128423848498,-0.9509401714840066,-1.2882246185905983,-0.9159604316569155,1,-3.8275380641163705,1
5,1,1,1.3329276085783492,1.2681004622120529,0.8933237015798199,-0.31863572660733847,1.7880374132176284,2.6494182165571347,1.677932406487671,0.8072200887729791,1,6.9226081250354135,1
5,1,0,0.40651045253040075,1.0026813753422061,1.24367729662293,0.05837212168679763,0.41941195853875,0.6441553168886509,0.4914695964563633,1.022617653826716,0,2.5776545257104804,0
2,0,1,1.154770463184513,1.4118691342665532,1.24367729662293,1.3923998925737406,0.7884794968791218,-0.3356890545402672,0.4365407626586176,1.2995573803243776,0,2.18888858532185,0
3,1,0,-0.9474838524627548,-0.7778383324096827,-0.8584442736357297,0.17437453654653182,-0.36485656043454,-0.4724115249722093,-0.6620359132962971,-0.8236471894910283,0,-2.3229511881940748,0
1,0,0,1.4398218958146511,1.7768203787125927,-1.2087978686788396,-0.5332401940978467,0.8192351250741527,1.5328513746962744,1.754832773804515,0.868762250216904,0,4.975681523791846,0
0,1,1,1.58234761212972,2.18600813763694,-1.2087978686788396,-0.37663693403720555,-1.0261025666277062,2.0797412564240427,1.1506156020293121,2.776569254978573,0,4.980823546804222,0
1,0,0,-1.3750610014079618,-1.2976173775297992,1.5940308916660397,0.6789850411863755,-0.6724128423848498,-0.7914306226467408,-1.3870965194265408,-1.254442319598502,0,-4.105382304056633,0
2,0,1,0.9409818887119096,0.46078407298293567,-0.5080906785926198,0.7833872145601363,-0.9645913102376441,-0.7002823090254461,0.9528718003574275,1.6688103489879265,0,0.9568085300822637,0
5,0,1,0.9766133177906767,0.7593805457115133,1.5940308916660397,-0.4172377792381125,-0.25721186175193156,0.8720261009418877,1.0517437011933697,-0.023599090720005784,1,1.64295884966332,1
0,0,1,1.5467161830509528,0.5381979733199743,-1.2087978686788396,-1.4496592714897467,-0.6416572141898188,-0.8142177010520645,2.424964546137013,-0.08514125216393059,1,0.8839483787311992,1
0,1,0,-1.1969038560141254,-1.0432574192795294,0.19261651149360004,-1.0320505779947036,-0.6262794000923033,-0.8825789362680355,-0.9476658490445748,-1.254442319598502,1,-3.7109665050034155,1
5,0,0,-0.37738098720247876,-0.15852712971337352,-0.8584442736357297,-0.6028416430136873,-1.1645028935053454,-0.8142177010520645,0.07401045959349571,-0.39285205938355466,1,-2.297562194347469,1
4,1,0,-0.30611812904494423,0.04053718543901158,1.24367729662293,1.125594338396352,-0.02654465028919921,-0.9737272498893302,-0.1896479426356838,-0.8544182702129908,0,-2.0443381130272043,0
2,0,0,-0.9474838524627548,-0.8220748468879905,-0.8584442736357297,0.690585282672349,-0.2264562335569006,-0.7458564658360934,-0.9256943155254767,-1.0390447545447652,0,-2.9370517694632357,0
3,1,1,-0.840589565226453,-0.9990209048012216,0.54297010653671,0.17437453654653182,-0.5493903296047259,-0.49519860337753296,-0.4972494119030599,-0.8236471894910283,0,-2.3654855343763472,0
3,1,1,-1.5888495758805652,-1.4745634354430304,-1.2087978686788396,1.4098002548027009,-0.9338356820426131,-1.0648755635106248,-1.474982653502934,-1.408297723208314,0,-4.8819916222644855,0
2,0,0,-0.16359241272987524,0.05159631405858853,-1.5591514637219497,0.9515907161067508,0.03496660610086275,-0.7914306226467408,0.095981993112594,0.25334063577765586,0,-0.40714138765562813,0
3,0,0,0.7628247433180733,0.28383801506970446,-1.2087978686788396,0.3599784003221065,0.8653685673666992,1.487277217885627,0.12893929339124144,0.09948523216784384,0,2.5810703108114113,0
0,1,0,-0.127960983651108,0.04053718543901158,0.8933237015798199,-1.6758639804662283,0.8192351250741527,-1.0876626419159485,0.2607684945058312,-0.7005628666031787,1,-0.7082218889391432,1
4,1,0,-0.27048669996617697,-0.5566557600181437,-1.5591514637219497,0.035171638714850795,0.37327851624620356,-0.7230693874307698,-0.6840074468153954,0.16102739361176865,0,-0.8727709243881928,0
5,0,0,-0.127960983651108,-0.5455966313985667,0.8933237015798199,1.589603997835289,0.5116788431238429,0.6213682384833272,-0.44232057810531417,0.6225936044412047,0,1.3133201079430608,0
4,1,1,1.297296179499582,1.6441108352776692,-1.2087978686788396,-1.3336568566300127,1.5573702017548963,2.421547432503898,2.1393346103887354,2.1919187212612874,0,8.310170965908817,0
1,0,0,0.6915618851605387,0.593493616417859,-0.15773708354950988,-1.0784515439385973,1.8803042978027216,0.5757940816726799,0.6123130308114039,0.037943070723919024,1,3.106354481010724,1
2,1,0,-1.5888495758805652,-1.551977335780069,-0.15773708354950988,1.1603950628542723,-0.9645913102376441,-1.0876626419159485,-1.409068052945639,-1.254442319598502,0,-4.715764324697734,0
1,1,0,0.6202990270030043,0.19536498611308886,0.19261651149360004,1.0385925272515515,0.9730132660493077,1.1910451986164192,0.9089287333192309,-0.1774544943298178,0,2.8955327036551397,0
1,1,0,0.47777331068793527,-0.1142906152350657,1.5940308916660397,-0.27223476066344476,0.6500791700014824,-0.10781827048703045,0.5354126634945598,-0.42362314010551705,0,0.6540504229034947,0
4,1,0,0.9053504596331423,1.6330517066580923,1.24367729662293,-0.8986478009060094,-0.41099000272708647,2.0341670996133954,0.3596403953417735,0.22256955505569345,1,2.205387047283776,1
3,1,0,1.4041904667358838,0.6930257739940515,-0.5080906785926198,-0.6028416430136873,1.3728364325847102,0.5302199248620325,1.831733141121359,2.315003044149137,1,6.049792542717238,1
0,0,1,-0.9474838524627548,-1.0211391620403756,-0.15773708354950988,0.290376951406266,-0.36485656043454,-0.2901148977296199,-1.0794950501591647,-0.8236471894910283,0,-2.558113697814353,0
3,1,0,0.6202990270030043,0.30595627230885836,-0.8584442736357297,1.0617930102234983,1.926437740095268,1.0998968849951245,0.9309002668383292,0.16102739361176865,0,4.11826228554049,0
5,0,1,-0.555538132596315,-0.1806453869525274,-0.15773708354950988,-0.37663693403720555,-0.6724128423848498,0.1656266703768537,-0.2885198434716261,-0.5774785437153291,1,-1.3727845591949512,1
4,0,1,1.3685590376571166,2.0864759800607473,1.5940308916660397,-1.0726514231956106,0.9268798237567613,-0.4268373681615619,2.0294769427932438,2.4073162863150244,1,4.936835684703468,1
0,1,0,0.3352475943728663,0.018418928199857684,-0.5080906785926198,0.6325840752424818,0.21950037527104865,-0.7458564658360934,0.1399250601507906,-0.4543942208274795,0,-0.8408252512417338,0
3,1,0,-1.553218146801798,-1.3971495351059917,0.54297010653671,1.2705973569710198,-0.9030800538475822,-0.9053660146733592,-1.4310395864647374,-1.254442319598502,0,-4.493927974584181,0
0,1,1,0.6202990270030043,0.23960150059139665,1.24367729662293,1.3982000133167274,0.4655454008312965,0.8264519441312403,0.095981993112594,1.1457019767145655,0,2.533681314789696,0
4,1,1,0.0858275908214955,-0.490300988300682,0.19261651149360004,0.5803829885556014,1.2805695479996175,-0.7002823090254461,0.5903414972923056,-0.6390207051592539,0,0.531608031107223,0
1,0,1,-1.3037981432504273,-1.2091443485731836,-1.2087978686788396,1.6302048430361957,-0.7185462846773962,-0.8597918578627118,-1.101466583678263,-1.1313579967106524,0,-3.8111627229290237,0
2,0,1,-1.3037981432504273,-1.164907834094876,-1.2087978686788396,1.1835955458262193,-0.8569466115550357,-0.631921073809475,-1.090480816918714,-1.3159844810424268,0,-3.895332983325652,0
4,1,0,1.4754533248934183,0.7262031598527824,-0.8584442736357297,0.30777731363522615,2.341638720728186,-0.08503119208170677,1.5680747388921796,1.1149308959926032,0,4.939613163531262,0
1,0,1,1.012244746869444,1.5556378063210536,-1.5591514637219497,0.36577852106509323,1.864926483705206,1.6239996883175691,1.4801886048157864,1.5764971068220393,0,6.5456118836606,0
0,1,0,-0.1992238418086425,0.26171975783055057,-0.15773708354950988,-0.6086417637566739,0.4347897726362655,-0.3356890545402672,-0.5961213127390023,0.3764249586655055,1,-0.12059563597749845,1
1,1,0,-0.4486438453600132,-0.5898331458768745,-0.5080906785926198,-1.5366610826345473,-1.1337472653103144,0.028904199944911613,-0.10176180855929062,-0.9775025931008403,1,-2.184107467025534,1
5,0,1,-1.26816671417166,-1.131730448236145,-0.8584442736357297,0.1047730876306913,-0.6262794000923033,-0.9053660146733592,-1.3101961521096968,-1.254442319598502,0,-4.096283886473861,0
3,1,0,-1.3750610014079618,-1.4082086637255689,0.19261651149360004,-0.6956435749014745,-0.6877906564823653,-1.1104497203212722,-1.321181918869246,-1.0082736738228029,1,-4.1276959694956865,1
4,1,0,-1.1969038560141254,-1.131730448236145,1.24367729662293,1.4098002548027009,-0.41099000272708647,-0.631921073809475,-0.9806231493232224,-0.9775025931008403,0,-3.0010368189606242,0
4,0,0,0.050196161742728264,-0.1142906152350657,0.8933237015798199,-0.6782432126725144,0.6654569840989979,-0.9509401714840066,0.4475265294181667,-0.7005628666031787,1,-0.5385195245700207,1
1,1,0,-1.2325352850928928,-1.1096121909969912,0.19261651149360004,-0.30123536437837833,-0.8108131692624893,-0.5179856817828566,-1.2662530850715001,-1.2852134003204645,1,-3.8802653364373105,1
4,0,1,0.5490361688454698,0.09583282853689633,0.8933237015798199,-1.2814557699431322,-0.14956716306932313,1.7379350803441875,1.0517437011933697,-0.14668341360785542,1,2.4934282048603786,1
5,1,1,1.5467161830509528,1.2681004622120529,1.5940308916660397,0.9921915613076578,0.41941195853875,1.7379350803441875,2.3920072458583657,2.0688343983734376,0,6.618188683114742,0
4,0,1,-1.695743863116867,-1.6183321074975308,-1.5591514637219497,-1.4322589092607867,-1.0568581948227371,-1.1104497203212722,-1.5299114873006796,-1.408297723208314,1,-5.105517125653003,1
5,1,0,-0.16359241272987524,-0.4018279593440664,0.8933237015798199,0.39477912478002675,-0.14956716306932313,-0.4268373681615619,-0.5411924789412564,0.16102739361176865,0,-0.9565696165603729,0
3,1,1,0.37087902345163354,0.6819666453744746,-1.5591514637219497,-1.2350548039992384,-0.05730027848423019,-0.4268373681615619,0.12893929339124144,-0.269767736495705,0,-0.6249660897502557,0
0,1,1,-1.26816671417166,-1.2202034771927606,0.19261651149360004,1.0965937346814185,-0.5955237718972723,-0.7686435442414171,-1.0245662163614189,-1.1313579967106524,0,-3.5200915292107604,0
0,0,1,-1.6601124340380997,-1.574095593019223,-1.5591514637219497,1.4794017037185414,-1.1645028935053454,-1.0193014066999775,-1.5189257205411306,-1.408297723208314,0,-5.111027743954768,0
0,1,0,1.297296179499582,2.042239465582439,0.54297010653671,0.8761891464479236,-0.05730027848423019,1.988592942802748,0.8430141327619359,0.6225936044412047,0,3.3969004015216586,0
3,1,0,0.6915618851605387,0.7151440312332055,0.19261651149360004,0.8065876975320831,-0.9030800538475822,0.5985811600780035,1.0297721676742715,1.0533887345486783,0,1.778662008453371,0
4,0,0,-0.127960983651108,-0.2248819014308352,0.54297010653671,-0.626042125985634,-0.9953469384326751,-0.10781827048703045,-0.11274757531883978,0.4379671201094303,1,-0.777945664129115,1
4,1,1,0.9053504596331423,0.9584448608638984,0.8933237015798199,1.7172066541809965,-0.5801459577997569,-0.10781827048703045,0.03006739255529913,0.4379671201094303,0,-0.21992971562205788,0
1,1,1,1.4754533248934183,1.035858761200937,-1.2087978686788396,-0.31863572660733847,2.802973143653651,-1.1332367987265959,0.6013272640518548,2.5611716899248362,1,4.832235298903746,1
5,1,0,1.5467161830509528,2.396131581408902,1.5940308916660397,1.688206050466063,0.9883910801468232,2.6494182165571347,0.45851229617771583,1.2072441381584904,0,5.303565731040164,0
0,0,0,-0.09232955457234074,-0.0036993290392962164,-0.8584442736357297,1.4388008585176344,-0.9492134961401286,-1.0648755635106248,0.4035834623799701,-0.4543942208274795,0,-2.064899818098263,0
3,1,1,-1.5888495758805652,-1.4082086637255689,0.19261651149360004,1.647605205265156,-1.0568581948227371,-0.9509401714840066,-1.5079399537815814,-1.3467555617643892,0,-4.862493881852714,0
3,0,1,-0.05669812549357349,-0.09217235799591181,0.54297010653671,-0.9334485253639296,0.4347897726362655,0.14283959197153,0.24978272774628207,0.037943070723919024,1,0.8653551630779965,1
3,0,1,-0.6268009907538495,-0.7336018179313748,0.19261651149360004,-0.08083077614488339,0.004210977905831773,0.028904199944911613,-0.804850881170436,-0.33130989793962984,0,-1.1030456012593226,0
3,0,1,1.4398218958146511,0.4054884298850509,1.5940308916660397,-1.6932643426951886,1.080657964731916,1.1910451986164192,0.5903414972923056,-0.05437017144196819,1,2.8076744891986727,1
5,0,0,0.37087902345163354,0.9252674750051675,0.8933237015798199,-1.739665308639082,-1.1029916371152835,-0.9737272498893302,0.8430141327619359,-0.05437017144196819,1,-1.2880749256846462,1
3,0,1,1.1904018922632802,0.4939614588416665,-1.5591514637219497,0.8181879390180565,2.1571049515580003,-1.0876626419159485,0.39259769562042096,1.022617653826716,0,2.484657659089189,0
4,0,0,1.012244746869444,1.7989386359517465,-0.5080906785926198,0.5687827470696281,1.3882142466822258,1.4644901394803034,1.4911743715753356,0.037943070723919024,0,4.381821828461784,0
2,1,1,0.37087902345163354,0.7925579315702441,-0.15773708354950988,0.7717869730741629,0.7115904263915444,1.0771098065898008,0.22781119422718377,0.19179847433373107,0,2.20830990154226,0
3,1,1,-1.0900095687778237,-1.2091443485731836,0.8933237015798199,-0.16783258728968403,-0.8877022397500667,-0.24454074091897252,-1.0245662163614189,-1.1313579967106524,0,-3.2881671937411108,0
3,0,1,1.724873328444789,1.6330517066580923,1.5940308916660397,-0.6376423674716074,0.4655454008312965,0.9403873361578587,1.3154021034225494,0.7456779273290544,1,3.4670127677407585,1
2,1,0,1.58234761212972,1.1353909187771296,0.8933237015798199,-0.8638470764480891,1.772659599120113,-0.4724115249722093,2.051448476312342,1.9765211562075506,1,5.328217706667797,1
4,0,1,-1.125640997856591,-0.921607004464183,-0.8584442736357297,-0.23743403620552453,-0.5955237718972723,-0.631921073809475,-0.9806231493232224,-1.1621290774326147,0,-3.3701970724625845,0
4,0,1,0.6559304560817715,0.6930257739940515,-0.15773708354950988,-0.13303186283176377,0.7731016827816063,-0.631921073809475,-0.024861441242446602,0.4071960393874679,0,0.5235152071171525,0
2,1,1,-1.26816671417166,-1.120671319616568,-1.2087978686788396,0.07577248391575776,-0.4725012591171484,-0.8370047794573882,-1.090480816918714,-0.8851893509349531,0,-3.2851762064282037,0
4,1,0,-1.125640997856591,-1.2533808630514915,1.5940308916660397,1.0733932517094718,-0.9953469384326751,-0.9965143282946539,-0.9916089160827715,-1.0698158352667275,0,-4.053286018076828,0
0,0,1,-0.9831152815415221,-1.0100800334207987,-0.5080906785926198,0.5223817811257344,-0.303345304044478,-0.4724115249722093,-1.0025946828423207,-0.9159604316569155,0,-2.6943119435159235,0
2,1,0,0.9766133177906767,0.21748324335224276,0.54297010653671,-1.44385915074676,1.772659599120113,0.5074328464567088,0.45851229617771583,0.6533646851631671,1,3.391969426917705,1
4,1,0,-1.6601124340380997,-1.563036464399646,-0.15773708354950988,-0.887047559420036,-1.14912507940783,-1.0648755635106248,-1.562868787579327,-1.4390688039302764,1,-5.215938234428059,1
0,0,1,1.5467161830509528,0.4497249443633587,1.5940308916660397,0.6267839544994951,2.110971509265454,2.5810569813411637,0.9089287333192309,2.5304006092028737,0,8.131357833128721,0
2,0,0,1.4398218958146511,0.7262031598527824,0.19261651149360004,-0.29543524363539164,2.7722175154586197,1.3733418258590087,2.1503203771482844,2.22268980198325,1,8.518569520449164,1
1,0,1,1.4041904667358838,0.4054884298850509,-0.5080906785926198,1.1429947006253123,-0.5186347014096949,1.0087485713738298,0.8539998995214851,0.7764490080510168,0,2.120562777536637,0
4,1,0,0.727193314239306,-0.09217235799591181,0.54297010653671,-0.3650366925512321,0.9576354519517922,1.2366193554270666,0.33766886182267525,0.3456538779435431,1,2.8775775471450773,1
3,0,0,-1.5175867177230307,-1.3971495351059917,0.19261651149360004,1.3227984436579001,-0.8877022397500667,-1.1332367987265959,-1.4969541870220322,-1.3159844810424268,0,-4.833877706541122,0
0,0,1,-0.1992238418086425,-0.6119514031160284,0.54297010653671,-0.7478446615883549,-0.6570350282873343,0.6213682384833272,-0.4533063448648633,-0.42362314010551705,1,-0.9125962747743874,1
5,0,0,1.2260333213420476,1.1353909187771296,-1.2087978686788396,-1.5308609618915607,0.15798911888098668,-0.8597918578627118,1.6999039400067695,1.2380152188804527,1,2.236116419905497,1
3,1,1,-0.9118524233839875,-0.5898331458768745,0.8933237015798199,-1.0204503365087303,-0.42636781682460195,-0.40405028975623825,-1.0245662163614189,-1.1313579967106524,1,-2.9863423196529117,1
2,0,0,-1.26816671417166,-1.3086765061493761,1.24367729662293,-0.9276484046209429,-1.0261025666277062,-0.6091339954041514,-1.332167685628795,-0.9775025931008403,1,-3.9449068407614925,1
0,1,0,0.40651045253040075,0.23960150059139665,-0.5080906785926198,-0.09823113837384351,-0.5801459577997569,-0.24454074091897252,-0.16767640911658552,-0.5159363822714043,0,-1.5082994901067193,0
1,1,1,-1.3394295723291945,-1.352913020627684,-0.8584442736357297,-0.6956435749014745,-0.7031684705798807,-1.0648755635106248,-1.3431534523883442,-1.10058691598869,1,-4.21178440246754,1
5,1,0,0.5490361688454698,1.1796274332554373,-0.15773708354950988,0.4063793662660002,-0.44174563092211744,0.5074328464567088,0.6013272640518548,1.0841598152706409,0,1.751174294857087,0
0,0,1,0.0858275908214955,-0.15852712971337352,-0.8584442736357297,-1.5714618070924675,0.20412256117353314,0.5985811600780035,-0.431334811345765,-0.6697917858812164,1,-0.2984228759754447,1
5,1,0,-1.3037981432504273,-1.3418538920081071,-0.8584442736357297,0.8935895086768837,-0.6109015859947878,-0.5179856817828566,-1.0794950501591647,-1.10058691598869,0,-3.3089692339254992,0
2,1,1,-0.7693267070689185,-0.8110157182684135,1.24367729662293,-0.06923053465890996,-1.087613823017768,-1.1104497203212722,-0.38739174430756845,-0.23899665577374263,0,-2.8244519434203514,0
3,1,0,0.5134047397667025,0.15112847163478108,-1.2087978686788396,-0.2838350021494182,-0.33410093223950904,-0.9509401714840066,0.37062616210132265,0.8072200887729791,0,-0.10719485284921382,0
3,0,0,1.154770463184513,0.4165475585046278,-1.2087978686788396,-1.6468633767512948,1.9571933682902989,1.0771098065898008,0.6782276313686988,0.9918465731047537,1,4.704377379353552,1
2,1,1,1.3685590376571166,1.887411664908362,0.19261651149360004,-1.2640554077141721,-1.14912507940783,1.4417030610749797,0.5903414972923056,0.13025631288980624,1,1.0131757918492614,1
3,0,0,0.0858275908214955,-0.014758457658873165,-0.8584442736357297,0.6789850411863755,-0.07267809258174568,-0.19896658410832516,0.2168254274676346,0.09948523216784384,0,0.04466598294540759,0
0,0,0,-0.8049581361476857,-0.8663113613662983,-0.8584442736357297,0.44118009072392045,-0.6109015859947878,-0.631921073809475,-1.035551983120968,-0.5467074629933667,0,-2.8250821059185975,0
1,1,0,1.0478761759482114,1.4008100056469763,-0.8584442736357297,0.38897900403704005,-0.2264562335569006,1.7379350803441875,0.8100568324832885,1.5149549453781146,0,3.8364906246486896,0
3,1,0,-0.413012416281246,-0.5124192455398359,1.5940308916660397,1.2821975984569933,-0.9030800538475822,0.30234914080879577,-0.4533063448648633,-0.33130989793962984,0,-1.3853471558432795,0
0,0,0,0.40651045253040075,0.5492571019395512,1.5940308916660397,-1.4786598752046802,0.2810116316611106,0.21120082718750102,0.24978272774628207,-0.269767736495705,1,0.4722274500991887,1
3,1,1,0.299616165294099,0.4497249443633587,-0.15773708354950988,-0.9160481631349695,0.31176725985614157,-1.0193014066999775,0.3486546285822244,-0.08514125216393059,1,-0.44402077042554206,1
1,0,1,0.3352475943728663,0.9031492177660136,0.19261651149360004,0.4179796077519736,-0.8415687974575202,1.4417030610749797,0.4914695964563633,0.4379671201094303,0,1.5295709801832529,0
3,1,1,1.4398218958146511,1.5666969349406306,-1.5591514637219497,-0.5332401940978467,1.772659599120113,0.028904199944911613,1.809761607602261,2.1303765598173627,0,5.741701966484648,0
5,0,1,-0.5911695616750823,-0.31335493038745077,-0.15773708354950988,0.08737272540173117,-0.07267809258174568,-0.7686435442414171,-0.4093632778266667,-0.4543942208274795,0,-1.705079135477309,0
1,0,1,-1.1612724269353583,-1.1870260913340298,-0.5080906785926198,0.5165816603827477,-0.6570350282873343,-0.563559838593504,-1.244281551552402,-1.0390447545447652,0,-3.5039211729780053,0
1,0,0,-1.695743863116867,-1.540918207160492,1.24367729662293,0.8529886634759768,-1.1337472653103144,-1.1332367987265959,-1.5848403210984254,-1.469839884652239,1,-5.321664269787575,1
1,0,1,1.4041904667358838,0.8478535746681288,-0.15773708354950988,-1.0900517854245708,-1.14912507940783,2.421547432503898,1.8537046746404575,-0.08514125216393059,1,3.0409857755725946,1
1,0,0,0.47777331068793527,0.19536498611308886,-1.5591514637219497,0.5977833507845616,-0.1803227912643541,0.5302199248620325,0.08499622635304487,0.7456779273290544,0,1.1805712872797776,0
5,1,0,0.26398473621533175,0.7814988029506672,0.8933237015798199,1.647605205265156,-0.9645913102376441,-0.03945703527105942,0.48048382969681414,1.0841598152706409,0,0.5605952994587515,0
5,0,1,-0.8762209943052203,-0.7225426893117979,1.24367729662293,0.2961770721492527,-0.9953469384326751,-1.1104497203212722,-0.804850881170436,-0.7313339473251411,0,-3.6419814872495246,0
4,1,0,0.5490361688454698,0.23960150059139665,0.54297010653671,1.1197942176533655,1.4189698748772568,-0.8142177010520645,0.2607684945058312,-0.33130989793962984,0,0.5342107703913936,0
2,1,0,0.37087902345163354,0.7372622884723594,-1.2087978686788396,-1.1190523891395043,0.3579007021486881,-1.1104497203212722,0.5573841970136582,0.25334063577765586,0,0.05817581461872989,0
2,1,0,-0.3417495581237115,-0.4460644738223742,-0.5080906785926198,-1.2176544417702784,-1.0261025666277062,-0.4268373681615619,-0.5521782457008056,-0.4851653015494419,1,-2.490283482039515,1
3,1,1,-1.695743863116867,-1.563036464399646,0.19261651149360004,-0.7594449030743283,-1.0568581948227371,-1.0420884851053012,-1.5848403210984254,-1.4390688039302764,1,-5.12285580495674,1
4,0,0,-0.127960983651108,-0.5234783741594128,-0.8584442736357297,-1.3162564944010524,-0.10343372077677666,0.8264519441312403,-0.09077604179974148,0.13025631288980624,1,0.7624984944445283,1
4,0,1,-1.26816671417166,-1.0321982906599525,-1.5591514637219497,-1.7164648256671353,-0.7800575410674583,-0.7686435442414171,-1.2992103853501475,-1.10058691598869,0,-3.948498386647713,0
5,1,0,-0.840589565226453,-0.7557200751705287,-0.5080906785926198,1.3517990473728339,-0.44174563092211744,-0.8370047794573882,-0.9147085487659274,-0.5159363822714043,0,-2.7093953414168372,0
2,0,0,0.6559304560817715,0.6377301308961668,-1.5591514637219497,-1.7280650671531088,1.7265261568275665,1.3049805906430376,1.293430569903451,1.2995573803243776,0,5.624494697698432,0
0,0,0,0.9053504596331423,1.5003421632231688,-0.8584442736357297,-1.1770535965693714,0.5424344713188739,1.8746575507761296,1.0407579344338207,-0.3620809786615922,1,3.0957689778672317,1
1,0,0,-0.3417495581237115,-0.5677148886377206,-0.8584442736357297,1.688206050466063,-0.395612188629571,-1.0648755635106248,-0.27753407671207697,-0.42362314010551705,0,-2.16164496895779,0
3,1,0,-0.3417495581237115,-0.32441405900702774,-1.5591514637219497,-0.8290463519901689,-1.0414803807252215,-1.0193014066999775,-0.11274757531883978,-0.023599090720005784,1,-2.1971284534640447,1
4,1,0,-1.2325352850928928,-1.319735634768953,0.8933237015798199,0.33097779660717297,-1.118369451212799,-1.1104497203212722,-1.035551983120968,-1.1621290774326147,0,-4.426500232087654,0
2,1,1,-1.6601124340380997,-1.5187999499213383,-1.5591514637219497,-0.6956435749014745,-1.118369451212799,-0.9737272498893302,-1.485968420262483,-1.469839884652239,0,-5.047905006016851,0
5,0,1,-0.23485527088740973,0.23960150059139665,1.5940308916660397,1.3923998925737406,-0.5955237718972723,0.028904199944911613,-0.24457677643342954,-0.8236471894910283,0,-1.6348435378768187,0
2,1,1,-0.4486438453600132,-0.7888974610292596,0.19261651149360004,1.5432030318913952,-0.2264562335569006,-0.9965143282946539,-0.7389362806131411,-0.946731512378878,0,-2.908638354843574,0
0,1,0,-0.27048669996617697,0.2064241147326658,-0.5080906785926198,0.11057320837367801,-0.5186347014096949,0.37071037602476675,0.2168254274676346,-0.33130989793962984,0,-0.2624087958569234,0
1,0,1,1.4041904667358838,2.0311803369628625,-1.5591514637219497,0.8587887842189635,0.06572223429589373,1.0998968849951245,1.161601368788861,2.007292236929513,0,4.334512725009392,0
3,1,1,1.58234761212972,1.1464500473967065,0.19261651149360004,1.6302048430361957,3.0028847269213523,2.0797412564240427,0.7111849316473462,1.2072441381584904,0,7.001055053151231,0
2,0,1,0.6559304560817715,-0.1364088724742196,-0.5080906785926198,1.3285985644008869,1.0499023365368851,0.712516552104622,0.7990710657237394,-0.115912332885893,0,2.4455776214793534,0
3,1,0,-0.27048669996617697,-0.4460644738223742,-0.8584442736357297,-1.6700638597232418,-0.41099000272708647,-0.2673278193242962,-0.5521782457008056,-0.5159363822714043,1,-1.7464324500235926,1
3,1,0,0.5490361688454698,0.6930257739940515,-0.15773708354950988,-0.7710451445603018,1.1883026634145246,0.2339879055928247,0.5683699637732073,0.06871415144588143,1,2.059374684226438,1
1,0,1,0.050196161742728264,-0.09217235799591181,1.24367729662293,0.290376951406266,-0.31872311814199356,-0.6091339954041514,0.2717542612653803,-0.42362314010551705,0,-1.0797259923862816,0
3,0,1,-1.6601124340380997,-1.551977335780069,-0.8584442736357297,0.6441843167284552,-1.1337472653103144,-1.0648755635106248,-1.5079399537815814,-1.5006109653742012,0,-5.2071737479767215,0
4,1,0,-1.3394295723291945,-1.2202034771927606,1.24367729662293,1.6592054467511292,-0.7185462846773962,-1.0193014066999775,-1.244281551552402,-1.3467555617643892,0,-4.328884804694164,0
5,1,0,1.6536104702872545,1.467164777364438,-1.2087978686788396,-0.6144418844996606,-0.33410093223950904,1.6012126099122455,1.0187864009147223,1.545726026100077,1,3.8316241046875357,1
2,0,1,0.12145901990026277,-0.4681827310615281,0.54297010653671,0.8181879390180565,-0.9492134961401286,0.2339879055928247,0.5793557305327565,0.19179847433373107,0,0.055928614319183584,0
4,1,0,-1.3750610014079618,-1.3086765061493761,0.19261651149360004,1.6012042393212622,-1.087613823017768,-1.1104497203212722,-1.244281551552402,-1.2236712388765396,0,-4.666016333767982,0
0,0,1,0.6915618851605387,1.245982204972899,0.54297010653671,0.05837212168679763,1.0499023365368851,-1.1332367987265959,-0.13471910883793806,0.09948523216784384,0,-0.11856833885980496,0
5,0,0,0.9053504596331423,1.2017456904945911,-0.8584442736357297,1.0327924065085647,0.8346129391716682,-0.5863469169988277,1.139629835269763,1.8226657525977386,0,3.210561610040342,0
5,0,1,-1.553218146801798,-1.4745634354430304,0.54297010653671,-0.16783258728968403,-1.118369451212799,-1.0420884851053012,-1.4530111199838356,-1.408297723208314,0,-5.02176677951025,0
3,0,1,0.869719030554375,1.1022135329183986,1.24367729662293,-0.26643463992045807,0.7731016827816063,0.6669423952939746,1.4692028380562374,-0.08514125216393059,0,2.8241056639678876,0
0,1,1,-0.9831152815415221,-0.9879617761816447,-0.5080906785926198,0.649984437471442,-0.10343372077677666,-0.7458564658360934,-0.6949932135749445,-1.0698158352667275,0,-2.614099235454542,0
5,1,1,0.19272187805779725,-0.4018279593440664,-1.2087978686788396,0.5513823848406679,0.31176725985614157,0.48464576805138515,-0.3764059775480193,0.868762250216904,0,1.2887693005764116,0
0,1,1,0.12145901990026277,-0.4681827310615281,1.5940308916660397,-1.3568573396019594,-0.5801459577997569,-1.0193014066999775,0.6452703310900514,-0.05437017144196819,1,-1.0085472048516513,1
1,1,1,-1.1612724269353583,-1.0653756765186833,-0.15773708354950988,-1.0088500950227568,-0.3802343745320555,-0.7914306226467408,-1.0135804496018699,-1.0390447545447652,1,-3.224290201325431,1
0,1,0,-0.7693267070689185,-0.9105478758446061,-0.15773708354950988,-1.623662893779348,-0.36485656043454,-1.0193014066999775,-0.8158366479299851,-1.0698158352667275,1,-3.26981045033123,1
3,1,1,-1.3037981432504273,-1.164907834094876,-0.5080906785926198,-0.33023596809331185,-0.9184578679450977,-0.8597918578627118,-1.3651249859074426,-0.9159604316569155,1,-4.059335143372167,1
2,0,0,-0.8049581361476857,-0.4571236024419511,0.8933237015798199,-0.43463814146707264,0.1118556765884402,-0.7230693874307698,-1.0245662163614189,-0.7928761087690659,1,-2.428656035972814,1
0,1,1,-0.6268009907538495,-0.2248819014308352,0.19261651149360004,1.2299965117701128,-0.41099000272708647,-0.016669956865735743,-0.8378081814490834,-0.20822557505178022,0,-1.4736937160936858,0
0,1,0,0.6915618851605387,1.1243317901575527,0.54297010653671,0.5629826263266413,1.172924849317009,1.2366193554270666,-0.09077604179974148,0.5302803622753175,0,2.8490485252196516,0
1,1,0,-0.413012416281246,-0.0036993290392962164,0.19261651149360004,-0.4230378999810992,0.48092321492881196,0.028904199944911613,-0.44232057810531417,-0.3620809786615922,1,-0.29457414189318276,1
1,1,0,0.22835330713656452,0.2285423719718197,-1.2087978686788396,-0.5100397111258999,-0.48787907321466395,0.46185868964606147,0.6892133981282479,-0.6082496244372915,0,0.05494339012235394,0
0,0,0,-0.3417495581237115,-0.6561879175943363,-1.2087978686788396,0.4121794870089869,-0.6262794000923033,0.30234914080879577,-0.5192209454221582,-0.023599090720005784,0,-0.8667502954256715,0
1,0,1,-1.0187467106202892,-0.711483560692221,1.5940308916660397,-0.3534364510652587,-0.9953469384326751,-0.22175366251364884,-0.7609078141322394,-0.7313339473251411,1,-2.7093423624037043,1
5,1,0,-1.0187467106202892,-0.8773704899858752,-0.15773708354950988,-0.3940372962661657,-0.7339240987749118,-1.0648755635106248,-0.8378081814490834,-1.0390447545447652,1,-3.6756525982793855,1
3,1,1,-0.9118524233839875,-0.8220748468879905,0.8933237015798199,-0.666642971186541,-0.8415687974575202,-0.3129019761349435,-1.0465377498805173,-0.5467074629933667,1,-2.747715986466348,1
0,1,1,-1.4819552886442635,-1.4413860495842996,-0.8584442736357297,-0.45783862443901946,-1.1337472653103144,-0.7458564658360934,-1.4310395864647374,-1.3159844810424268,1,-4.626627798653572,1
1,1,0,-0.7693267070689185,-0.8552522327467212,-0.15773708354950988,1.589603997835289,-1.087613823017768,-0.8597918578627118,-0.5521782457008056,-0.5159363822714043,0,-3.0155203088526896,0
2,1,0,1.6892418993660219,0.8589127032877059,-0.15773708354950988,1.0907936139384318,-0.9492134961401286,1.213832277021743,1.3263878701820984,2.776569254978573,0,4.367575906042286,0
2,1,0,0.050196161742728264,-0.03687671489802706,0.19261651149360004,0.34257803809314635,0.6193235418064514,0.05169127835023529,0.3266830950631261,-0.269767736495705,0,0.7279301787241079,0
1,0,1,1.2616647504208147,0.4939614588416665,0.8933237015798199,-0.5912414015277138,1.1267914070244627,-0.4496244465668856,0.6452703310900514,0.09948523216784384,1,1.4219225237154725,1
2,0,1,-0.09232955457234074,-0.21382277281125825,1.5940308916660397,-1.681664101209215,0.6654569840989979,-0.08503119208170677,-0.24457677643342954,-0.23899665577374263,1,0.09685235981011897,1
0,0,0,-1.0900095687778237,-1.1538487054752988,-0.8584442736357297,1.0733932517094718,-0.7031684705798807,-0.7230693874307698,-0.9256943155254767,-1.0082736738228029,0,-3.3602058473589302,0
0,0,0,-0.5199067035175478,-0.711483560692221,-0.15773708354950988,-1.6874642219522018,-0.1803227912643541,-0.9053660146733592,-0.7169647470940428,-0.5159363822714043,1,-2.3185899353031605,1
3,1,1,0.0858275908214955,0.4939614588416665,-1.5591514637219497,-0.9682492498218499,1.111413592926947,1.1226839634004482,-0.4752778783839616,-0.6082496244372915,0,1.1505700535061418,0
1,1,1,-1.6601124340380997,-1.5298590785409152,1.24367729662293,1.166195183597259,-1.1337472653103144,-1.1332367987265959,-1.4969541870220322,-1.3467555617643892,0,-5.110693812823332,0
3,0,1,0.5134047397667025,0.803617060189821,-0.8584442736357297,-0.6492426089575809,1.4343476889747722,1.5328513746962744,0.7221706984068954,0.5610514429972799,1,4.250421205075222,1
0,1,1,-0.9831152815415221,-1.0100800334207987,0.8933237015798199,0.9051897501628572,-0.7031684705798807,-0.6547081522147987,-0.8378081814490834,-1.1621290774326147,0,-3.357813881676378,0
3,0,0,-1.4463238595654964,-1.363972149247261,-1.2087978686788396,0.9109898709058438,-0.7646797269699428,-1.1104497203212722,-1.244281551552402,-1.254442319598502,0,-4.373853318442119,0
5,1,0,-0.6624324198326168,-0.5566557600181437,-0.8584442736357297,1.3227984436579001,0.15798911888098668,0.2339879055928247,-0.7059789803344937,-0.6082496244372915,0,-0.9222515802979738,0
3,0,1,-0.5911695616750823,-0.8773704899858752,0.19261651149360004,0.7717869730741629,-0.41099000272708647,-0.5179856817828566,-0.7718935808917886,-0.8544182702129908,0,-2.555287535614722,0
0,1,0,1.6179790412084873,2.5509593820829792,-0.5080906785926198,-1.0378506987376903,-0.9030800538475822,2.0797412564240427,2.0294769427932438,2.7150270935346486,1,5.9211652389043525,1
3,1,0,0.0858275908214955,0.5713753591787052,-1.2087978686788396,1.5780037563493154,-0.48787907321466395,0.5302199248620325,0.3596403953417735,0.8072200887729791,0,1.2092013357621212,0
3,0,0,-0.127960983651108,0.2506606292109736,-0.15773708354950988,-1.2002540795413181,0.7577238686840908,0.07447835675555897,0.39259769562042096,0.09948523216784384,1,1.3242851532279145,1
3,0,0,1.6536104702872545,2.506722867604671,0.19261651149360004,0.5803829885556014,0.9115020096592457,0.2567749839981484,1.1725871355484103,2.1303765598173627,0,4.471240689023167,0
5,0,0,1.3329276085783492,0.7151440312332055,1.24367729662293,0.07577248391575776,1.2190582916095556,1.6239996883175691,1.6339893394494744,1.0533887345486783,0,5.530436053925277,0
5,0,0,0.299616165294099,-0.19170451557210436,-0.8584442736357297,-0.8406465934761422,-0.6570350282873343,1.418915982669656,0.7111849316473462,0.5918225237192424,1,2.06488840974891,1
4,0,1,-0.9474838524627548,-0.8884296186054521,0.8933237015798199,1.5722036356063287,-0.07267809258174568,-1.0648755635106248,-0.727950513853592,-0.4543942208274795,0,-2.319898390773442,0
4,0,1,1.012244746869444,0.7040849026136285,0.8933237015798199,-0.5970415222707005,-0.8108131692624893,0.05169127835023529,0.8759714330405834,0.8379911694949416,1,0.9548407116232711,1
0,0,0,-1.3037981432504273,-1.3750312778668379,-1.5591514637219497,0.28457683066327927,-0.7493019128724273,-0.9053660146733592,-1.0575235166400663,-1.1929001581545773,0,-3.90509160234043,0
0,0,1,-0.555538132596315,-0.5677148886377206,0.54297010653671,0.6325840752424818,-0.33410093223950904,-0.7230693874307698,-0.651050146536748,0.007171990001956621,0,-1.7010484762050702,0
4,0,0,-0.5911695616750823,-0.1806453869525274,0.19261651149360004,0.609383592270535,0.38865633034371905,-0.8825789362680355,-0.7499220473726903,-0.023599090720005784,0,-1.2674437440170128,0
2,0,0,0.37087902345163354,0.9363266036247444,-1.5591514637219497,-0.7188440578734214,-0.44174563092211744,-0.4724115249722093,0.8100568324832885,-0.3620809786615922,0,-0.46618130207263037,0
2,1,1,-0.7336952779901512,-0.8884296186054521,-1.2087978686788396,1.2705973569710198,-0.31872311814199356,-0.03945703527105942,-1.0025946828423207,-0.8851893509349531,0,-2.2459641871903266,0
5,1,1,-0.5911695616750823,-0.6340696603551823,0.8933237015798199,-0.37663693403720555,-0.6724128423848498,0.14283959197153,-0.24457677643342954,-0.5467074629933667,1,-1.320857489840116,1
0,0,1,-1.6601124340380997,-1.540918207160492,0.54297010653671,1.6766058089800895,-0.9799691243351596,-1.0876626419159485,-1.5848403210984254,-1.469839884652239,0,-5.122311972001773,0
0,0,0,0.299616165294099,-0.36865057348533553,0.19261651149360004,-0.7652450238173151,0.2502560034660796,1.1454710418057719,0.2607684945058312,0.3764249586655055,1,2.0329204984431883,1
5,0,1,-1.6601124340380997,-1.5851547216388,-1.5591514637219497,0.9225901123918173,-1.1337472653103144,-1.0193014066999775,-1.5189257205411306,-1.4390688039302764,0,-5.111043196481699,0
3,0,1,1.4041904667358838,2.042239465582439,-1.5591514637219497,-1.0088500950227568,2.172482765655516,2.55826990293584,0.6123130308114039,2.1303765598173627,0,7.473442259220121,0
0,0,1,1.3329276085783492,0.9363266036247444,-0.5080906785926198,0.649984437471442,-1.087613823017768,1.4417030610749797,0.45851229617771583,1.8842079140416634,0,2.696809448276591,0
4,0,1,-1.0900095687778237,-1.1538487054752988,-1.5591514637219497,0.08737272540173117,-1.0722360089202525,-1.1104497203212722,-0.9256943155254767,-0.6082496244372915,0,-3.7166296692042926,0
2,0,0,-0.127960983651108,-0.12534974385464265,0.19261651149360004,1.067593130966485,0.9115020096592457,-0.5179856817828566,-0.03584720800199575,0.5918225237192424,0,0.9494916435936356,0
4,1,0,-0.840589565226453,-0.9990209048012216,0.8933237015798199,0.44698021146690714,-1.1337472653103144,-0.38126321135091457,-0.9476658490445748,-0.3620809786615922,0,-2.824757304367396,0
1,1,0,-0.8762209943052203,-0.7999565896488365,0.19261651149360004,-1.7048645841811618,-0.8415687974575202,-0.5863469169988277,-0.8268224146895343,-0.5159363822714043,1,-2.7706745114172864,1
1,1,1,1.4041904667358838,1.1353909187771296,0.8933237015798199,0.31937755512119953,2.233994022045578,0.8720261009418877,1.5351174386135322,0.6841357658851296,0,5.325273327486127,0
4,1,0,0.01456473266396101,0.4718432016025126,-0.5080906785926198,0.8993896294198704,-0.8108131692624893,-1.0648755635106248,-0.024861441242446602,0.09948523216784384,0,-1.8010649418477167,0
2,0,0,0.5490361688454698,1.1796274332554373,1.24367729662293,-0.011229327229042876,-0.5647681437022414,-0.4268373681615619,0.1399250601507906,0.28411171649961825,0,-0.5675687352133945,0
2,0,0,-0.23485527088740973,-0.5898331458768745,1.24367729662293,0.649984437471442,-0.31872311814199356,-1.0876626419159485,-0.6949932135749445,0.4379671201094303,0,-1.6634118535234563,0
4,1,1,-1.26816671417166,-1.164907834094876,-0.8584442736357297,-0.44043826221005933,-0.5801459577997569,-0.6774952306201224,-1.112452350437812,-1.10058691598869,1,-3.4706804548463817,1
1,1,0,0.40651045253040075,0.8810309605268597,0.8933237015798199,1.3807996510877674,0.2502560034660796,-0.8142177010520645,0.91991450007878,0.6225936044412047,0,0.9785464069339997,0
4,0,1,-1.4819552886442635,-1.352913020627684,-0.8584442736357297,-0.2316339154625378,-0.9184578679450977,-0.9281530930786829,-1.321181918869246,-1.254442319598502,0,-4.422235199491528,0
3,1,0,0.9409818887119096,1.245982204972899,0.19261651149360004,0.9225901123918173,-0.6262794000923033,-0.4724115249722093,0.7441422319259936,1.7918946718757762,0,1.4373459787372573,0
2,0,1,-1.5888495758805652,-1.4082086637255689,-0.8584442736357297,-0.846446714219129,-1.1337472653103144,-0.9965143282946539,-1.409068052945639,-1.4390688039302764,1,-4.978398450480883,1
4,1,0,-0.27048669996617697,0.15112847163478108,-1.2087978686788396,-0.3534364510652587,0.48092321492881196,0.2567749839981484,-0.6400643797771988,-0.8851893509349531,0,-0.7875555317851914,0
2,1,1,1.119139034105746,1.4008100056469763,0.8933237015798199,1.3169983229149136,0.6193235418064514,0.849239022536564,1.1945586690675087,1.7611235911538137,0,4.4242448245643375,0
0,1,0,-0.555538132596315,-0.3575914448657586,0.19261651149360004,0.49918129815378753,-0.4725012591171484,-0.03945703527105942,-0.5521782457008056,-0.7621050280471036,0,-1.826241568136117,0
1,0,1,1.724873328444789,2.097535108680324,0.54297010653671,-1.327856735887026,2.6030615603859495,0.48464576805138515,1.5570889721326304,0.3764249586655055,1,5.02122125923547,1
5,0,0,-1.553218146801798,-1.4635043068234534,-1.2087978686788396,1.067593130966485,-1.0722360089202525,-0.9053660146733592,-1.4310395864647374,-1.3467555617643892,0,-4.755397171822738,0
1,0,1,-1.0543781396990566,-0.8663113613662983,0.8933237015798199,1.3111982021719268,-0.9030800538475822,-0.3356890545402672,-0.8158366479299851,-1.10058691598869,0,-3.1551926723065247,0
2,1,0,-0.6624324198326168,-0.5124192455398359,0.19261651149360004,-0.568040918555767,-0.48787907321466395,-0.7914306226467408,-0.5631640124603547,-0.14668341360785542,1,-1.989157121929615,1
0,0,0,-0.7693267070689185,-0.8110157182684135,-0.5080906785926198,-1.3510572188589727,-1.0414803807252215,-0.2901148977296199,-0.8158366479299851,-0.42362314010551705,1,-2.5710550664903438,1
0,1,0,0.6915618851605387,0.35019278678716614,-0.8584442736357297,-0.3418362095792853,-0.1803227912643541,0.32513621921411945,0.6232987975709531,1.022617653826716,1,1.7907298793474344,1
1,0,0,-0.4842752744387805,-0.16958625833295046,0.8933237015798199,0.04677188020082421,-1.087613823017768,-0.631921073809475,-0.1896479426356838,-0.6697917858812164,0,-2.5789746253441432,0
3,1,1,-0.1992238418086425,-0.2248819014308352,0.19261651149360004,-0.17363270803267072,0.4655454008312965,-0.6774952306201224,-0.5521782457008056,0.25334063577765586,0,-0.5107874397119757,0
3,0,0,-1.7313752921956342,-1.5851547216388,1.24367729662293,0.8819892671909103,-1.118369451212799,-1.0876626419159485,-1.628783388136622,-1.469839884652239,0,-5.304655365917609,0
5,1,1,0.19272187805779725,0.593493616417859,-0.5080906785926198,1.5838038770923022,-0.303345304044478,1.0315356497791535,0.469498062937265,0.868762250216904,0,2.0664506588888445,0
5,0,0,0.12145901990026277,0.383370172645897,-1.5591514637219497,-0.3592365718082454,0.03496660610086275,-0.5179856817828566,0.4035834623799701,-0.30053881721766745,0,-0.3799744305196912,0
4,1,0,-1.695743863116867,-1.563036464399646,-0.15773708354950988,1.2705973569710198,-1.0414803807252215,-1.0648755635106248,-1.562868787579327,-1.469839884652239,0,-5.1390646164674125,0
1,0,1,0.869719030554375,1.6219925780385154,1.24367729662293,0.9863914405646711,-0.9338356820426131,0.05169127835023529,1.4142740042584916,1.1457019767145655,0,1.6778315772806793,0
5,1,1,-0.9118524233839875,-0.6119514031160284,-0.8584442736357297,-1.4786598752046802,-0.8569466115550357,-0.7002823090254461,-0.9147085487659274,-0.7313339473251411,1,-3.2032714166715506,1
4,0,1,-0.698063848911384,-0.7778383324096827,0.19261651149360004,0.7543866108452028,-0.1803227912643541,-0.10781827048703045,-0.6730216800558463,-0.14668341360785542,0,-1.1078461554150862,0
1,0,1,0.9053504596331423,0.46078407298293567,1.5940308916660397,1.3633992888588071,-0.25721186175193156,-0.6091339954041514,0.7551279986855428,0.9918465731047537,0,0.8806287146342135,0
3,1,1,-1.6244810049593326,-1.4856225640626073,-1.5591514637219497,1.224196391027126,-1.0722360089202525,-1.0193014066999775,-1.5079399537815814,-1.469839884652239,0,-5.0693172540540505,0
2,1,0,-0.840589565226453,-1.0211391620403756,0.54297010653671,0.3599784003221065,-0.6570350282873343,-0.7686435442414171,-0.8597797149681817,-0.3620809786615922,0,-2.6475392661585255,0
2,1,1,-0.555538132596315,-0.2027636441916813,-1.2087978686788396,-1.043650819480677,-0.16494497716683862,-0.7458564658360934,-0.7828793476513377,-0.8236471894910283,0,-2.517327980145298,0
5,1,0,-0.4842752744387805,-0.3797097021049125,-1.2087978686788396,-1.084251664681584,0.1426113047834712,0.12005251356620632,-0.34344867726937184,-0.7005628666031787,0,-0.781347725522873,0
2,1,1,0.19272187805779725,0.5381979733199743,-0.15773708354950988,-1.3510572188589727,0.9576354519517922,0.006117121539587936,0.4365407626586176,0.3148827972215807,1,1.7151761333715785,1
5,1,1,-0.09232955457234074,0.14006934301520413,0.54297010653671,-1.2176544417702784,0.1426113047834712,-0.5863469169988277,-0.6180928462581005,-0.30053881721766745,1,-1.3623672756911245,1
4,1,1,0.050196161742728264,-0.32441405900702774,-1.5591514637219497,0.011971155742903961,0.4347897726362655,-0.9509401714840066,0.5903414972923056,0.8379911694949416,0,0.9121822679395061,0
3,0,0,-0.7693267070689185,-0.4018279593440664,0.8933237015798199,1.4098002548027009,-0.7954353551649738,-0.5407727601881803,-0.4862636451435107,-0.20822557505178022,0,-2.030697335548445,0
1,0,0,-0.840589565226453,-0.921607004464183,1.5940308916660397,0.6557845582144287,-1.0722360089202525,-0.38126321135091457,-0.9916089160827715,-0.946731512378878,0,-3.391839648732816,0
3,0,0,-0.02106669641480624,0.11795108577605022,-0.5080906785926198,-0.05183017242994984,-0.8569466115550357,-0.3584761329455909,-0.12373334207838892,0.007171990001956621,0,-1.3319840965770589,0
2,1,1,-0.840589565226453,-0.6340696603551823,0.54297010653671,0.5861831092985882,-1.087613823017768,-0.3584761329455909,-0.574149779219904,-0.946731512378878,0,-2.9669712475621406,0
4,1,1,-0.8049581361476857,-0.5677148886377206,0.19261651149360004,0.31937755512119953,-0.395612188629571,-0.3129019761349435,-0.727950513853592,-0.5159363822714043,0,-1.9524010608895108,0
3,1,1,0.7984561723968405,0.5381979733199743,1.24367729662293,0.6963854034153356,1.234436105707071,1.1226839634004482,0.8649856662810342,1.484183864656152,0,4.706289600044705,0
0,0,1,0.299616165294099,-0.0036993290392962164,-0.15773708354950988,1.125594338396352,-0.2264562335569006,-0.1533924272976778,-0.024861441242446602,0.13025631288980624,0,-0.27445378920721875,0
0,0,0,1.0835076050269785,0.6819666453744746,-1.5591514637219497,-1.2060542002843049,1.0345245224393695,0.37071037602476675,1.7987758408427117,1.8534368333197009,1,5.057447572626549,1
3,0,1,-1.125640997856591,-0.8884296186054521,-0.8584442736357297,-0.09823113837384351,-1.087613823017768,-0.49519860337753296,-0.9476658490445748,-0.9159604316569155,0,-3.4464387070967915,0
5,0,0,-1.1612724269353583,-0.921607004464183,1.24367729662293,-0.8290463519901689,-0.8108131692624893,-0.8825789362680355,-1.244281551552402,-1.10058691598869,1,-4.038260573071617,1
0,1,1,0.9053504596331423,0.2948971436892814,0.54297010653671,-0.17363270803267072,1.1883026634145246,1.6239996883175691,0.7001991648877971,1.5149549453781146,0,5.027456461998006,0
1,0,0,1.4398218958146511,1.6551699638972461,0.54297010653671,1.6824059297230762,1.5881258299499272,1.6923609235335402,1.9086335084382031,0.7764490080510168,0,5.965569269972688,0
2,1,1,0.0858275908214955,-0.31335493038745077,0.54297010653671,-0.7420445408453682,0.38865633034371905,-0.7686435442414171,0.5793557305327565,-0.5159363822714043,1,-0.31656786563634587,1
2,1,0,-0.4842752744387805,-0.4681827310615281,0.19261651149360004,1.0907936139384318,-0.8877022397500667,-0.9737272498893302,-0.32147714375027353,-0.7313339473251411,0,-2.9142405807148117,0
0,1,0,1.58234761212972,2.2302446521152475,-0.8584442736357297,0.02937151797186409,0.38865633034371905,1.7607221587495112,1.754832773804515,0.6225936044412047,0,4.52680486733895,0
3,0,0,1.154770463184513,1.699406478375554,-0.15773708354950988,-0.7362444201023816,0.8961241955617302,1.0087485713738298,0.8979429665596818,2.0996054790954,1,4.902421212590642,1
5,0,0,0.47777331068793527,0.7040849026136285,0.8933237015798199,0.7427863693592293,-1.1029916371152835,0.05169127835023529,0.24978272774628207,1.4226417032122274,0,0.6211240721934612,0
5,0,1,0.0858275908214955,0.2948971436892814,0.8933237015798199,-0.5506405563268069,0.2656338175635951,0.8036648657259167,-0.05781874152109404,-0.269767736495705,1,0.7417122052727128,1
0,0,1,0.19272187805779725,0.46078407298293567,-0.8584442736357297,-1.1190523891395043,-0.6262794000923033,-0.3129019761349435,-0.10176180855929062,1.0533887345486783,1,0.01244554976214074,1
1,0,1,-1.4819552886442635,-1.4856225640626073,1.24367729662293,-0.7884455067892618,-0.9492134961401286,-1.1332367987265959,-1.4530111199838356,-1.3159844810424268,1,-4.8514458958929865,1
0,0,1,-0.9474838524627548,-0.8773704899858752,1.5940308916660397,-0.4984394696399264,-0.5186347014096949,-0.6547081522147987,-0.9256943155254767,-0.9775025931008403,1,-3.076539762250811,1
1,0,0,1.58234761212972,0.8699718319072828,-0.15773708354950988,0.15697417431757169,3.2335519383840845,1.487277217885627,0.7221706984068954,1.2687862996024153,0,6.7117861542790225,0
2,1,1,0.8340876014756078,-0.025817586278450114,1.5940308916660397,0.15697417431757169,1.295947362097133,1.1682581202110955,0.4255549958990684,1.6380392682659641,0,4.527799746473262,0
4,1,1,-1.26816671417166,-1.319735634768953,-0.15773708354950988,1.4968020659475014,-0.9184578679450977,-1.1332367987265959,-1.1454096507164595,-1.0082736738228029,0,-4.2053779912109555,0
3,0,1,1.3329276085783492,1.666229092516823,-0.5080906785926198,0.04097175945783751,0.9422576378542767,1.7607221587495112,0.7001991648877971,0.28411171649961825,0,3.687290677991203,0
5,1,1,-0.05669812549357349,-0.09217235799591181,-1.2087978686788396,0.36577852106509323,0.15798911888098668,0.2567749839981484,0.4914695964563633,0.16102739361176865,0,1.067261092947267,0
1,1,1,1.0835076050269785,1.3012778480707838,-0.8584442736357297,-0.45203850369603277,2.3877721630207325,-0.6547081522147987,0.39259769562042096,-0.23899665577374263,1,1.8866650506526121,1
2,1,1,-0.9831152815415221,-0.6672470462139132,1.5940308916660397,0.05837212168679763,-0.5801459577997569,-0.9965143282946539,-0.804850881170436,-0.4851653015494419,0,-2.8666764688142887,0
5,1,1,-0.7336952779901512,-0.9437252617033369,0.8933237015798199,-0.8000457482752353,-0.303345304044478,-0.3356890545402672,-0.6620359132962971,-0.42362314010551705,1,-1.7246934119865593,1
2,1,1,-0.413012416281246,-0.6451287889747592,-0.5080906785926198,-0.05183017242994984,0.5270566572213584,-0.5179856817828566,-0.6071070794985514,-0.5159363822714043,0,-1.1139724863314537,0
4,0,1,-1.1969038560141254,-0.9547843903229138,1.5940308916660397,0.20917526100445208,-0.8877022397500667,-0.9281530930786829,-0.9806231493232224,-0.8236471894910283,0,-3.620125671643,0
0,1,1,-1.0543781396990566,-1.131730448236145,-0.15773708354950988,-1.3974581848028664,-0.9953469384326751,-0.9509401714840066,-0.9916089160827715,-1.2236712388765396,1,-4.161567264875993,1
4,0,1,1.6536104702872545,1.0911544042988217,-1.2087978686788396,-0.3360360888362986,0.3579007021486881,1.6012126099122455,1.5570889721326304,2.591942770646799,1,6.108145054840362,1
5,1,1,-0.555538132596315,-0.36865057348533553,-1.2087978686788396,0.2439759854623723,-0.7954353551649738,-0.4724115249722093,-0.354434444028921,-0.42362314010551705,0,-2.0459044642716213,0
5,1,1,-1.26816671417166,-1.0653756765186833,-1.2087978686788396,-1.0784515439385973,-1.0261025666277062,-0.8142177010520645,-1.3431534523883442,-1.1621290774326147,0,-4.34560279750073,0
3,1,1,1.3329276085783492,1.2238639477337452,1.5940308916660397,1.5374029111484084,1.8187930414126594,1.0998968849951245,1.3813167039798442,2.315003044149137,0,6.615009674536765,0
3,0,0,-1.4819552886442635,-1.3307947633885302,-0.15773708354950988,-1.3394569773729992,-0.9338356820426131,-1.1104497203212722,-1.474982653502934,-1.3775266424863517,1,-4.896794698353171,1
0,0,1,-0.555538132596315,-0.479241859681105,0.54297010653671,1.3807996510877674,-0.42636781682460195,0.4162845328354141,-0.13471910883793806,-1.0082736738228029,0,-1.1530760666499287,0
5,1,0,0.15709044897903002,0.6709075167548977,-1.2087978686788396,-0.10403125911683023,0.7115904263915444,0.7580907089152693,0.2168254274676346,-0.5774785437153291,0,1.1090280190591193,0
5,1,1,1.6892418993660219,0.8920900891464366,-0.15773708354950988,-1.0668513024526238,0.5424344713188739,2.8089277653944005,0.7111849316473462,1.0841598152706409,1,5.146706983631261,1
5,0,0,-1.0543781396990566,-1.0653756765186833,1.5940308916660397,0.609383592270535,-0.31872311814199356,-0.8142177010520645,-1.1563954174760087,-1.1621290774326147,0,-3.4514653141026814,0
0,0,0,-1.1612724269353583,-1.0432574192795294,1.24367729662293,-1.7048645841811618,-1.0722360089202525,-0.9737272498893302,-1.0465377498805173,-1.0082736738228029,1,-4.100774682512903,1
5,0,1,0.26398473621533175,-0.23594103005041214,-0.5080906785926198,1.4562012207465944,-0.11881153487429215,0.849239022536564,0.2827400280249295,-0.269767736495705,0,0.7433997791914964,0
5,0,0,0.5846675979242371,0.2285423719718197,1.24367729662293,0.07577248391575776,0.34252288805117254,0.4162845328354141,1.0407579344338207,0.6533646851631671,0,2.4529300404835745,0
3,0,0,-0.27048669996617697,0.12901021439562718,-0.15773708354950988,-1.3568573396019594,-0.08805590667926116,0.39349745443009043,-0.31049137699072443,0.16102739361176865,1,0.1559775643718735,1
1,0,0,-1.3750610014079618,-1.363972149247261,0.19261651149360004,-0.9798494913078233,-1.0107247525301906,-1.0420884851053012,-1.3431534523883442,-1.254442319598502,1,-4.650409009622338,1
5,1,1,1.6536104702872545,1.1906865618750142,-1.5591514637219497,0.8935895086768837,0.23487818936856414,1.1454710418057719,1.4692028380562374,0.5302803622753175,0,3.379832431505891,0
5,0,1,0.12145901990026277,-0.4350053452027972,-0.15773708354950988,-0.887047559420036,-1.1029916371152835,0.6669423952939746,0.6892133981282479,0.3148827972215807,1,0.5680469535285197,1
1,1,1,0.0858275908214955,-0.1142906152350657,0.54297010653671,-0.5216399526118732,0.8961241955617302,1.2366193554270666,0.41456922913951927,0.868762250216904,1,3.41607503034522,1
1,0,0,0.7984561723968405,1.0026813753422061,1.5940308916660397,-1.6004624108074013,0.8346129391716682,-0.2901148977296199,0.3596403953417735,1.2380152188804527,1,2.1421536556642744,1
5,0,0,1.58234761212972,0.4497249443633587,-1.5591514637219497,-0.4462383829530461,0.9268798237567613,-0.7914306226467408,0.6452703310900514,0.5302803622753175,1,1.3109998944753893,1
0,1,1,0.7628247433180733,0.05159631405858853,-1.5591514637219497,-1.3800578225739062,-0.7339240987749118,-0.5863469169988277,0.6232987975709531,0.28411171649961825,1,-0.4128605017031683,1
3,0,1,1.4041904667358838,1.9648255652454008,-0.8584442736357297,0.33097779660717297,0.37327851624620356,-0.9965143282946539,1.5461032053730814,2.161147640539325,0,3.084015033863956,0
5,1,0,0.5134047397667025,0.9031492177660136,0.19261651149360004,1.1023938554244053,-1.0568581948227371,1.0771098065898008,0.04105315931484828,1.3918706224902648,0,1.4531753935721767,0
1,0,1,1.58234761212972,1.699406478375554,1.24367729662293,-0.5796411600417404,-0.9492134961401286,-0.38126321135091457,0.5903414972923056,0.16102739361176865,1,-0.5791078165869689,1
2,1,1,1.724873328444789,1.9980029511041315,-1.2087978686788396,-0.7826453860462752,2.895240028238744,2.7405665301784294,1.0187864009147223,0.007171990001956621,0,6.661764949333852,0
4,1,0,-0.7693267070689185,-0.711483560692221,-0.8584442736357297,-1.1074521476535308,-0.5801459577997569,0.12005251356620632,-0.7609078141322394,-0.8544182702129908,1,-2.075419528578781,1
4,0,1,-1.553218146801798,-1.4745634354430304,1.5940308916660397,0.15117405357458497,-1.0722360089202525,-0.9965143282946539,-1.5079399537815814,-1.4390688039302764,0,-5.015759094926764,0
5,1,0,-0.30611812904494423,-0.19170451557210436,0.8933237015798199,-0.31863572660733847,0.3579007021486881,0.7353036305099456,-0.2885198434716261,-0.4543942208274795,1,0.35029026835952803,1
3,1,0,-0.30611812904494423,-0.4128870879636433,-0.15773708354950988,0.31357743437821284,0.20412256117353314,-1.0420884851053012,0.1179535266316923,0.22256955505569345,0,-0.4974428422443823,0
0,1,0,0.9053504596331423,1.257041333592476,-0.8584442736357297,-0.4926393488969397,-0.19570060536186962,2.262037883666632,0.7551279986855428,-0.30053881721766745,1,2.520926459772638,1
2,0,1,0.727193314239306,0.4054884298850509,0.19261651149360004,1.3807996510877674,-0.9799691243351596,0.05169127835023529,0.1618965936698889,-0.023599090720005784,0,-0.7899803430350413,0
1,1,1,-0.127960983651108,0.09583282853689633,0.54297010653671,-1.124852509882491,-0.5340125155072104,0.07447835675555897,-0.09077604179974148,-0.5159363822714043,1,-1.0662465828227972,1
0,0,1,1.6892418993660219,0.8920900891464366,-0.15773708354950988,-0.1562323458037106,2.526172489898372,-0.38126321135091457,0.9309002668383292,2.961195739310348,0,6.037005284696134,0
0,0,1,1.6892418993660219,2.6062550251808636,-1.5591514637219497,0.06417224242978434,-0.13418934897180765,1.2366193554270666,1.963562342235949,0.3148827972215807,0,3.3808751459127886,0
0,1,0,0.01456473266396101,-0.19170451557210436,0.8933237015798199,0.28457683066327927,-0.10343372077677666,-0.7686435442414171,0.06302469283394657,-0.33130989793962984,0,-1.140362470123877,0
0,1,1,-0.6268009907538495,-0.8220748468879905,0.19261651149360004,1.0153920442796047,0.1118556765884402,-0.6547081522147987,-0.8487939482086326,-0.23899665577374263,0,-1.630643079608734,0
3,0,0,-0.1992238418086425,-0.2912366731482969,0.19261651149360004,-0.7594449030743283,-0.5186347014096949,0.5985811600780035,-0.10176180855929062,-0.4851653015494419,1,-0.5069806514404238,1
0,0,1,-0.413012416281246,-0.25805928728956606,1.24367729662293,-0.07503065540189667,-0.4571234450196329,0.07447835675555897,-0.27753407671207697,0.007171990001956621,0,-0.6530071749741942,0
3,0,1,-0.6624324198326168,-0.5787740172572976,-0.15773708354950988,-1.6468633767512948,0.2502560034660796,0.12005251356620632,-0.6949932135749445,-0.42362314010551705,1,-0.7483078366481756,1
2,0,0,-0.6624324198326168,-0.5234783741594128,-0.15773708354950988,-0.25483439843448463,0.1118556765884402,0.14283959197153,-0.3983775110671176,-0.14668341360785542,0,-0.2903656561150028,0
2,1,0,1.6179790412084873,1.7768203787125927,0.19261651149360004,-0.12723174208877705,0.37327851624620356,-0.631921073809475,1.2494875028652543,2.6227138513687613,0,3.6135587966707443,0
2,1,1,1.297296179499582,0.4165475585046278,-1.5591514637219497,-0.26643463992045807,-0.5493903296047259,-0.7002823090254461,0.31569732830357694,2.007292236929513,0,1.0733169266029179,0
2,1,1,-1.125640997856591,-0.921607004464183,-0.8584442736357297,1.6940061712090495,-0.7493019128724273,-0.631921073809475,-0.9586516158041241,-1.254442319598502,0,-3.5943169220845284,0
2,1,1,-0.7693267070689185,-0.5455966313985667,-0.15773708354950988,-1.6526634974942815,0.09647786249092472,-1.0420884851053012,-0.9476658490445748,-1.0390447545447652,1,-2.932321226203716,1
0,1,0,0.40651045253040075,-0.2470001586699891,-0.15773708354950988,0.5513823848406679,-0.8569466115550357,-0.2901148977296199,0.7770995322046411,-0.23899665577374263,0,-0.6089586328537572,0
0,1,0,0.299616165294099,0.5713753591787052,-1.2087978686788396,1.1951957873121926,-1.1029916371152835,-0.2901148977296199,0.1399250601507906,-0.05437017144196819,0,-1.307551646136081,0
4,1,1,-0.6624324198326168,-0.25805928728956606,-0.5080906785926198,0.2207755024904255,-0.48787907321466395,-0.5407727601881803,-0.7828793476513377,-0.3620809786615922,0,-2.1736121597157743,0
1,1,1,-1.3394295723291945,-1.120671319616568,-1.2087978686788396,0.05837212168679763,-0.6262794000923033,-0.9509401714840066,-1.167381184235558,-1.254442319598502,0,-3.9990430754103694,0
2,1,1,-1.3394295723291945,-1.319735634768953,-1.2087978686788396,1.2183962702841395,-0.5647681437022414,-0.6547081522147987,-1.1893527177546561,-1.2852134003204645,0,-3.6940424139921606,0
1,0,0,1.297296179499582,1.9980029511041315,-1.2087978686788396,1.5432030318913952,1.864926483705206,2.489908667719869,0.9418860335978783,1.699581429709889,0,6.996302614732842,0
3,1,0,0.442141881609168,0.9584448608638984,-0.15773708354950988,0.928390233134804,0.8038573109766373,-0.8370047794573882,0.3596403953417735,1.176473057436528,0,1.5029659842975507,0
3,0,0,-0.27048669996617697,-0.4350053452027972,-0.8584442736357297,-0.25483439843448463,0.5424344713188739,-0.1533924272976778,-0.06880450828064319,0.037943070723919024,0,0.3581806064644719,0
3,1,1,0.47777331068793527,0.9252674750051675,0.19261651149360004,0.4875810566678141,1.495858945364834,1.213832277021743,1.1176583017506647,0.7456779273290544,0,4.573027451466296,0
5,1,1,0.9409818887119096,1.1796274332554373,1.24367729662293,-0.12723174208877705,-0.3802343745320555,0.6213682384833272,1.3263878701820984,1.7303525104318513,0,3.2978742445652216,0
2,1,0,0.6559304560817715,0.9695039894834753,0.19261651149360004,1.2415967532560863,0.8499907532691837,-0.7002823090254461,1.2604732696248035,0.3148827972215807,0,1.725064511090122,0
0,1,0,-0.30611812904494423,-0.03687671489802706,1.5940308916660397,-0.5216399526118732,0.2656338175635951,0.1656266703768537,-0.354434444028921,-0.7313339473251411,1,-0.6545079034136133,1
4,1,0,-0.413012416281246,-0.6783061748334901,-1.5591514637219497,0.429579849237947,0.18874474707601765,0.1656266703768537,-0.12373334207838892,-0.5774785437153291,0,-0.3468404683408467,0
0,0,1,-1.0900095687778237,-1.131730448236145,0.54297010653671,-0.17363270803267072,-0.5647681437022414,-1.0648755635106248,-0.9366800822850258,-1.1313579967106524,0,-3.6976817862085447,0
1,1,0,-1.6244810049593326,-1.4856225640626073,-1.5591514637219497,0.46438057369586727,-1.0414803807252215,-0.9509401714840066,-1.5079399537815814,-1.3159844810424268,0,-4.816344987033236,0
0,0,0,-0.555538132596315,-0.700424432072644,0.19261651149360004,1.1777954250832325,-0.31872311814199356,-1.0648755635106248,-0.7389362806131411,-0.4851653015494419,0,-2.607700263815201,0
2,1,1,-0.698063848911384,-0.490300988300682,0.8933237015798199,-1.4090584262888397,0.2656338175635951,-0.7002823090254461,-0.8158366479299851,-0.3620809786615922,1,-1.6125661180534283,1
3,1,1,-0.05669812549357349,0.4276066871242048,-1.2087978686788396,-0.14463210431773718,1.0191467083418542,0.9403873361578587,0.15091082691033975,-0.115912332885893,0,1.9945325385241597,0
1,1,0,-1.4463238595654964,-1.2754991202906454,-1.2087978686788396,-0.3128356058643518,-0.7646797269699428,-1.1332367987265959,-1.3761107526669916,-1.3775266424863517,0,-4.6515539208498815,0
2,0,0,0.5846675979242371,0.6930257739940515,-0.5080906785926198,-1.3336568566300127,-0.6570350282873343,1.555638453101598,0.5463984302541091,1.1149308959926032,1,2.559932751060976,1
1,0,0,-0.3417495581237115,-0.6340696603551823,-0.8584442736357297,0.6557845582144287,-1.14912507940783,-0.9053660146733592,-0.44232057810531417,-0.5774785437153291,0,-3.074290215901833,0
4,1,1,-1.2325352850928928,-1.2533808630514915,-1.5591514637219497,1.7172066541809965,-0.9645913102376441,-1.0420884851053012,-1.1344238839569103,-0.9159604316569155,0,-4.057064110956771,0
3,0,1,-0.9474838524627548,-0.6561879175943363,0.54297010653671,0.15117405357458497,-1.1029916371152835,-0.3129019761349435,-0.727950513853592,-0.9159604316569155,0,-3.0598045587607348,0
0,0,0,-1.0187467106202892,-0.9658435189424908,-1.2087978686788396,1.4736015829755547,-1.0107247525301906,-0.7686435442414171,-0.9476658490445748,-1.1313579967106524,0,-3.858392142526835,0
4,0,0,-0.6624324198326168,-0.7446609465509518,1.24367729662293,1.1719953043402458,-1.087613823017768,-1.1332367987265959,-0.6620359132962971,-0.08514125216393059,0,-2.968027787204592,0
4,1,1,-1.2325352850928928,-1.1870260913340298,1.5940308916660397,-1.2640554077141721,-0.8877022397500667,-1.0648755635106248,-1.090480816918714,-0.946731512378878,1,-3.9897901325582836,1
2,1,0,-0.413012416281246,-0.025817586278450114,-0.8584442736357297,-1.0726514231956106,-0.8108131692624893,-0.1533924272976778,-0.6180928462581005,-0.115912332885893,1,-1.6982107757041607,1
5,0,1,-1.0900095687778237,-0.9769026475620677,-1.2087978686788396,-1.3568573396019594,-0.33410093223950904,-0.631921073809475,-1.0685092833996155,-0.6697917858812164,0,-2.7043230753298158,0
1,0,1,0.9053504596331423,1.1353909187771296,-0.15773708354950988,-0.028629689458003003,0.06572223429589373,-1.0420884851053012,1.073715234712468,1.8534368333197009,0,1.9507858172227617,0
1,1,0,1.6892418993660219,0.6819666453744746,-1.5591514637219497,-1.4148585470318265,2.3877721630207325,1.6695738451282165,1.161601368788861,2.961195739310348,1,8.180143116248157,1
5,1,0,1.012244746869444,1.6330517066580923,-0.8584442736357297,-0.18523294951864414,-0.25721186175193156,2.0341670996133954,0.08499622635304487,1.1457019767145655,0,3.007653440929074,0
1,0,0,-1.2325352850928928,-1.2312626058123375,-0.15773708354950988,0.08737272540173117,-0.8108131692624893,-0.5179856817828566,-1.0575235166400663,-1.10058691598869,0,-3.4869092836741022,0
1,0,1,0.47777331068793527,-0.1364088724742196,0.19261651149360004,-1.664263738980255,1.7111483427300511,0.30234914080879577,0.3816119288608718,-0.023599090720005784,1,2.371510321679713,1
1,0,1,0.47777331068793527,0.30595627230885836,-0.8584442736357297,-0.14463210431773718,-0.13418934897180765,0.5985811600780035,0.8759714330405834,0.09948523216784384,0,1.439848476314623,0
4,0,0,-1.2325352850928928,-1.0653756765186833,-0.15773708354950988,-0.13303186283176377,-1.087613823017768,-0.8597918578627118,-1.2113242512737543,-1.10058691598869,0,-4.259316848142924,0
0,0,0,1.4754533248934183,1.7215247356147079,-0.15773708354950988,-0.8406465934761422,2.679950630873527,-0.6774952306201224,1.9525765754763997,0.06871415144588143,1,4.023746127175686,1
1,1,0,0.9766133177906767,1.0800952756792448,-0.8584442736357297,-0.5796411600417404,1.20368047751204,1.1454710418057719,0.15091082691033975,-0.14668341360785542,1,2.3533789326202963,1
1,1,1,-0.37738098720247876,-0.6340696603551823,-0.5080906785926198,-0.52744007335486,-0.9953469384326751,-0.19896658410832516,-0.4752778783839616,0.16102739361176865,1,-1.508564007313193,1
2,1,1,0.37087902345163354,0.4718432016025126,-0.5080906785926198,-1.2814557699431322,-0.33410093223950904,1.3277676690483613,-0.09077604179974148,-0.269767736495705,1,0.6331229585134057,1
5,0,0,0.727193314239306,-0.07005410075675791,0.54297010653671,0.3715786418080799,-0.33410093223950904,1.8062963155601586,0.06302469283394657,1.2995573803243776,0,2.8347774564789736,0
0,1,1,-0.9118524233839875,-0.5787740172572976,-0.8584442736357297,0.13377369134562486,-0.2264562335569006,-0.7230693874307698,-0.9806231493232224,-0.9775025931008403,0,-2.907651363411733,0
5,0,0,-0.6624324198326168,-0.711483560692221,0.8933237015798199,-0.24323415694851125,-0.7493019128724273,-0.563559838593504,-0.6620359132962971,-0.9775025931008403,0,-2.9524002578630686,0
4,0,0,-1.1969038560141254,-1.1980852199536067,1.24367729662293,-0.11563150060280364,-0.9184578679450977,-0.5863469169988277,-0.9366800822850258,-1.0082736738228029,0,-3.449758541051754,0
4,0,0,0.442141881609168,0.2727788864501275,-0.8584442736357297,0.06997236317277106,1.3113251761946483,-0.38126321135091457,0.91991450007878,-0.5467074629933667,0,1.3032690019291469,0
4,0,1,-1.553218146801798,-1.4082086637255689,0.54297010653671,0.609383592270535,-1.14912507940783,-1.1104497203212722,-1.4420253532242866,-1.3159844810424268,0,-5.017584633995815,0
4,0,1,-1.410692430486729,-1.3750312778668379,1.24367729662293,-1.7338651878960956,-0.7185462846773962,-0.7686435442414171,-1.2992103853501475,-1.0698158352667275,1,-3.8562160495356888,1
1,1,1,1.3685590376571166,1.8652934076692083,0.8933237015798199,0.6441843167284552,-0.48787907321466395,-0.8597918578627118,0.7661137654450919,0.06871415144588143,0,-0.5128430141864024,0
3,0,0,-1.695743863116867,-1.596213850258377,1.5940308916660397,0.7833872145601363,-1.0107247525301906,-1.0876626419159485,-1.562868787579327,-1.408297723208314,0,-5.06955390523378,0
1,1,0,-1.0187467106202892,-1.0985530623774142,0.54297010653671,0.4759808151818407,-0.7493019128724273,-0.9965143282946539,-0.9916089160827715,-0.9775025931008403,0,-3.714927750350693,0
3,1,0,-0.5911695616750823,-0.1806453869525274,-0.15773708354950988,-1.4612595129757202,0.06572223429589373,-0.2901148977296199,-0.7609078141322394,-0.08514125216393059,1,-1.070441729729896,1
0,0,1,1.012244746869444,0.9252674750051675,1.5940308916660397,0.8703890257049369,1.4343476889747722,2.353186197287927,0.6672418646091496,-0.30053881721766745,0,4.154236933654182,0
3,1,1,0.26398473621533175,0.3391336581675892,0.8933237015798199,1.3633992888588071,-0.9953469384326751,0.2567749839981484,-0.05781874152109404,0.8995333309388663,0,0.10314263498324572,0
0,0,1,1.5467161830509528,0.5381979733199743,-0.8584442736357297,-1.2234545625132651,1.3113251761946483,0.48464576805138515,0.469498062937265,1.6072681875440018,1,3.8727371947273,1
2,0,0,-0.09232955457234074,0.4165475585046278,-1.2087978686788396,1.5432030318913952,0.41941195853875,0.2339879055928247,-0.13471910883793806,0.28411171649961825,0,0.8027924717932549,0
3,1,0,0.9053504596331423,1.2681004622120529,-1.2087978686788396,0.5165816603827477,-0.33410093223950904,-0.9965143282946539,1.007800634155173,1.1149308959926032,0,0.7921162696136133,0
0,1,0,0.299616165294099,0.2727788864501275,0.8933237015798199,0.26137634769133244,0.8499907532691837,-0.4268373681615619,0.9089287333192309,1.1149308959926032,0,2.447013014419456,0
1,0,1,-0.27048669996617697,-0.5566557600181437,-1.5591514637219497,1.1429947006253123,-0.4725012591171484,-0.10781827048703045,0.12893929339124144,-0.08514125216393059,0,-0.5365214883768681,0
5,0,0,0.37087902345163354,0.2948971436892814,-0.8584442736357297,1.4446009792606211,-0.7031684705798807,1.350554747453685,0.10696775987214316,0.868762250216904,0,1.6231162869628513,0
5,0,0,0.12145901990026277,0.5050205874612435,1.5940308916660397,-1.026250457251717,-0.14956716306932313,1.1454710418057719,0.06302469283394657,0.7149068466070919,1,1.7738354181774874,1
1,1,1,0.050196161742728264,-0.4350053452027972,-1.5591514637219497,-1.3336568566300127,0.37327851624620356,1.1910451986164192,0.17288236042943803,0.4379671201094303,1,2.175173195401491,1
5,1,0,1.2260333213420476,1.7878795073321696,0.19261651149360004,-1.287255890686119,2.1417271374604847,1.851870472370806,1.677932406487671,1.176473057436528,1,6.84800307375549,1
4,1,0,-1.4819552886442635,-1.4635043068234534,1.5940308916660397,-1.0610511817096373,-0.9953469384326751,-0.9509401714840066,-1.3541392191478934,-1.254442319598502,1,-4.554868648663077,1
1,1,0,-1.3037981432504273,-1.2202034771927606,1.5940308916660397,-0.4056375377521391,-0.9645913102376441,-0.8825789362680355,-1.332167685628795,-0.946731512378878,1,-4.126069444513353,1
1,1,1,-0.9474838524627548,-0.6451287889747592,1.5940308916660397,-0.33023596809331185,-1.0414803807252215,-0.9509401714840066,-1.112452350437812,-0.4851653015494419,1,-3.590038204196482,1
4,0,0,0.442141881609168,-0.014758457658873165,1.24367729662293,0.8703890257049369,-1.0261025666277062,0.34792329761944313,0.03006739255529913,0.8379911694949416,0,0.1898792930419776,0
1,0,0,-0.698063848911384,-0.8331339755075674,1.5940308916660397,-1.4728597544616935,-1.0414803807252215,-0.08503119208170677,-0.7718935808917886,-0.1774544943298178,1,-2.0758596480285347,1
4,0,1,0.6559304560817715,0.4276066871242048,0.54297010653671,-1.565661686349481,0.2810116316611106,0.48464576805138515,0.4035834623799701,1.0533887345486783,1,2.222629596641144,1
2,1,1,-0.7336952779901512,-0.8552522327467212,-0.15773708354950988,0.649984437471442,-0.36485656043454,-0.9053660146733592,-0.38739174430756845,-0.3620809786615922,0,-2.01969529807706,0
0,1,0,-0.698063848911384,-0.5566557600181437,0.54297010653671,-1.2988561321720924,-0.16494497716683862,-0.5407727601881803,-0.38739174430756845,-0.20822557505178022,1,-1.3013350567143678,1
4,1,0,-1.5888495758805652,-1.540918207160492,0.54297010653671,-1.5192607204055872,-1.0722360089202525,-1.0193014066999775,-1.409068052945639,-1.3775266424863517,1,-4.878132111052221,1
4,1,1,-0.127960983651108,-0.15852712971337352,0.54297010653671,0.00037091425693054283,0.7115904263915444,0.780877787320593,0.2827400280249295,0.007171990001956621,0,1.7823802317390236,0
1,0,0,-0.9118524233839875,-0.9105478758446061,1.5940308916660397,-0.6086417637566739,-0.41099000272708647,-0.38126321135091457,-1.035551983120968,-0.39285205938355466,1,-2.2206572565825238,1
0,0,0,1.6536104702872545,1.688347349755977,-1.2087978686788396,-1.739665308639082,1.4804811312673187,2.6494182165571347,2.5238364469729553,1.2995573803243776,0,7.953293175121787,0
4,1,1,0.9053504596331423,0.5381979733199743,1.24367729662293,0.528181901868721,-0.3802343745320555,0.849239022536564,0.9089287333192309,1.9149789947636258,0,3.292912376087365,0
1,0,0,1.1904018922632802,1.057977018440091,-0.5080906785926198,-0.4694388659249929,0.8346129391716682,2.6722052949624584,0.23879696098673292,0.3148827972215807,1,4.060497992342441,1
3,0,1,-0.4486438453600132,-0.0036993290392962164,1.5940308916660397,-0.347636330322272,0.2963894457586261,-0.9053660146733592,-0.6400643797771988,-0.42362314010551705,1,-1.6726640887974489,1
3,1,1,-0.698063848911384,-0.4128870879636433,0.8933237015798199,-0.2200336739765644,-0.5955237718972723,-0.3129019761349435,-0.8707654817277308,-0.5774785437153291,0,-2.356669773475276,0
2,1,0,0.22835330713656452,0.6819666453744746,-0.15773708354950988,-1.6062625315503878,-0.9030800538475822,1.418915982669656,0.1179535266316923,0.037943070723919024,1,0.6717325261776852,1
1,0,1,0.15709044897903002,0.5050205874612435,-0.15773708354950988,-1.6700638597232418,0.8192351250741527,-0.03945703527105942,0.48048382969681414,-0.5159363822714043,1,0.7443255372285034,1
1,1,1,-1.7313752921956342,-1.6072729788779538,-1.5591514637219497,-0.5158398318688866,-1.0722360089202525,-1.1104497203212722,-1.5738545543388762,-1.469839884652239,0,-5.22638016823264,0
3,1,1,-0.4842752744387805,-0.14746800109379654,-0.15773708354950988,0.12217344985965144,-0.5340125155072104,-0.9509401714840066,-0.354434444028921,0.09948523216784384,0,-1.7399018988522943,0
2,1,1,-1.2325352850928928,-1.1980852199536067,1.5940308916660397,-0.5100397111258999,-0.6570350282873343,-0.563559838593504,-0.9696373825636732,-1.254442319598502,1,-3.4446745690430136,1
4,0,0,-0.413012416281246,-0.4571236024419511,-1.5591514637219497,1.0791933724524585,0.06572223429589373,-0.7686435442414171,-0.4862636451435107,-0.8851893509349531,0,-2.074374306023987,0
3,1,1,-1.553218146801798,-1.4966816926821844,1.24367729662293,-1.722264946410122,-1.0568581948227371,-1.0193014066999775,-1.4420253532242866,-1.3467555617643892,1,-4.864940516511391,1
3,0,1,0.26398473621533175,0.17324672887393497,1.24367729662293,0.19177489877549195,0.09647786249092472,0.780877787320593,-0.046832974761544896,-0.39285205938355466,0,0.43767061566641813,0
4,0,1,-0.4486438453600132,-0.12534974385464265,-0.8584442736357297,0.6441843167284552,0.31176725985614157,0.5302199248620325,-0.06880450828064319,-0.5774785437153291,0,0.19570413272220177,0
2,0,0,0.47777331068793527,0.19536498611308886,0.8933237015798199,-0.7420445408453682,0.5578122854163894,0.2339879055928247,0.12893929339124144,-0.14668341360785542,1,0.7740560707926001,1
1,0,1,0.15709044897903002,-0.33547318762660466,-1.2087978686788396,-1.4496592714897467,-0.1803227912643541,0.9631744145631824,0.22781119422718377,0.5918225237192424,1,1.6024853412452544,1
1,1,1,0.6202990270030043,-0.15852712971337352,-0.15773708354950988,1.6186046015502225,-1.0722360089202525,-0.5407727601881803,0.7551279986855428,0.5610514429972799,0,-0.29682932742560997,0
4,1,0,0.5846675979242371,-0.19170451557210436,-0.15773708354950988,-0.9508488875928898,-0.5955237718972723,-0.8597918578627118,0.8869571998001325,0.7764490080510168,1,0.20809057809116505,1
1,0,1,0.0858275908214955,-0.4018279593440664,0.54297010653671,1.4388008585176344,-0.9492134961401286,-0.3129019761349435,-0.046832974761544896,0.22256955505569345,0,-1.0863788919809234,0
2,0,0,0.5490361688454698,0.8920900891464366,0.8933237015798199,-0.2606345191774714,0.37327851624620356,0.34792329761944313,0.8979429665596818,-0.5159363822714043,0,1.103208398153924,0
2,0,0,0.5490361688454698,-0.2248819014308352,1.5940308916660397,1.6534053260081427,0.5270566572213584,-0.1533924272976778,0.6013272640518548,0.3764249586655055,0,1.351416452641041,0
0,1,0,0.9053504596331423,1.1132726615379755,-0.8584442736357297,1.6708056882371027,0.8038573109766373,1.350554747453685,1.0297721676742715,0.7764490080510168,0,3.9606332341556105,0
4,1,1,-0.9118524233839875,-0.9990209048012216,1.5940308916660397,-0.7072438163874479,-0.24183404765441607,-0.9509401714840066,-0.6180928462581005,-0.5467074629933667,1,-2.3575745283898897,1
4,1,0,-1.410692430486729,-1.3971495351059917,-1.2087978686788396,0.01777127648589067,-0.8569466115550357,-0.8142177010520645,-1.2332957847928527,-1.3775266424863517,0,-4.281986739886305,0
1,1,0,-0.9831152815415221,-0.7667792037901057,-0.5080906785926198,1.067593130966485,-0.8415687974575202,-1.1332367987265959,-0.8268224146895343,-1.1929001581545773,0,-3.9945281690282277,0
1,0,1,-0.6268009907538495,-0.3797097021049125,-1.2087978686788396,0.4759808151818407,-0.6109015859947878,0.12005251356620632,-0.31049137699072443,-1.0390447545447652,0,-1.8403852039640711,0
4,0,1,-0.8762209943052203,-1.0211391620403756,-0.8584442736357297,-0.7478446615883549,-0.6109015859947878,-0.7002823090254461,-0.8597797149681817,-0.4851653015494419,1,-2.6561289115378575,1
4,1,1,1.5110847539721854,2.385072452789325,1.5940308916660397,1.206796028798166,1.3882142466822258,2.216463726855985,1.2494875028652543,0.6533646851631671,0,5.507530161566632,0
4,1,0,0.0858275908214955,0.37231104402632004,-0.5080906785926198,-0.7536447823313417,-0.7031684705798807,0.9859614929685061,-0.024861441242446602,-0.023599090720005784,1,0.23433249042617296,1
2,1,0,0.12145901990026277,-0.14746800109379654,1.5940308916660397,-0.1504322250607239,-1.0107247525301906,0.9631744145631824,-0.4642921116244125,-0.39285205938355466,0,-0.9046945089749754,0
4,1,1,-0.555538132596315,-0.34653231624618164,-0.5080906785926198,-1.6584636182372683,0.03496660610086275,-1.1104497203212722,-0.27753407671207697,-0.7005628666031787,1,-2.0535800575356653,1
2,0,0,-0.30611812904494423,-0.5455966313985667,0.54297010653671,-1.1190523891395043,-0.24183404765441607,-0.10781827048703045,-0.34344867726937184,-0.7621050280471036,1,-1.4552060234579218,1
0,1,1,1.4754533248934183,2.18600813763694,-1.2087978686788396,0.5919832300415748,1.4497255030722878,2.5126957461251926,0.9858291006360749,1.484183864656152,0,6.4324342144897075,0
2,0,0,-0.27048669996617697,-0.5898331458768745,-1.5591514637219497,-0.5854412807847271,-0.4725012591171484,-0.10781827048703045,-0.27753407671207697,0.037943070723919024,1,-0.8199105355923368,1
1,0,1,0.869719030554375,0.5271388447003973,-0.15773708354950988,0.4005792455230135,-0.8723244256525512,0.8720261009418877,0.3266830950631261,0.7149068466070919,0,1.0412916169595545,0
5,1,1,0.12145901990026277,0.4054884298850509,1.5940308916660397,-1.5888621693214278,0.34252288805117254,1.1682581202110955,-0.03584720800199575,-0.5467074629933667,1,0.9282263372669056,1
3,1,0,0.15709044897903002,0.11795108577605022,1.24367729662293,1.0327924065085647,-0.42636781682460195,1.3049805906430376,0.019081625795749985,0.3456538779435431,0,1.243348277557729,0
2,1,1,-1.0543781396990566,-1.175966962714453,-1.5591514637219497,1.0849934931954452,-0.41099000272708647,-0.49519860337753296,-1.0025946828423207,-0.8851893509349531,0,-2.7939726398818934,0
0,0,0,-0.4842752744387805,-0.31335493038745077,0.8933237015798199,1.3401988058868604,0.08110004839340923,-0.631921073809475,-0.431334811345765,-0.7928761087690659,0,-1.7750319455308967,0
0,0,0,1.3329276085783492,1.9648255652454008,1.24367729662293,-0.1388319835747505,-0.9492134961401286,0.849239022536564,1.9196192751977523,0.19179847433373107,0,2.0114432759279186,0
5,1,0,0.26398473621533175,0.8478535746681288,0.19261651149360004,0.00037091425693054283,1.3113251761946483,-0.8825789362680355,0.6123130308114039,0.22256955505569345,0,1.26362882579371,0
4,0,0,1.012244746869444,1.710465606995131,-1.5591514637219497,-0.17943282877565744,0.019588792003347264,-0.3584761329455909,0.5463984302541091,0.7456779273290544,0,0.9531890166409198,0
1,1,1,-0.698063848911384,-0.9769026475620677,1.5940308916660397,1.549003152634382,-0.8569466115550357,0.2567749839981484,-0.9366800822850258,-0.30053881721766745,0,-1.8373905270595807,0
0,1,0,-0.3417495581237115,-0.07005410075675791,0.19261651149360004,-0.9218482838779563,0.37327851624620356,-1.0648755635106248,0.06302469283394657,-0.33130989793962984,1,-0.9598822523701045,1
2,1,1,1.6892418993660219,1.942707308006247,-1.5591514637219497,-1.7164648256671353,-0.42636781682460195,3.196308098284903,1.0297721676742715,1.1149308959926032,0,4.914643345127176,0
5,1,0,-0.6268009907538495,-0.7446609465509518,1.24367729662293,-0.4636387451820062,-1.0722360089202525,0.30234914080879577,-0.4533063448648633,-0.30053881721766745,1,-1.5237320301939876,1
0,0,0,-1.0900095687778237,-0.9879617761816447,0.54297010653671,0.07577248391575776,-1.1337472653103144,-0.7230693874307698,-1.0685092833996155,-1.1313579967106524,0,-4.056683932851352,0
2,1,1,-1.5888495758805652,-1.551977335780069,-0.5080906785926198,1.6534053260081427,-1.0414803807252215,-1.1332367987265959,-1.5299114873006796,-1.4390688039302764,0,-5.143697470682773,0
4,1,1,-0.5199067035175478,-0.6230105317356054,-1.5591514637219497,1.3982000133167274,-0.395612188629571,-0.13060534889235412,-0.17866217587613464,-0.8851893509349531,0,-1.5900690643330129,0
2,1,0,0.869719030554375,1.5445786777014767,1.5940308916660397,1.247396873999073,0.7577238686840908,1.0315356497791535,1.1176583017506647,1.2687862996024153,0,4.1757041198163245,0
5,0,1,-1.7313752921956342,-1.6293912361171077,1.24367729662293,1.2879977191999799,-1.118369451212799,-1.0648755635106248,-1.5958260878579746,-1.4390688039302764,0,-5.218139906511675,0
4,1,0,1.724873328444789,1.5445786777014767,1.24367729662293,0.9979916820506445,2.556928118093403,3.2874564119061978,1.2824448031439017,2.0688343983734376,0,9.195663731516941,0
5,0,1,0.37087902345163354,0.814676188809398,-0.8584442736357297,1.0211921650225912,1.5573702017548963,1.1226839634004482,-0.1457048755974872,-0.05437017144196819,0,2.4799791181158892,0
4,1,1,-0.555538132596315,-0.5345375027789898,-0.15773708354950988,-1.525060841148574,0.23487818936856414,0.14283959197153,-0.508235178662609,-0.14668341360785542,1,-0.2772008109303703,1
0,1,1,0.9766133177906767,0.4276066871242048,0.19261651149360004,-1.5482613241205208,1.2190582916095556,2.262037883666632,1.6999039400067695,1.4226417032122274,1,6.603641818495185,1
3,1,1,1.297296179499582,1.5666969349406306,-1.2087978686788396,-1.6700638597232418,0.23487818936856414,-0.49519860337753296,1.6339893394494744,-0.023599090720005784,0,1.3500698347204998,0
2,0,1,0.15709044897903002,-0.30229580176787385,0.54297010653671,1.4040001340597141,-1.1645028935053454,0.4162845328354141,0.07401045959349571,0.25334063577765586,0,-0.4208672652987797,0
3,0,1,-1.1612724269353583,-1.1096121909969912,-0.5080906785926198,1.1023938554244053,-1.1337472653103144,-1.1332367987265959,-1.255267318311951,-0.9159604316569155,0,-4.4382118140057765,0
2,0,0,1.0478761759482114,1.8542342790496311,0.8933237015798199,1.1951957873121926,1.9110599259977525,-0.7230693874307698,0.8869571998001325,0.13025631288980624,0,2.2052040512569215,0
5,1,1,0.869719030554375,0.2064241147326658,-0.5080906785926198,-1.739665308639082,0.050344420198378245,0.7580907089152693,0.41456922913951927,0.5302803622753175,1,1.7532847205284843,1
5,0,1,-0.4842752744387805,-0.34653231624618164,0.19261651149360004,0.02937151797186409,-0.395612188629571,-0.7230693874307698,-0.2116194761547821,-0.5774785437153291,0,-1.907779595930452,0
2,0,1,-1.2325352850928928,-1.1538487054752988,0.19261651149360004,-0.10403125911683023,-0.9184578679450977,-0.8370047794573882,-1.090480816918714,-1.2236712388765396,0,-4.06961470319774,0
5,0,0,-1.3394295723291945,-1.3750312778668379,-0.8584442736357297,0.04097175945783751,-1.0261025666277062,-0.7914306226467408,-1.1454096507164595,-1.0390447545447652,0,-4.001987594535671,0
5,0,1,-0.9474838524627548,-0.7667792037901057,-0.15773708354950988,0.6325840752424818,-0.8261909833600047,-0.2901148977296199,-0.6949932135749445,-0.6697917858812164,0,-2.4810908805457856,0
4,0,1,-0.3417495581237115,-0.3907688307244894,0.54297010653671,1.4736015829755547,-1.0722360089202525,0.4390716112407378,-0.2665483099525278,0.22256955505569345,0,-0.6771431525763492,0
2,1,1,0.7984561723968405,0.0073597995802807325,1.5940308916660397,1.0211921650225912,1.111413592926947,1.0543227281844771,1.2385017361057051,-0.269767736495705,0,3.1344703207214244,0
1,0,1,1.0478761759482114,1.046917889820514,0.19261651149360004,0.28457683066327927,0.5116788431238429,-0.7686435442414171,0.7331564651664445,1.2995573803243776,0,1.7757491443732478,0
3,1,0,1.012244746869444,1.4229282628861302,-1.2087978686788396,-1.1944539587983316,2.3570165348257017,1.8746575507761296,0.33766886182267525,-0.33130989793962984,0,4.238033049484876,0
4,1,0,0.7628247433180733,0.4165475585046278,0.8933237015798199,-1.327856735887026,-0.13418934897180765,2.0797412564240427,0.41456922913951927,-0.023599090720005784,1,2.3365220458717486,1
3,1,0,0.40651045253040075,-0.21382277281125825,0.54297010653671,0.6209838337565085,1.495858945364834,0.8948131793472114,0.8759714330405834,-0.23899665577374263,0,3.0276469019788865,0
2,1,1,0.22835330713656452,0.32807452954801225,1.5940308916660397,-0.6318422467286208,-0.10343372077677666,-1.1104497203212722,0.2827400280249295,-0.33130989793962984,1,-1.2624533110127492,1
0,0,1,0.26398473621533175,-0.1142906152350657,0.8933237015798199,-0.17363270803267072,0.1118556765884402,-0.17617950570300148,0.1399250601507906,-0.39285205938355466,0,-0.3172508283473253,0
1,1,0,-1.4819552886442635,-1.2865582489102223,1.24367729662293,-1.1886538380553449,-0.7646797269699428,-0.9509401714840066,-1.332167685628795,-1.1313579967106524,1,-4.179145580793397,1
0,1,1,-1.0187467106202892,-0.8441931041271443,-0.15773708354950988,-0.5970415222707005,-0.7954353551649738,-0.6547081522147987,-1.035551983120968,-0.9775025931008403,1,-3.463198083601581,1
3,1,1,-1.1612724269353583,-1.0874939337578373,0.54297010653671,-0.9276484046209429,-0.8415687974575202,-1.1104497203212722,-1.255267318311951,-1.2236712388765396,1,-4.430957074967283,1
0,1,1,-1.5175867177230307,-1.4082086637255689,0.8933237015798199,1.30539808142894,-1.0414803807252215,-1.1332367987265959,-1.321181918869246,-1.1929001581545773,0,-4.68879925647564,0
2,0,1,0.9053504596331423,0.32807452954801225,0.54297010653671,-1.623662893779348,1.111413592926947,-0.5407727601881803,1.4252597710180408,1.0841598152706409,1,3.0800604190274483,1
2,0,1,-0.3417495581237115,-0.1806453869525274,-1.2087978686788396,1.427200617031661,0.21950037527104865,0.6441553168886509,-0.4093632778266667,-0.7928761087690659,0,-0.338583694436033,0
3,0,1,-0.16359241272987524,-0.4681827310615281,0.19261651149360004,1.4852018244615282,0.9268798237567613,0.028904199944911613,-0.6290786130176497,-0.5159363822714043,0,-0.1892309715873811,0
3,0,0,-0.9831152815415221,-0.921607004464183,-0.15773708354950988,-1.0552510609666506,-0.7185462846773962,-0.5179856817828566,-0.9696373825636732,-1.10058691598869,1,-3.3067562650126163,1
0,1,1,1.0478761759482114,0.6598483881353208,-0.8584442736357297,-1.7048645841811618,1.3267029902921639,1.555638453101598,1.4362455377775898,1.1457019767145655,1,5.464288957885918,1
2,1,1,-0.4486438453600132,-0.07005410075675791,0.8933237015798199,-0.19103307026163086,-0.7800575410674583,-0.5407727601881803,-0.508235178662609,-0.6082496244372915,0,-2.437315104355539,0
2,1,1,1.58234761212972,2.396131581408902,-0.8584442736357297,-0.6202420052426473,2.556928118093403,2.0113800212080717,1.8646904414000065,0.3764249586655055,1,6.809423539366987,1
2,0,0,1.5110847539721854,0.6709075167548977,-1.5591514637219497,-0.52744007335486,-0.7185462846773962,-0.5407727601881803,2.271163811503325,0.4995092815533551,1,1.5113540481911034,1
4,0,0,-0.127960983651108,0.2064241147326658,-1.2087978686788396,-1.3684575810879327,-0.7031684705798807,-0.08503119208170677,0.4035834623799701,0.3764249586655055,0,-0.008191241616111844,0
5,1,0,0.3352475943728663,0.9805631181030523,1.5940308916660397,0.2265756232334122,-1.1029916371152835,0.5302199248620325,-0.0028899077233483085,0.4995092815533551,0,-0.07615233842324415,0
2,0,1,0.15709044897903002,0.7262031598527824,-1.5591514637219497,-1.6874642219522018,0.6654569840989979,-0.9053660146733592,0.7111849316473462,0.8072200887729791,0,1.278495989845964,0
0,1,1,-0.16359241272987524,-0.03687671489802706,-0.8584442736357297,-0.9682492498218499,0.7115904263915444,-0.08503119208170677,-0.44232057810531417,0.5302803622753175,1,0.7145190184798409,1
5,1,0,1.724873328444789,2.042239465582439,1.5940308916660397,-0.11563150060280364,-0.07267809258174568,1.3277676690483613,2.4469360796561115,2.99196682003231,0,6.693992476155037,0
1,0,1,0.40651045253040075,0.11795108577605022,-1.2087978686788396,1.6708056882371027,-1.1645028935053454,1.6012126099122455,1.007800634155173,-0.30053881721766745,0,1.1439715333444056,0
4,1,1,-1.6601124340380997,-1.551977335780069,-0.8584442736357297,0.25557622694834575,-0.9953469384326751,-1.0648755635106248,-1.485968420262483,-1.408297723208314,0,-4.954488645414097,0
1,1,1,0.9766133177906767,0.7814988029506672,-0.15773708354950988,0.9457905953637641,0.5731900995139049,-0.8142177010520645,1.3044163366630002,-0.023599090720005784,0,1.0397896444048347,0
0,0,1,-0.7693267070689185,-0.479241859681105,1.5940308916660397,0.5455822640976812,-0.16494497716683862,-1.0876626419159485,-0.4972494119030599,-0.8851893509349531,0,-2.6350463819208,0
3,1,0,-1.6244810049593326,-1.540918207160492,-0.8584442736357297,0.9109898709058438,-0.9492134961401286,-1.1104497203212722,-1.5299114873006796,-1.3467555617643892,0,-4.93633026552647,0
0,1,0,-0.9118524233839875,-0.9105478758446061,0.19261651149360004,-0.7478446615883549,-0.05730027848423019,-0.22175366251364884,-1.090480816918714,-1.0698158352667275,1,-2.4393505931833204,1
5,1,0,1.4041904667358838,2.2191855234956703,-1.5591514637219497,-0.945048766849903,1.6803927145350201,2.922863157421019,0.3486546285822244,1.6688103489879265,0,6.620720849526189,0
4,1,1,0.050196161742728264,-0.4128870879636433,-0.15773708354950988,-1.124852509882491,1.111413592926947,-0.6774952306201224,-0.23359100967388038,-0.1774544943298178,1,0.022872858303126492,1
5,1,0,0.3352475943728663,0.5050205874612435,1.5940308916660397,-1.2988561321720924,1.111413592926947,1.3049805906430376,0.2168254274676346,0.16102739361176865,1,2.794247004649388,1
1,0,0,0.01456473266396101,-0.14746800109379654,0.54297010653671,-1.4496592714897467,-0.19570060536186962,-0.631921073809475,-0.27753407671207697,-0.42362314010551705,1,-1.5287788959889386,1
5,1,1,1.0478761759482114,0.814676188809398,1.5940308916660397,1.067593130966485,0.019588792003347264,0.5302199248620325,1.1945586690675087,1.7918946718757762,0,3.5362620578086648,0
4,0,1,1.4754533248934183,1.1353909187771296,0.54297010653671,0.9573908368497376,2.110971509265454,0.37071037602476675,1.0956867682315663,0.19179847433373107,0,3.7691671278555177,0
4,1,0,1.6892418993660219,1.887411664908362,1.24367729662293,-0.04022993094397642,0.31176725985614157,-1.0420884851053012,2.0734200098314406,2.8688824971444604,0,4.211981281726741,0
3,0,1,0.9053504596331423,1.6441108352776692,-0.15773708354950988,-1.484459995947667,1.772659599120113,1.988592942802748,1.370330937220295,1.8842079140416634,1,7.01579139318482,1
1,0,0,0.01456473266396101,-0.36865057348533553,0.19261651149360004,-1.6584636182372683,1.111413592926947,0.5985811600780035,-0.2995056102311753,-0.023599090720005784,1,1.3868900520537695,1
4,0,1,-1.26816671417166,-1.3086765061493761,0.8933237015798199,-1.2640554077141721,-1.118369451212799,-0.5863469169988277,-1.3101961521096968,-1.1929001581545773,1,-4.207812678475901,1
2,1,1,0.40651045253040075,0.15112847163478108,-1.2087978686788396,-0.5216399526118732,1.0191467083418542,-0.0622441136763831,0.33766886182267525,0.4071960393874679,1,1.7017674958756142,1
2,0,1,0.442141881609168,1.046917889820514,-0.5080906785926198,-0.7884455067892618,0.03496660610086275,-0.631921073809475,-0.23359100967388038,0.5918225237192424,1,-0.23872295366325025,1
1,0,1,0.15709044897903002,-0.025817586278450114,-1.5591514637219497,-1.142252872111451,-0.011166836191683719,0.8948131793472114,0.5024553632159124,-0.269767736495705,1,1.116333969875735,1
3,1,0,1.0835076050269785,1.688347349755977,0.19261651149360004,0.035171638714850795,-1.0107247525301906,-0.8825789362680355,1.8427189078809083,2.0380633176514755,0,1.9874785367341579,0
1,0,0,0.442141881609168,0.7593805457115133,1.5940308916660397,0.26717646843431914,0.31176725985614157,0.6669423952939746,-0.17866217587613464,0.16102739361176865,0,0.9610748728857502,0
1,0,0,-1.410692430486729,-1.2754991202906454,1.5940308916660397,-0.6086417637566739,-0.9030800538475822,-0.8825789362680355,-1.321181918869246,-1.3775266424863517,1,-4.484367551471215,1
3,1,1,0.7628247433180733,0.7151440312332055,-1.5591514637219497,0.15117405357458497,0.48092321492881196,-0.7686435442414171,1.293430569903451,-0.39285205938355466,0,0.6128581812072911,0
1,1,1,-0.7336952779901512,-1.0100800334207987,0.8933237015798199,-0.4752389866679796,-0.5647681437022414,-0.7458564658360934,-0.38739174430756845,-0.33130989793962984,1,-2.029326251785533,1
5,0,0,-0.840589565226453,-0.8331339755075674,-0.5080906785926198,0.84718854273299,-1.0107247525301906,-0.631921073809475,-0.8707654817277308,-0.4851653015494419,0,-2.998576609616838,0
0,1,0,-0.02106669641480624,0.12901021439562718,0.19261651149360004,0.7949874560461097,-0.7493019128724273,-0.3584761329455909,-0.36542021078847015,-0.1774544943298178,0,-1.650652750936306,0
0,1,0,1.1904018922632802,0.7925579315702441,0.54297010653671,-1.327856735887026,0.12723349068595569,-0.2901148977296199,0.7880852989641902,1.2687862996024153,1,1.8939901915229413,1
1,0,0,0.9409818887119096,1.3455143625490915,-0.5080906785926198,-0.52744007335486,0.40403414444123453,-0.631921073809475,0.5573841970136582,1.7918946718757762,1,2.1213919395211938,1
1,0,0,-0.127960983651108,-0.12534974385464265,-1.5591514637219497,-1.0958519061675576,-0.44174563092211744,0.028904199944911613,-0.4972494119030599,-0.39285205938355466,1,-1.3029429022638204,1
2,1,0,-0.27048669996617697,-0.36865057348533553,1.5940308916660397,0.5861831092985882,0.6347013559039669,-0.08503119208170677,-0.10176180855929062,-0.5159363822714043,0,-0.06802802700843469,0
5,1,0,-0.9118524233839875,-0.700424432072644,-0.15773708354950988,0.9805913198216843,-0.5801459577997569,-0.7686435442414171,-0.7609078141322394,-0.7005628666031787,0,-2.810260182776592,0
5,1,1,-0.23485527088740973,-0.2912366731482969,-0.8584442736357297,0.8123878182750698,0.1118556765884402,-0.6091339954041514,-0.574149779219904,0.13025631288980624,0,-0.941171785145809,0
5,1,0,0.22835330713656452,-0.3907688307244894,-1.2087978686788396,1.6940061712090495,0.41941195853875,0.2567749839981484,0.5134411299754615,0.7456779273290544,0,1.9353059998414144,0
2,1,0,0.0858275908214955,-0.2248819014308352,0.54297010653671,-1.0610511817096373,-0.395612188629571,0.2795620624034721,0.33766886182267525,0.5610514429972799,1,0.7826701785938563,1
5,0,0,-0.16359241272987524,-0.08111322937633486,-0.8584442736357297,1.0733932517094718,-0.14956716306932313,0.30234914080879577,-0.046832974761544896,0.3764249586655055,0,0.48237396164343327,0
3,1,0,-1.6601124340380997,-1.551977335780069,0.8933237015798199,-0.5564406770697935,-1.118369451212799,-1.0420884851053012,-1.5738545543388762,-1.408297723208314,1,-5.14261021386529,1
0,1,0,-1.0543781396990566,-1.0211391620403756,0.54297010653671,-1.1480529928544378,-0.4725012591171484,-1.1332367987265959,-1.1344238839569103,-1.2236712388765396,1,-3.9638331806771943,1
2,0,1,-1.3750610014079618,-1.2865582489102223,0.8933237015798199,-0.347636330322272,-0.6724128423848498,-0.7230693874307698,-1.2772388518310493,-1.2852134003204645,1,-3.9579344819671336,1
2,0,1,1.0478761759482114,1.467164777364438,-0.15773708354950988,0.04097175945783751,0.603945727708936,-0.2673278193242962,1.524131671853983,2.0380633176514755,0,3.898812897890098,0
1,0,1,-0.02106669641480624,0.4718432016025126,-0.15773708354950988,-1.101652026910544,0.6347013559039669,0.2795620624034721,-0.3764059775480193,-0.14668341360785542,1,0.39117402715156424,1
0,1,0,1.2260333213420476,0.2285423719718197,0.19261651149360004,0.13957381208861155,-0.14956716306932313,0.780877787320593,0.3816119288608718,0.037943070723919024,0,1.0508656238360605,0
4,0,0,-0.16359241272987524,0.16218760025435802,0.8933237015798199,1.1893956665692058,-0.41099000272708647,0.6897294736992983,-0.3983775110671176,-0.6697917858812164,0,-0.7894298259761221,0
2,0,0,-0.16359241272987524,0.10689195715647327,1.24367729662293,0.6325840752424818,-0.05730027848423019,0.9176002577525351,-0.1457048755974872,0.13025631288980624,0,0.8448514165606239,0
2,1,1,1.2260333213420476,1.7436429928538617,0.54297010653671,-0.5158398318688866,2.4339056053132793,-0.13060534889235412,0.7441422319259936,0.16102739361176865,1,3.2084698819586874,1
1,0,1,0.9766133177906767,1.1022135329183986,1.24367729662293,0.9631909575927242,-0.08805590667926116,0.5074328464567088,0.1618965936698889,1.6072681875440018,0,2.1885417209913385,0
3,1,1,-1.3037981432504273,-1.2533808630514915,0.8933237015798199,-0.8638470764480891,-0.6724128423848498,-0.8370047794573882,-1.1893527177546561,-1.1313579967106524,1,-3.8301283363075465,1
1,1,1,-0.4842752744387805,-0.5455966313985667,-1.2087978686788396,-0.887047559420036,-1.1029916371152835,-0.6774952306201224,-0.06880450828064319,-0.5467074629933667,1,-2.395998839009416,1
3,1,1,-1.4463238595654964,-1.3971495351059917,1.24367729662293,0.9457905953637641,-1.087613823017768,-0.8825789362680355,-1.4310395864647374,-1.10058691598869,0,-4.5018192617392305,0
5,1,0,-1.4819552886442635,-1.3307947633885302,1.5940308916660397,1.3575991681158204,-0.9953469384326751,-0.9281530930786829,-1.4310395864647374,-1.1313579967106524,0,-4.485897614686747,0
2,0,0,0.19272187805779725,0.48290233022208956,-0.5080906785926198,-0.9914497327937967,-0.2110784194593851,-0.631921073809475,0.6562560978496005,0.6841357658851296,1,0.4973923704658699,1
4,1,0,-0.6624324198326168,-0.501360116920259,0.8933237015798199,0.5397821433546945,0.050344420198378245,-0.016669956865735743,-0.5192209454221582,-0.9775025931008403,0,-1.463049075190356,0
1,0,0,-0.7693267070689185,-0.4460644738223742,1.5940308916660397,-0.7072438163874479,-0.5032568873121794,-0.4724115249722093,-0.727950513853592,-0.6082496244372915,1,-2.311868550575272,1
2,0,1,-1.695743863116867,-1.5851547216388,-0.15773708354950988,0.8819892671909103,-1.0568581948227371,-1.0648755635106248,-1.551883020819778,-1.408297723208314,0,-5.081914502361454,0
0,0,1,-0.9474838524627548,-1.0211391620403756,0.54297010653671,-1.6294630145223348,-0.8415687974575202,-0.17617950570300148,-0.6180928462581005,-0.5159363822714043,1,-2.1517775316900263,1
3,0,0,-0.02106669641480624,0.2727788864501275,-0.5080906785926198,-1.722264946410122,-0.1803227912643541,1.0543227281844771,-0.25556254319297866,0.5918225237192424,1,1.2102599174463866,1
3,1,1,-0.02106669641480624,0.17324672887393497,1.5940308916660397,-1.043650819480677,-0.9799691243351596,0.006117121539587936,0.39259769562042096,0.5918225237192424,1,0.01056821654409179,1
2,1,1,-1.7313752921956342,-1.6072729788779538,-0.5080906785926198,-0.2780348814064315,-1.087613823017768,-1.0876626419159485,-1.5848403210984254,-1.469839884652239,0,-5.2299566706843805,0
3,1,1,0.3352475943728663,0.09583282853689633,0.19261651149360004,0.035171638714850795,-0.7493019128724273,1.5100642962909507,0.45851229617771583,0.868762250216904,0,2.088036929813143,0
2,1,0,0.19272187805779725,-0.15852712971337352,-1.5591514637219497,-0.24323415694851125,0.004210977905831773,0.9859614929685061,-0.3324629105098227,0.5302803622753175,0,1.1879899226398327,0
1,1,0,-0.1992238418086425,-0.30229580176787385,-0.8584442736357297,-0.5564406770697935,0.6962126122940289,-0.40405028975623825,-0.22260524291433123,-0.8544182702129908,1,-0.7848611905895314,1
5,1,1,-1.7313752921956342,-1.6404503647366846,-0.5080906785926198,-1.0900517854245708,-1.1645028935053454,-1.1104497203212722,-1.6068118546175236,-1.5006109653742012,1,-5.382375433818343,1
4,1,1,0.40651045253040075,0.35019278678716614,-1.2087978686788396,1.7404071371529433,1.4497255030722878,-0.3584761329455909,0.019081625795749985,0.4379671201094303,0,1.548298116031877,0
4,1,1,1.6892418993660219,0.9584448608638984,-0.5080906785926198,0.19757501951847864,0.8192351250741527,0.9859614929685061,2.4689076131752095,0.3456538779435431,0,4.6197581091614115,0
5,0,1,-0.413012416281246,-0.6783061748334901,-0.5080906785926198,-1.5076604789196137,-0.395612188629571,0.4162845328354141,-0.6730216800558463,0.06871415144588143,1,-0.5836351844041218,1
3,1,1,1.154770463184513,0.6377301308961668,-1.2087978686788396,0.08737272540173117,-0.4725012591171484,-1.0876626419159485,0.4255549958990684,1.4226417032122274,0,0.2880327980781987,0
2,0,1,-0.05669812549357349,-0.32441405900702774,1.24367729662293,-1.4322589092607867,-0.07267809258174568,-1.0876626419159485,-0.07979027504019233,-0.42362314010551705,1,-1.6637541496434036,1
4,0,1,0.6559304560817715,0.12901021439562718,-0.5080906785926198,0.035171638714850795,-0.25721186175193156,-0.9281530930786829,0.9418860335978783,-0.42362314010551705,0,-0.6671020613382532,0
2,1,0,-0.1992238418086425,-0.07005410075675791,1.24367729662293,-0.5912414015277138,0.06572223429589373,-1.0876626419159485,-0.17866217587613464,-0.05437017144196819,1,-1.2549727549381577,1
4,1,0,0.869719030554375,0.7483214170919363,-1.5591514637219497,-0.0866308968878701,-0.10343372077677666,1.6467867667228928,1.3593451704607458,0.9610754923827912,0,3.8637737087896533,0
1,1,1,-0.9831152815415221,-0.9658435189424908,-0.5080906785926198,-0.12723174208877705,-0.5955237718972723,-0.7230693874307698,-0.8927370152468291,-0.6082496244372915,0,-2.8195797990121627,0
1,0,0,0.8340876014756078,0.04053718543901158,-1.5591514637219497,0.5397821433546945,-0.6877906564823653,1.783509237154835,0.7331564651664445,1.3303284610463402,0,3.1592035068852544,0
4,0,0,-0.09232955457234074,-0.09217235799591181,-0.8584442736357297,1.1313944591393388,-0.24183404765441607,-1.1332367987265959,-0.44232057810531417,-0.7313339473251411,0,-2.548725371811467,0
1,0,0,-0.8762209943052203,-0.5787740172572976,-0.8584442736357297,-0.03442981020098971,-0.7031684705798807,-0.1533924272976778,-0.9256943155254767,-0.7621050280471036,0,-2.5443602414501387,0
3,1,1,-0.840589565226453,-0.501360116920259,-0.5080906785926198,1.3923998925737406,-1.0722360089202525,-0.4496244465668856,-0.6730216800558463,-0.946731512378878,0,-3.1416136479218624,0
3,1,0,-0.4842752744387805,-0.4681827310615281,0.8933237015798199,-1.7338651878960956,0.050344420198378245,-0.6091339954041514,-0.6071070794985514,-0.4851653015494419,1,-1.6510619562537665,1
4,0,1,-0.8762209943052203,-0.6340696603551823,1.24367729662293,-0.6898434541584878,-0.7339240987749118,-0.13060534889235412,-0.7169647470940428,-0.7928761087690659,1,-2.3743703035303745,1
5,1,1,1.3329276085783492,0.8810309605268597,0.8933237015798199,-0.3998374170091524,2.049460252875392,-0.5407727601881803,0.7661137654450919,0.9303044116608288,1,3.2051056697931326,1
2,1,0,0.869719030554375,0.02947805681943463,-0.5080906785926198,-1.5540614448635075,0.12723349068595569,-0.4268373681615619,0.9418860335978783,0.13025631288980624,1,0.7725384690120782,1
0,0,0,-0.127960983651108,0.37231104402632004,-1.2087978686788396,-0.48683922815395303,-0.9953469384326751,0.780877787320593,-0.5192209454221582,0.3456538779435431,0,-0.38803621859069726,0
2,1,0,0.727193314239306,1.2681004622120529,-0.8584442736357297,0.7369862486162426,1.3882142466822258,1.0998968849951245,0.6562560978496005,0.8995333309388663,0,4.043900560465817,0
3,1,1,0.15709044897903002,0.46078407298293567,-0.15773708354950988,-1.484459995947667,1.0652801506344005,-0.8370047794573882,-0.2995056102311753,0.4995092815533551,1,0.4282790424991922,1
2,0,0,1.58234761212972,1.8099977645713234,0.19261651149360004,0.290376951406266,1.5573702017548963,2.6494182165571347,0.7770995322046411,1.9765211562075506,0,6.960409106724223,0
3,0,1,-0.30611812904494423,0.02947805681943463,-0.5080906785926198,-1.3800578225739062,0.37327851624620356,0.07447835675555897,0.04105315931484828,0.19179847433373107,1,0.6806085066503419,1
5,0,1,0.6559304560817715,0.383370172645897,1.24367729662293,-1.6990644634381753,-0.6109015859947878,-0.03945703527105942,1.1176583017506647,-0.23899665577374263,1,0.2283030247110749,1
5,0,0,1.724873328444789,1.046917889820514,-1.5591514637219497,-0.4056375377521391,2.5723059321909187,1.783509237154835,0.5793557305327565,2.468858447758949,1,7.404029347637459,1
5,0,0,0.5846675979242371,0.28383801506970446,-0.8584442736357297,-0.6840433334155012,-0.6570350282873343,1.2366193554270666,0.37062616210132265,0.22256955505569345,1,1.1727800442967484,1
0,1,1,1.5110847539721854,0.7814988029506672,0.54297010653671,0.5861831092985882,-1.0568581948227371,1.1682581202110955,2.282149578262874,0.22256955505569345,0,2.616119058706926,0
2,0,0,0.19272187805779725,0.2285423719718197,0.8933237015798199,-0.08083077614488339,0.9576354519517922,-0.6547081522147987,-0.09077604179974148,-0.20822557505178022,0,0.003925682885471821,0
0,0,1,1.0835076050269785,0.2727788864501275,0.8933237015798199,-1.2524551662281986,1.1883026634145246,1.8974446291814533,1.8207473743618101,1.6072681875440018,1,6.51376285450179,1
4,1,0,0.3352475943728663,0.31701540092843533,1.24367729662293,1.6360049637791825,-0.11881153487429215,-0.563559838593504,-0.32147714375027353,0.7764490080510168,0,-0.22739950916705298,0
5,1,1,-0.30611812904494423,-0.4350053452027972,-1.5591514637219497,0.9167899916488306,-0.33410093223950904,0.34792329761944313,-0.6071070794985514,-0.3620809786615922,0,-0.9553656927802094,0
5,0,0,-1.2325352850928928,-1.2312626058123375,1.24367729662293,-0.4114376584951258,-1.1029916371152835,-0.8597918578627118,-1.0794950501591647,-0.9159604316569155,1,-3.9582389767940755,1
3,0,1,-1.5175867177230307,-1.5077408213017613,-1.5591514637219497,-0.06343041391592326,-0.9184578679450977,-0.8825789362680355,-1.4639968867433848,-1.408297723208314,0,-4.673331414164832,0
1,0,0,-1.6244810049593326,-1.5298590785409152,-0.8584442736357297,0.4063793662660002,-0.9953469384326751,-1.0193014066999775,-1.5079399537815814,-1.3159844810424268,0,-4.83857277995666,0
5,1,1,-0.27048669996617697,-0.1142906152350657,0.19261651149360004,-0.3940372962661657,0.7884794968791218,0.1656266703768537,-0.34344867726937184,-0.115912332885893,1,0.49474515710071054,1
0,1,0,-0.37738098720247876,-0.2912366731482969,1.24367729662293,1.5548032733773687,0.5424344713188739,-0.9509401714840066,-0.07979027504019233,-0.8236471894910283,0,-1.3119431646963533,0
2,1,0,-0.7693267070689185,-0.8663113613662983,-1.5591514637219497,1.0211921650225912,0.12723349068595569,-0.4496244465668856,-0.727950513853592,-0.4851653015494419,0,-1.5355067712839638,0
5,0,1,-0.9831152815415221,-0.6672470462139132,0.8933237015798199,0.25557622694834575,-0.5340125155072104,-0.5407727601881803,-0.9366800822850258,-0.5774785437153291,0,-2.588943901695746,0
0,0,1,-1.1612724269353583,-1.0100800334207987,0.19261651149360004,0.33677791735015966,-0.7031684705798807,-0.6091339954041514,-1.167381184235558,-0.7928761087690659,0,-3.2725597589886557,0
1,0,1,1.297296179499582,2.07541685144117,-0.15773708354950988,0.9631909575927242,1.3574586184871948,-0.9737272498893302,0.48048382969681414,1.2380152188804527,0,2.1022304171751314,0
3,1,0,0.9766133177906767,0.6598483881353208,0.19261651149360004,0.6789850411863755,-0.9645913102376441,1.3049805906430376,0.5244268967350108,0.3764249586655055,0,1.2412411358059097,0
2,0,0,-0.6624324198326168,-0.9769026475620677,-0.15773708354950988,-1.5134605996626005,-1.1029916371152835,-0.016669956865735743,-0.8597797149681817,-0.7005628666031787,1,-2.6800041755523796,1
0,1,0,-1.2325352850928928,-1.175966962714453,1.24367729662293,-0.7942456275322486,-1.1337472653103144,-0.6774952306201224,-1.2113242512737543,-0.9775025931008403,1,-4.000069340305032,1
4,1,0,-0.9474838524627548,-0.8663113613662983,-1.2087978686788396,-0.347636330322272,-0.7646797269699428,-1.0648755635106248,-0.804850881170436,-0.8544182702129908,0,-3.4888244418639944,0
1,0,0,-1.1612724269353583,-1.0211391620403756,0.8933237015798199,1.1835955458262193,-1.0261025666277062,-0.563559838593504,-1.112452350437812,-1.2236712388765396,0,-3.9257859945355618,0
1,0,0,0.869719030554375,0.09583282853689633,-0.15773708354950988,-0.3418362095792853,1.3574586184871948,-0.10781827048703045,0.7990710657237394,0.037943070723919024,1,2.086654484447823,1
4,1,1,0.5846675979242371,0.3612519154067431,-0.15773708354950988,-1.327856735887026,-0.8569466115550357,-0.8142177010520645,0.06302469283394657,-0.1774544943298178,1,-1.7855941141029714,1
5,0,0,0.26398473621533175,-0.15852712971337352,-0.8584442736357297,-1.3394569773729992,0.4655454008312965,-0.5179856817828566,-0.3324629105098227,-0.6082496244372915,1,-0.9931528158986743,1
0,1,0,-1.6244810049593326,-1.4745634354430304,-1.5591514637219497,0.2961770721492527,-1.0414803807252215,-1.1332367987265959,-1.474982653502934,-1.469839884652239,0,-5.11953971760699,0
0,0,1,1.5467161830509528,1.7215247356147079,-0.15773708354950988,-0.7130439371304347,1.5266145735598653,-0.9281530930786829,1.3593451704607458,0.3764249586655055,1,2.334231609607434,1
4,1,0,-1.2325352850928928,-0.9879617761816447,1.24367729662293,-0.26643463992045807,-0.6570350282873343,-0.9509401714840066,-1.0575235166400663,-1.1929001581545773,0,-3.8583988745659843,0
0,0,1,1.5110847539721854,1.0911544042988217,0.54297010653671,-1.3800578225739062,1.142169221121978,2.5354828245305163,1.886661974919105,1.8534368333197009,1,7.4177508538913,1
5,0,0,-0.4842752744387805,-0.12534974385464265,-1.5591514637219497,-0.7594449030743283,-0.5647681437022414,-0.9965143282946539,-0.7828793476513377,-0.6697917858812164,0,-3.0139536055294496,0
3,1,0,-1.4819552886442635,-1.4635043068234534,0.19261651149360004,-0.307035485121365,-0.7800575410674583,-1.0420884851053012,-1.332167685628795,-1.408297723208314,1,-4.5626114350098685,1
4,1,0,-1.6244810049593326,-1.5298590785409152,-0.8584442736357297,1.2125961495411528,-1.118369451212799,-1.0648755635106248,-1.562868787579327,-1.3775266424863517,0,-5.123640444789102,0
1,0,1,0.9766133177906767,0.11795108577605022,-1.5591514637219497,-1.5366610826345473,-0.395612188629571,0.6669423952939746,1.4911743715753356,0.4379671201094303,1,2.2004716983491694,1
5,1,1,0.0858275908214955,-0.15852712971337352,1.24367729662293,0.6267839544994951,0.019588792003347264,-0.9281530930786829,0.4475265294181667,0.28411171649961825,0,-0.17692605515755067,0
0,0,0,-1.695743863116867,-1.596213850258377,0.8933237015798199,1.0385925272515515,-1.118369451212799,-1.1332367987265959,-1.551883020819778,-1.408297723208314,0,-5.211786993967487,0
0,0,1,-0.02106669641480624,0.5271388447003973,-0.8584442736357297,0.8587887842189635,0.12723349068595569,0.8036648657259167,-0.42034904458621586,-0.6082496244372915,0,-0.09770031261163492,0
0,0,0,1.012244746869444,1.489283034603592,1.24367729662293,-0.3418362095792853,-1.087613823017768,-0.24454074091897252,0.7880852989641902,0.5302803622753175,1,-0.013788902697232985,1
4,0,0,0.0858275908214955,0.07371457129774242,-1.5591514637219497,-0.4230378999810992,-0.5647681437022414,0.05169127835023529,0.5024553632159124,-0.33130989793962984,1,-0.34193140007572354,1
0,1,1,0.15709044897903002,0.018418928199857684,-1.2087978686788396,1.5026021866904882,-0.44174563092211744,1.0315356497791535,0.6892133981282479,-0.6390207051592539,0,0.6399827118260301,0
0,0,0,-1.26816671417166,-1.0543165478991063,1.24367729662293,0.02357139722887738,-0.8415687974575202,-0.5863469169988277,-1.178366950995107,-0.9775025931008403,0,-3.5837852585522953,0
5,0,0,0.5490361688454698,0.5492571019395512,1.24367729662293,-1.4612595129757202,-0.08805590667926116,-0.563559838593504,0.8100568324832885,0.6841357658851296,1,0.842576853095653,1
4,0,1,0.40651045253040075,0.11795108577605022,1.5940308916660397,0.7775870938171495,0.20412256117353314,-0.22175366251364884,-0.05781874152109404,-0.1774544943298178,0,-0.25290433719102756,0
3,0,0,0.442141881609168,0.2064241147326658,0.8933237015798199,-1.2292546832562519,0.6500791700014824,-0.6547081522147987,0.10696775987214316,-0.5467074629933667,1,-0.4443686853345399,1
0,0,1,-0.4486438453600132,-0.7778383324096827,1.5940308916660397,1.3401988058868604,-0.14956716306932313,-0.7458564658360934,-0.8158366479299851,-0.9159604316569155,0,-2.627220708492317,0
5,1,0,-1.6244810049593326,-1.5077408213017613,-0.8584442736357297,-0.9682492498218499,-1.1645028935053454,-0.9737272498893302,-1.4530111199838356,-1.3159844810424268,1,-4.907225744420938,1
2,0,1,-0.02106669641480624,0.08477369991731938,0.8933237015798199,0.5745828678126147,0.20412256117353314,0.21120082718750102,0.3266830950631261,0.6841357658851296,0,1.4261422493092897,0
0,1,0,-0.1992238418086425,0.21748324335224276,-0.5080906785926198,-1.722264946410122,-0.011166836191683719,0.7353036305099456,0.24978272774628207,-0.23899665577374263,1,0.7349228662908014,1
4,1,0,-1.4463238595654964,-1.2533808630514915,-1.5591514637219497,0.06417224242978434,-0.8877022397500667,-0.7230693874307698,-1.3870965194265408,-1.3467555617643892,0,-4.344623708371767,0
2,0,0,-1.1969038560141254,-1.2644399916710685,1.5940308916660397,-0.24323415694851125,-0.5186347014096949,-0.8142177010520645,-1.112452350437812,-0.7621050280471036,0,-3.2074097809466746,0
4,0,1,-1.3750610014079618,-1.142789576855722,-1.5591514637219497,0.8819892671909103,-0.7185462846773962,-0.9281530930786829,-1.332167685628795,-1.3467555617643892,0,-4.325622625149263,0
5,1,1,1.2260333213420476,1.1796274332554373,0.54297010653671,1.0791933724524585,0.9883910801468232,1.3733418258590087,1.8976477416786541,1.945750075485588,0,6.205130723170074,0
0,0,0,1.2616647504208147,1.5335195490818998,1.24367729662293,-0.6898434541584878,2.110971509265454,-0.5407727601881803,1.3813167039798442,0.13025631288980624,1,3.081771765946924,1
2,0,0,-1.6601124340380997,-1.5298590785409152,0.8933237015798199,-0.5390403148408334,-1.118369451212799,-1.0876626419159485,-1.4969541870220322,-1.4390688039302764,1,-5.142055084081056,1
4,0,0,1.297296179499582,0.5160797160808204,0.54297010653671,0.6673847997004021,0.9268798237567613,1.920231707586777,1.8537046746404575,1.0841598152706409,0,5.784976021254637,0
0,1,0,-1.1612724269353583,-1.0432574192795294,1.5940308916660397,-1.2060542002843049,-0.5647681437022414,-0.5863469169988277,-1.2772388518310493,-1.10058691598869,1,-3.5289408285208084,1
0,0,1,-0.127960983651108,0.28383801506970446,0.8933237015798199,1.665005567494116,-0.9492134961401286,-0.016669956865735743,-0.2116194761547821,0.5302803622753175,0,-0.647222566885329,0
0,1,0,0.7984561723968405,0.7151440312332055,-1.5591514637219497,-0.7014436956444613,1.6035036440474426,1.6695738451282165,0.08499622635304487,0.7764490080510168,1,4.134522723579721,0
2,0,0,1.1904018922632802,1.8763525362887852,1.5940308916660397,-1.5772619278354543,1.3574586184871948,-0.08503119208170677,0.48048382969681414,0.9303044116608288,1,2.6832156677631307,1
2,0,1,-0.09232955457234074,-0.2470001586699891,-0.5080906785926198,0.8123878182750698,0.2810116316611106,-0.9281530930786829,-0.4533063448648633,-0.39285205938355466,0,-1.4932998656659904,0
2,0,0,1.4754533248934183,2.108594237299901,-1.5591514637219497,-0.8348464727331556,0.7269682404890598,1.4417030610749797,1.1725871355484103,0.22256955505569345,0,3.563827992168143,0
1,1,0,0.40651045253040075,0.6598483881353208,-0.15773708354950988,-0.7710451445603018,1.2498139198045866,1.2594064338323903,0.91991450007878,0.09948523216784384,1,3.5286200858836003,1
0,0,1,-1.7313752921956342,-1.596213850258377,-0.15773708354950988,-0.07503065540189667,-1.1645028935053454,-1.1104497203212722,-1.6068118546175236,-1.5006109653742012,1,-5.382375433818343,1
0,1,1,-0.9118524233839875,-0.9326661330837599,0.8933237015798199,-0.17943282877565744,-0.4571234450196329,-0.3584761329455909,-0.9806231493232224,-1.1313579967106524,0,-2.9275807239990987,0
3,1,1,1.0478761759482114,1.02479963258136,0.54297010653671,-1.165453355083398,1.7880374132176284,0.09726543516088265,0.6013272640518548,2.0380633176514755,1,4.524693430081841,1
1,1,0,-0.16359241272987524,0.0073597995802807325,-1.2087978686788396,-0.04022993094397642,0.9730132660493077,-0.2673278193242962,-0.3764059775480193,-0.33130989793962984,0,-0.0020304287626375928,0
3,1,1,-0.05669812549357349,-0.269118415909143,-0.5080906785926198,-1.1074521476535308,-0.8415687974575202,-0.563559838593504,0.45851229617771583,-0.08514125216393059,1,-1.031757592037239,1
4,1,0,1.58234761212972,0.6819666453744746,1.24367729662293,-1.4322589092607867,2.3723943489232173,-0.6091339954041514,0.6892133981282479,1.8842079140416634,1,4.336681665688977,1
5,0,1,-0.1992238418086425,-0.3907688307244894,1.5940308916660397,-1.7048645841811618,-0.41099000272708647,-0.7002823090254461,-0.354434444028921,0.22256955505569345,1,-1.24313720072576,1
2,0,1,0.299616165294099,-0.10323148661548875,0.19261651149360004,-0.5854412807847271,0.2656338175635951,1.5100642962909507,0.5573841970136582,-0.1774544943298178,1,2.155627816538386,1
4,0,0,-0.30611812904494423,-0.05899497213718096,-0.8584442736357297,-1.6004624108074013,-0.1803227912643541,0.21120082718750102,-0.3764059775480193,-0.6082496244372915,1,-0.9537775660621639,1
2,1,1,-0.6268009907538495,-0.4239462165832203,-0.8584442736357297,0.2729765891773059,-0.36485656043454,0.2339879055928247,-0.25556254319297866,-0.1774544943298178,0,-0.5638856923645117,0
2,0,1,-0.05669812549357349,-0.28017754452871996,-1.5591514637219497,0.968991078335711,-0.9799691243351596,0.5530070032673562,-0.23359100967388038,-0.3620809786615922,0,-1.022634109403276,0
4,1,0,0.0858275908214955,-0.490300988300682,0.19261651149360004,1.2821975984569933,1.2190582916095556,1.1910451986164192,0.2717542612653803,-0.7313339473251411,0,1.950523804166214,0
4,1,0,0.7628247433180733,0.28383801506970446,-0.8584442736357297,-1.5192607204055872,0.37327851624620356,0.9859614929685061,1.3923024707393934,0.6841357658851296,1,3.4356782458392323,1
0,0,0,1.1904018922632802,1.013740503961783,-1.2087978686788396,1.0733932517094718,0.6808347981965134,1.1682581202110955,1.2604732696248035,1.0841598152706409,0,4.193726003303054,0
3,0,0,-0.4486438453600132,-0.36865057348533553,-1.2087978686788396,0.5455822640976812,-1.14912507940783,-1.0193014066999775,-0.7499220473726903,0.037943070723919024,0,-2.880405462756579,0
0,1,0,1.724873328444789,0.7925579315702441,1.5940308916660397,0.07577248391575776,3.2181741242865693,0.8948131793472114,0.9309002668383292,-0.023599090720005784,0,5.020288479752105,0
4,0,1,-0.7693267070689185,-0.7557200751705287,-0.15773708354950988,-1.6352631352653215,0.18874474707601765,-0.19896658410832516,-0.4642921116244125,-0.8851893509349531,1,-1.3597032995916731,1
3,1,1,0.3352475943728663,0.39442930126547393,1.24367729662293,1.0617930102234983,-0.7185462846773962,0.8036648657259167,0.5683699637732073,1.176473057436528,0,1.8299616022582557,0
2,1,0,-1.1969038560141254,-1.0874939337578373,1.5940308916660397,0.9341903538777907,-0.7646797269699428,-1.0193014066999775,-1.255267318311951,-1.1621290774326147,0,-4.201377529414486,0
4,0,1,0.0858275908214955,-0.34653231624618164,-0.15773708354950988,-1.5714618070924675,1.20368047751204,0.9859614929685061,0.23879696098673292,0.3456538779435431,1,2.7740928094108224,1
5,1,1,0.869719030554375,-0.014758457658873165,0.54297010653671,0.3541782795791198,0.7115904263915444,0.18841374878217737,1.6230035726899255,-0.1774544943298178,0,2.3455532535338293,0
4,1,0,-1.6601124340380997,-1.574095593019223,1.24367729662293,-1.5134605996626005,-1.0414803807252215,-1.0876626419159485,-1.5738545543388762,-1.469839884652239,1,-5.172837461632285,1
1,0,1,1.154770463184513,0.28383801506970446,-0.15773708354950988,0.4237797284949603,2.495416861703341,0.07447835675555897,1.4911743715753356,-0.23899665577374263,0,3.822072934260493,0
3,0,0,-0.1992238418086425,0.19536498611308886,1.24367729662293,0.8587887842189635,0.15798911888098668,0.5074328464567088,-0.0028899077233483085,0.4995092815533551,0,1.1620413391677022,0
3,0,0,-0.16359241272987524,-0.5677148886377206,-1.2087978686788396,0.5919832300415748,-0.10343372077677666,-0.7914306226467408,0.10696775987214316,-0.14668341360785542,0,-0.9345799971592298,0
4,1,0,-0.127960983651108,-0.5345375027789898,0.19261651149360004,0.6383841959854686,0.004210977905831773,0.6213682384833272,0.19485389394853633,0.4995092815533551,0,1.3199423918910504,0
0,0,1,-1.4819552886442635,-1.2865582489102223,-0.8584442736357297,-1.5598615656064942,-0.7800575410674583,-0.8142177010520645,-1.2772388518310493,-1.1929001581545773,1,-4.064414252105149,1
1,1,0,-0.9474838524627548,-0.8331339755075674,0.19261651149360004,-1.3220566151440392,-0.27258967584944704,-0.13060534889235412,-0.9366800822850258,-1.10058691598869,1,-2.4404620230155167,1
0,1,1,-0.413012416281246,-0.6119514031160284,-0.15773708354950988,1.0617930102234983,0.37327851624620356,-0.6547081522147987,-0.4642921116244125,-0.33130989793962984,0,-1.0770316455326374,0
0,0,0,1.154770463184513,1.7989386359517465,1.24367729662293,-0.24323415694851125,0.8961241955617302,-0.4724115249722093,1.1835729023079595,0.4071960393874679,0,2.0144816122849485,0
4,0,1,-0.127960983651108,-0.23594103005041214,-0.8584442736357297,-0.2780348814064315,-0.28796748994696253,0.7580907089152693,-0.354434444028921,-0.7928761087690659,0,-0.6771873338296801,0
4,1,0,-0.413012416281246,-0.501360116920259,1.5940308916660397,-0.32443584735032516,-0.5186347014096949,-0.4268373681615619,-0.4642921116244125,-0.023599090720005784,1,-1.4333632719156753,1
2,1,0,-1.6601124340380997,-1.563036464399646,-0.8584442736357297,-1.0146502157657435,-1.0261025666277062,-1.0648755635106248,-1.5738545543388762,-1.469839884652239,1,-5.134672569129446,1
2,1,1,-1.1969038560141254,-1.1096121909969912,1.24367729662293,-1.6178627730363613,-0.8415687974575202,-0.49519860337753296,-1.101466583678263,-1.0698158352667275,1,-3.5080498197800436,1
2,0,1,0.37087902345163354,0.04053718543901158,-0.5080906785926198,0.9167899916488306,0.21950037527104865,-0.22175366251364884,-0.20063370939523295,0.6841357658851296,0,0.4812487692472964,0
5,0,1,0.7984561723968405,0.4939614588416665,-0.15773708354950988,-1.3162564944010524,0.450167586733781,-0.0622441136763831,0.48048382969681414,1.7303525104318513,1,2.5987598131860636,1
3,1,1,-1.695743863116867,-1.6183321074975308,-0.8584442736357297,1.6012042393212622,-1.1029916371152835,-1.1104497203212722,-1.5408972540602288,-1.4390688039302764,0,-5.19340741542706,0
2,1,0,-0.27048669996617697,-0.07005410075675791,-0.15773708354950988,-0.03442981020098971,0.603945727708936,-0.9737272498893302,-0.12373334207838892,0.09948523216784384,0,-0.3940296320909394,0
3,1,0,0.6915618851605387,0.3612519154067431,1.24367729662293,1.3749995303447806,-0.7185462846773962,0.6669423952939746,0.03006739255529913,0.22256955505569345,0,0.20103305822757095,0
0,1,1,-0.05669812549357349,0.15112847163478108,-1.2087978686788396,0.00037091425693054283,0.5578122854163894,-0.631921073809475,-0.34344867726937184,0.4687382008313927,0,0.05118073516893523,0
4,0,0,0.40651045253040075,-0.30229580176787385,1.5940308916660397,-0.307035485121365,1.0345245224393695,1.3277676690483613,0.22781119422718377,0.9303044116608288,1,3.520407797375743,1
1,1,0,-0.3417495581237115,0.07371457129774242,0.19261651149360004,-0.9798494913078233,0.34252288805117254,0.5302199248620325,0.008095859036200838,0.22256955505569345,1,1.1034082270050993,1
0,1,1,0.7984561723968405,0.825735317428975,0.19261651149360004,1.4562012207465944,-0.6416572141898188,-0.3584761329455909,1.062729467952919,0.09948523216784384,0,0.16208135298535303,0
4,1,1,1.4754533248934183,1.433987391505707,0.19261651149360004,0.928390233134804,2.4185277912157637,1.0771098065898008,0.7880852989641902,2.4380873670369865,0,6.721810263806741,0
0,1,0,-1.5175867177230307,-1.4082086637255689,-1.5591514637219497,0.6731849204433888,-1.0414803807252215,-0.8597918578627118,-1.321181918869246,-1.408297723208314,0,-4.6307518806654935,0
4,1,0,-0.7693267070689185,-0.4350053452027972,-0.15773708354950988,0.8355883012470167,-0.13418934897180765,-0.22175366251364884,-0.8597797149681817,-1.0390447545447652,0,-2.254767480998403,0
3,1,0,1.0835076050269785,0.7151440312332055,-1.2087978686788396,0.8123878182750698,2.29550527843564,-0.2901148977296199,0.19485389394853633,1.5149549453781146,0,3.7151992200326704,0
0,0,0,1.5110847539721854,0.5713753591787052,0.54297010653671,0.9225901123918173,3.0028847269213523,1.5100642962909507,1.2494875028652543,1.8226657525977386,0,7.585102278675296,0
4,0,1,1.4754533248934183,1.5777560635602075,0.54297010653671,-0.48103910741096634,-0.395612188629571,-1.1332367987265959,2.0184911760336948,1.5764971068220393,1,2.066139295499567,1
3,1,1,-0.698063848911384,-0.9769026475620677,1.24367729662293,1.7114065334380097,-0.7954353551649738,-0.3584761329455909,-0.508235178662609,-0.23899665577374263,0,-1.9011433225469165,0
3,1,1,0.6915618851605387,0.02947805681943463,1.5940308916660397,-1.6526634974942815,1.9110599259977525,0.5985811600780035,0.1399250601507906,0.28411171649961825,1,2.9336778627261646,1
4,1,0,-0.413012416281246,-0.700424432072644,0.54297010653671,-0.4230378999810992,-0.44174563092211744,-0.016669956865735743,-0.024861441242446602,-0.5774785437153291,1,-1.060755572745629,1
3,0,0,0.15709044897903002,0.5160797160808204,0.54297010653671,1.467801462232568,-0.02654465028919921,-0.4496244465668856,0.04105315931484828,-0.5774785437153291,0,-1.0125944812565657,0
0,0,0,0.5490361688454698,-0.15852712971337352,1.5940308916660397,0.8529886634759768,-0.5955237718972723,-0.5863469169988277,0.9638575671169766,0.3148827972215807,0,0.09686967544245711,0
2,1,0,1.724873328444789,1.8210568931909004,0.8933237015798199,1.6940061712090495,-0.5032568873121794,2.854501922205048,1.7877900740831625,2.376545205593062,0,6.515580314569093,0
4,0,1,0.5490361688454698,0.593493616417859,-0.5080906785926198,1.4852018244615282,1.741903970925082,0.09726543516088265,-0.0028899077233483085,1.3610995417683025,0,3.197379040130919,0
3,0,0,1.2616647504208147,0.9363266036247444,-1.2087978686788396,-1.6004624108074013,0.9730132660493077,-0.2673278193242962,1.4692028380562374,-0.20822557505178022,1,1.9666627097294687,1
5,0,0,1.012244746869444,1.489283034603592,0.19261651149360004,1.2299965117701128,0.7115904263915444,2.1481024916400138,1.6339893394494744,2.0688343983734376,0,6.56251665585447,0
5,0,1,0.6202990270030043,0.825735317428975,-1.5591514637219497,1.1835955458262193,-0.6109015859947878,1.7151480019388639,0.33766886182267525,1.5149549453781146,0,2.9568702231448656,0
4,0,0,-1.553218146801798,-1.4745634354430304,-0.5080906785926198,1.589603997835289,-0.9030800538475822,-0.9053660146733592,-1.5189257205411306,-1.4390688039302764,0,-4.766440592992348,0
2,1,1,-0.4486438453600132,-0.5677148886377206,0.19261651149360004,-0.48683922815395303,-0.7800575410674583,-0.17617950570300148,-0.10176180855929062,0.037943070723919024,1,-1.0200557846058314,1
5,0,1,0.6559304560817715,0.35019278678716614,-1.2087978686788396,-1.1480529928544378,0.7884794968791218,1.851870472370806,0.8869571998001325,0.3456538779435431,1,3.8729610469936038,1
1,0,1,-0.4842752744387805,-0.30229580176787385,0.19261651149360004,-1.565661686349481,-0.6262794000923033,-0.9053660146733592,-0.5192209454221582,-0.6697917858812164,1,-2.720658146069037,1
1,0,0,1.012244746869444,0.9805631181030523,0.19261651149360004,1.549003152634382,2.0033268105828452,1.1454710418057719,1.7108897067663185,1.3610995417683025,0,6.220787100923238,0
4,0,1,1.3329276085783492,2.108594237299901,0.8933237015798199,1.4156003755456876,1.7265261568275665,1.3733418258590087,0.6123130308114039,1.7611235911538137,0,5.473304604651793,0
5,1,1,-0.6268009907538495,-0.8110157182684135,-0.5080906785926198,-1.681664101209215,-0.6877906564823653,-0.24454074091897252,-0.7499220473726903,-0.23899665577374263,1,-1.9212501005477707,1
4,1,0,0.26398473621533175,-0.10323148661548875,1.5940308916660397,-0.37663693403720555,0.41941195853875,-0.22175366251364884,0.6562560978496005,-0.4851653015494419,1,0.3687490923252598,1
1,0,1,0.8340876014756078,1.5888151921797844,0.8933237015798199,-1.6062625315503878,0.38865633034371905,-0.13060534889235412,1.5680747388921796,0.9610754923827912,1,2.7872012127263357,1
1,0,0,1.119139034105746,1.1575091760162834,-1.2087978686788396,0.49918129815378753,-0.8415687974575202,0.21120082718750102,0.23879696098673292,-0.1774544943298178,0,-0.5690255036131041,0
0,1,1,-0.6268009907538495,-0.6119514031160284,-0.5080906785926198,-0.7826453860462752,-0.2110784194593851,-0.9737272498893302,-0.5961213127390023,-0.9159604316569155,1,-2.6968874137446335,1
4,0,1,0.0858275908214955,-0.490300988300682,0.19261651149360004,-0.307035485121365,-0.9953469384326751,1.1910451986164192,-0.38739174430756845,0.22256955505569345,1,0.030876070931869143,1
1,1,0,0.22835330713656452,0.4386658157437818,0.19261651149360004,0.28457683066327927,0.2963894457586261,1.1910451986164192,0.1399250601507906,-0.14668341360785542,0,1.4806762909179805,0
2,1,0,1.4041904667358838,1.7547021214734386,0.54297010653671,0.4063793662660002,2.126349323362969,0.09726543516088265,1.754832773804515,2.4380873670369865,0,6.416534899365353,0
3,0,0,0.299616165294099,-0.08111322937633486,-0.15773708354950988,-1.1132522683965176,-0.7800575410674583,0.028904199944911613,0.8649856662810342,-0.39285205938355466,1,-0.27901973422506704,1
2,1,0,0.12145901990026277,-0.3575914448657586,-0.8584442736357297,-1.722264946410122,1.1575470352194936,0.9631744145631824,0.03006739255529913,0.5918225237192424,1,2.7426113660572176,1
0,0,0,1.6892418993660219,2.1749490090173627,0.54297010653671,-0.5970415222707005,-0.6877906564823653,-0.631921073809475,0.9528718003574275,1.4226417032122274,1,1.0558017732778147,1
4,0,1,1.6892418993660219,2.097535108680324,0.54297010653671,0.8123878182750698,-0.14956716306932313,2.7177794517731058,1.3154021034225494,0.037943070723919024,0,3.921557462850251,0
4,1,1,-0.4486438453600132,-0.7667792037901057,-1.2087978686788396,-1.6874642219522018,0.5270566572213584,-0.24454074091897252,-0.5411924789412564,-0.5159363822714043,1,-0.7746129449102748,1
0,1,0,1.58234761212972,1.02479963258136,0.54297010653671,0.9805913198216843,1.0652801506344005,-0.5863469169988277,1.7218754735258677,2.8381114164224983,0,5.038920123583939,0
3,0,1,-0.9118524233839875,-0.8884296186054521,-0.8584442736357297,-1.043650819480677,-0.5647681437022414,-0.38126321135091457,-0.7059789803344937,-0.6082496244372915,1,-2.260259959824941,1
1,0,0,-1.125640997856591,-1.0100800334207987,1.5940308916660397,-0.347636330322272,-0.9799691243351596,-0.8142177010520645,-1.1893527177546561,-1.1313579967106524,1,-4.1148975398525325,1
5,0,1,-0.23485527088740973,-0.501360116920259,1.5940308916660397,1.1951957873121926,0.34252288805117254,-0.3129019761349435,-0.4752778783839616,-0.7621050280471036,0,-1.2077619945148361,0
4,0,1,-1.3037981432504273,-1.352913020627684,-0.8584442736357297,0.7137857656442957,-0.5647681437022414,-1.1332367987265959,-1.1454096507164595,-1.0390447545447652,0,-3.8824593476900615,0
5,1,1,-0.6624324198326168,-0.36865057348533553,0.8933237015798199,-0.20263331174760427,0.09647786249092472,-0.5179856817828566,-0.651050146536748,-0.9775025931008403,0,-2.05006055892952,0
1,0,1,-0.698063848911384,-0.6561879175943363,0.8933237015798199,-1.3104563736580657,-0.7800575410674583,-0.3356890545402672,-0.88175124848728,-0.4543942208274795,1,-2.451892064922485,1
4,0,0,-0.1992238418086425,-0.5787740172572976,-0.15773708354950988,-0.52744007335486,0.5578122854163894,-0.4268373681615619,-0.32147714375027353,-0.7005628666031787,1,-0.8910650930986248,1
3,1,1,1.5110847539721854,0.9252674750051675,0.8933237015798199,0.7427863693592293,-0.6109015859947878,1.1226839634004482,1.3373736369416476,1.484183864656152,0,3.33333987900346,0
2,0,0,0.6559304560817715,0.3391336581675892,1.5940308916660397,-1.182853717312358,1.2498139198045866,-0.1533924272976778,0.8539998995214851,0.13025631288980624,1,2.0806777049182,1
0,1,1,-0.413012416281246,-0.7225426893117979,-1.5591514637219497,0.38897900403704005,-0.48787907321466395,0.37071037602476675,-0.17866217587613464,-0.9159604316569155,0,-1.2117913047229474,0
5,1,0,-0.6624324198326168,-0.8552522327467212,0.19261651149360004,-0.09823113837384351,0.2963894457586261,0.12005251356620632,-0.4972494119030599,-0.42362314010551705,0,-0.5044305926837445,0
1,1,1,0.19272187805779725,0.6598483881353208,-0.15773708354950988,-0.8174461105041955,0.34252288805117254,-0.8142177010520645,-0.13471910883793806,0.9610754923827912,1,0.3546615705439612,1
4,1,1,-0.4842752744387805,-0.3575914448657586,1.24367729662293,0.20337514026146536,-0.2110784194593851,0.32513621921411945,-0.431334811345765,-0.08514125216393059,0,-0.40241826375496126,0
3,1,0,1.1904018922632802,1.3344552339295146,0.19261651149360004,0.02357139722887738,2.1417271374604847,0.8720261009418877,0.9418860335978783,-0.08514125216393059,0,3.8704980198363197,0
0,1,1,-0.30611812904494423,-0.689365303453067,0.54297010653671,1.1371945798823255,-0.6877906564823653,-0.7686435442414171,-0.20063370939523295,-0.05437017144196819,0,-1.7114380815609835,0
4,0,0,-0.4486438453600132,-0.7336018179313748,-0.15773708354950988,-1.0668513024526238,-0.19570060536186962,-0.03945703527105942,-0.024861441242446602,-0.269767736495705,1,-0.5297868183710807,1
3,0,0,-0.6624324198326168,-0.7667792037901057,-0.5080906785926198,-1.6758639804662283,-0.395612188629571,0.14283959197153,-0.4862636451435107,-1.0390447545447652,1,-1.7780809963463169,1
1,0,0,1.6536104702872545,2.07541685144117,-0.15773708354950988,1.3517990473728339,2.6338171885809807,2.55826990293584,1.447231304537139,0.4995092815533551,0,7.138827677607315,0
1,1,1,-0.27048669996617697,-0.6340696603551823,-0.8584442736357297,-0.33023596809331185,-0.011166836191683719,0.05169127835023529,-0.03584720800199575,-0.23899665577374263,1,-0.2343194216171868,1
5,0,1,1.0835076050269785,0.5713753591787052,1.24367729662293,0.8761891464479236,-0.9030800538475822,0.6669423952939746,1.8207473743618101,0.7456779273290544,0,2.3302876431372566,0
5,1,1,1.5467161830509528,0.8920900891464366,0.54297010653671,1.6534053260081427,1.4497255030722878,-0.8597918578627118,2.172291910667383,-0.08514125216393059,0,2.677084303713028,0
4,1,1,1.0835076050269785,0.4718432016025126,-0.8584442736357297,-1.4728597544616935,0.050344420198378245,0.9859614929685061,1.5570889721326304,-0.14668341360785542,1,2.446711471691659,1
4,0,0,0.5134047397667025,-0.07005410075675791,-1.2087978686788396,-0.06923053465890996,0.4347897726362655,1.0315356497791535,0.8430141327619359,0.4379671201094303,0,2.747306675286785,0
2,0,0,1.5467161830509528,0.8810309605268597,-1.2087978686788396,-0.6492426089575809,1.9418155541927835,-0.3356890545402672,1.4801886048157864,1.8226657525977386,1,4.908980857066041,1
1,1,1,-0.8762209943052203,-0.9437252617033369,1.5940308916660397,0.9573908368497376,-0.8261909833600047,-1.0876626419159485,-1.090480816918714,-1.1313579967106524,0,-4.13569243890532,0
3,1,1,1.0478761759482114,1.1575091760162834,-0.8584442736357297,-1.525060841148574,0.20412256117353314,-1.0193014066999775,0.41456922913951927,1.484183864656152,1,1.083574248269227,1
1,0,0,-0.127960983651108,-0.6451287889747592,-0.5080906785926198,-0.4926393488969397,-0.9953469384326751,-0.0622441136763831,-0.05781874152109404,0.22256955505569345,1,-0.8928402385744587,1
2,0,1,0.9053504596331423,0.7925579315702441,0.19261651149360004,-0.2606345191774714,-0.8261909833600047,2.0113800212080717,0.2827400280249295,0.6533646851631671,0,2.1212937510361636,0
1,0,1,0.6202990270030043,1.3344552339295146,-1.5591514637219497,0.5919832300415748,-0.44174563092211744,-0.5863469169988277,1.3154021034225494,0.4071960393874679,0,0.6945055948890722,0
2,1,1,0.5490361688454698,0.2064241147326658,-1.5591514637219497,-0.8290463519901689,-1.1337472653103144,-0.7230693874307698,0.8979429665596818,0.5302803622753175,1,-0.42859332390608484,1
2,0,0,1.119139034105746,1.3344552339295146,-0.15773708354950988,-1.0146502157657435,0.603945727708936,-0.016669956865735743,1.5570889721326304,-0.14668341360785542,1,1.9976813293679752,1
1,0,1,-0.23485527088740973,-0.31335493038745077,-0.8584442736357297,-0.09823113837384351,-0.7800575410674583,0.6669423952939746,0.22781119422718377,0.4995092815533551,0,0.6142053300070551,0
1,1,0,1.154770463184513,1.5556378063210536,-0.8584442736357297,1.607004360064249,0.9576354519517922,1.1226839634004482,1.7987758408427117,1.3918706224902648,0,5.2709658786852165,0
0,0,0,1.4754533248934183,2.362954195550171,0.54297010653671,-0.45203850369603277,0.4655454008312965,0.07447835675555897,0.7990710657237394,2.5304006092028737,1,3.8694954325134683,1
5,1,1,-0.840589565226453,-0.711483560692221,1.5940308916660397,0.5049814188967743,-0.7493019128724273,-0.8597918578627118,-0.6730216800558463,-1.1313579967106524,0,-3.413473447501638,0
0,0,0,0.37087902345163354,0.9363266036247444,1.5940308916660397,1.4852018244615282,-0.6416572141898188,0.05169127835023529,0.2827400280249295,0.4379671201094303,0,0.1307412122947763,0
4,1,1,1.4398218958146511,1.9758846938649777,-0.5080906785926198,-0.33023596809331185,1.265191733902102,2.1481024916400138,0.48048382969681414,1.9149789947636258,1,5.808757050002556,1
5,1,1,0.9053504596331423,0.02947805681943463,0.54297010653671,-0.1388319835747505,-0.7954353551649738,-0.49519860337753296,1.0297721676742715,-0.08514125216393059,0,-0.34600304303216595,0
2,1,0,0.7628247433180733,0.2064241147326658,-0.15773708354950988,1.4852018244615282,1.6342592722424736,1.7607221587495112,0.07401045959349571,0.3148827972215807,0,3.783874687807061,0
0,0,1,-0.8762209943052203,-0.7667792037901057,-0.5080906785926198,0.7079856449013091,-0.6109015859947878,-0.17617950570300148,-0.88175124848728,-0.5467074629933667,0,-2.215539803178436,0
4,0,1,0.5134047397667025,0.5603162305591282,0.19261651149360004,0.30777731363522615,1.7111483427300511,-0.8142177010520645,0.9528718003574275,0.4379671201094303,0,2.2877695621448444,0
5,0,0,1.3685590376571166,2.2523629093544013,0.8933237015798199,-0.6956435749014745,1.495858945364834,1.4417030610749797,1.1066725349911155,-0.023599090720005784,1,4.020635450710924,1
2,0,1,0.12145901990026277,-0.09217235799591181,0.54297010653671,-0.7130439371304347,0.41941195853875,-0.9737272498893302,-0.44232057810531417,0.16102739361176865,1,-0.8356084758441257,1
0,0,0,-1.695743863116867,-1.6183321074975308,-1.5591514637219497,1.6534053260081427,-1.118369451212799,-1.0420884851053012,-1.5848403210984254,-1.469839884652239,0,-5.215138142068765,0
0,1,0,1.1904018922632802,0.4939614588416665,1.24367729662293,-0.4056375377521391,1.4651033171698031,-0.3129019761349435,0.996814867395624,2.253460882705212,1,4.402477091135696,1
3,0,0,1.154770463184513,0.2285423719718197,-0.5080906785926198,1.566403514863342,-0.42636781682460195,0.8720261009418877,0.3486546285822244,1.545726026100077,0,2.3400389387995872,0
4,1,0,-1.1969038560141254,-1.0543165478991063,-0.5080906785926198,-1.1886538380553449,-0.7339240987749118,-0.9509401714840066,-1.2772388518310493,-0.7928761087690659,1,-3.7549792308590337,1
2,1,0,-1.26816671417166,-1.2091443485731836,0.8933237015798199,0.9921915613076578,-0.7646797269699428,-0.9509401714840066,-1.035551983120968,-1.1929001581545773,0,-3.9440720397294946,0
1,1,1,-1.7313752921956342,-1.6183321074975308,-1.5591514637219497,-0.12143162134579034,-1.0722360089202525,-1.1104497203212722,-1.6068118546175236,-1.5006109653742012,0,-5.290108549233249,0
1,0,1,-1.4463238595654964,-1.2644399916710685,0.54297010653671,1.148794821368299,-0.8415687974575202,-1.0876626419159485,-1.244281551552402,-1.10058691598869,0,-4.274099906914561,0
3,1,1,1.3329276085783492,1.1022135329183986,-0.5080906785926198,-0.7362444201023816,1.495858945364834,-0.9965143282946539,1.0187864009147223,2.2842319634271746,1,3.802362981412077,1
0,0,1,-1.4463238595654964,-1.319735634768953,-0.5080906785926198,-1.7164648256671353,-1.0722360089202525,-0.9965143282946539,-1.255267318311951,-1.3159844810424268,1,-4.640002136569284,1
0,1,1,1.2616647504208147,0.8699718319072828,0.54297010653671,0.45278033220989383,1.741903970925082,2.6038440597464874,0.8539998995214851,2.161147640539325,0,7.36089557073238,0
5,0,1,-0.9474838524627548,-0.689365303453067,-1.5591514637219497,0.8413884219900034,-0.8877022397500667,-0.6774952306201224,-0.651050146536748,-0.8851893509349531,0,-3.1014369678418903,0
1,0,0,-0.9474838524627548,-0.689365303453067,-0.5080906785926198,1.3633992888588071,-0.7800575410674583,-0.8597918578627118,-1.0575235166400663,-1.1929001581545773,0,-3.8902730737248135,0
5,1,1,0.3352475943728663,-0.33547318762660466,1.5940308916660397,1.4388008585176344,0.9883910801468232,-0.03945703527105942,0.31569732830357694,-0.42362314010551705,0,0.8410082330738238,0
5,1,0,0.9053504596331423,0.12901021439562718,1.24367729662293,1.5780037563493154,-0.36485656043454,-0.7002823090254461,0.6123130308114039,0.007171990001956621,0,-0.44565384864662566,0
3,1,0,1.0478761759482114,0.5492571019395512,-0.15773708354950988,0.04677188020082421,0.3579007021486881,2.3987603540985742,1.2055444358270577,0.06871415144588143,0,4.0309196435202015,0
0,0,1,0.12145901990026277,0.48290233022208956,0.8933237015798199,0.9167899916488306,-0.7493019128724273,-0.5179856817828566,0.3486546285822244,0.3148827972215807,0,-0.6037501688514788,0
0,1,1,-1.3037981432504273,-1.2644399916710685,-1.2087978686788396,1.3982000133167274,-0.6877906564823653,-0.9053660146733592,-1.1563954174760087,-1.2236712388765396,0,-3.973223327508273,0
0,1,1,-1.5175867177230307,-1.3860904064864148,-1.5591514637219497,0.1047730876306913,-1.1029916371152835,-0.8597918578627118,-1.4420253532242866,-1.3775266424863517,0,-4.7823354906886335,0
4,0,1,-1.695743863116867,-1.551977335780069,-1.2087978686788396,-0.8290463519901689,-1.0414803807252215,-1.1104497203212722,-1.5408972540602288,-1.408297723208314,0,-5.101125078315037,0
0,0,0,-0.3417495581237115,-0.08111322937633486,-1.2087978686788396,1.4156003755456876,-0.7339240987749118,0.2339879055928247,-0.574149779219904,-0.23899665577374263,0,-1.3130826281757337,0
2,1,0,-1.26816671417166,-1.2533808630514915,-1.2087978686788396,1.0211921650225912,-0.7185462846773962,-1.1332367987265959,-1.0794950501591647,-1.10058691598869,0,-4.031865049551847,0
1,1,0,-0.16359241272987524,-0.1364088724742196,-0.5080906785926198,-0.4636387451820062,0.8961241955617302,0.32513621921411945,-0.585135545979453,-0.8544182702129908,1,-0.21829340141659415,1
1,0,1,-0.6268009907538495,-0.8441931041271443,0.19261651149360004,0.2787767099202926,-0.16494497716683862,-0.7458564658360934,-0.7059789803344937,-1.0390447545447652,0,-2.655825177882191,0
4,1,1,1.012244746869444,1.7989386359517465,-0.15773708354950988,0.31357743437821284,1.3882142466822258,2.330399118882603,1.1286440685102137,0.007171990001956621,0,4.854429424076999,0
0,1,0,1.0835076050269785,1.257041333592476,1.5940308916660397,-1.4960602374336405,-0.25721186175193156,0.14283959197153,0.9418860335978783,0.25334063577765586,1,1.0808543995951325,1
5,1,0,-1.4819552886442635,-1.363972149247261,0.8933237015798199,1.206796028798166,-0.8261909833600047,-0.9281530930786829,-1.321181918869246,-1.2852134003204645,0,-4.360739395628398,0
1,0,1,-0.05669812549357349,0.0073597995802807325,-0.15773708354950988,-0.9914497327937967,-0.27258967584944704,0.5302199248620325,-0.07979027504019233,-0.5159363822714043,1,-0.3380964082990111,1
3,0,1,0.37087902345163354,0.32807452954801225,0.54297010653671,-0.3592365718082454,0.6654569840989979,-0.17617950570300148,0.1179535266316923,0.7764490080510168,1,1.3836800130787057,1
3,1,0,-0.1992238418086425,0.14006934301520413,-0.8584442736357297,-0.388237175523179,-0.8723244256525512,0.14283959197153,-0.32147714375027353,-0.33130989793962984,1,-1.3822718753709244,1
2,0,1,-0.7693267070689185,-0.8663113613662983,-0.5080906785926198,-1.1944539587983316,0.03496660610086275,-0.5407727601881803,-0.8158366479299851,-0.30053881721766745,1,-1.62218161923497,1
1,1,0,1.012244746869444,1.5666969349406306,-1.5591514637219497,0.9921915613076578,1.5573702017548963,1.783509237154835,0.5793557305327565,-0.30053881721766745,0,3.6196963522248202,0
5,0,1,-0.3417495581237115,-0.5566557600181437,-1.2087978686788396,1.1139940969103788,-0.4725012591171484,0.2567749839981484,-0.7169647470940428,-0.023599090720005784,0,-0.9562901129330486,0
5,1,1,0.9409818887119096,0.04053718543901158,-0.5080906785926198,-1.1190523891395043,-0.14956716306932313,0.9403873361578587,1.2275159693461561,-0.115912332885893,1,1.9024238095487986,1
0,1,0,0.19272187805779725,0.46078407298293567,1.24367729662293,-0.32443584735032516,-0.16494497716683862,-0.49519860337753296,0.5244268967350108,0.4379671201094303,1,0.3022504363000694,1
5,0,0,1.4041904667358838,0.31701540092843533,1.24367729662293,-0.52744007335486,2.6338171885809807,0.05169127835023529,0.5354126634945598,0.3456538779435431,1,3.566575008369319,1
4,1,1,0.47777331068793527,0.3612519154067431,0.8933237015798199,-1.623662893779348,1.5727480158524116,-0.3129019761349435,-0.13471910883793806,1.022617653826716,1,2.147744584706246,1
4,0,0,0.6559304560817715,-0.047935843517604014,-1.5591514637219497,-0.6028416430136873,0.6962126122940289,0.46185868964606147,0.04105315931484828,-0.30053881721766745,1,0.898585644037271,1
3,1,0,1.4398218958146511,1.3565734911686684,1.24367729662293,0.3019771928922394,0.15798911888098668,0.5302199248620325,1.8207473743618101,0.5610514429972799,0,3.070007861102109,0
2,0,1,-1.410692430486729,-1.2644399916710685,-1.5591514637219497,1.1951957873121926,-0.7339240987749118,-0.9509401714840066,-1.3431534523883442,-1.3775266424863517,0,-4.405544365133615,0
4,1,0,-1.1969038560141254,-1.175966962714453,0.19261651149360004,1.2821975984569933,-0.6570350282873343,-0.7002823090254461,-1.1234381171973613,-1.0698158352667275,0,-3.5505712897768693,0
5,0,1,1.4754533248934183,1.5114012918427457,1.5940308916660397,0.1047730876306913,1.0499023365368851,1.3277676690483613,2.062434243071891,1.7303525104318513,0,6.170456759088989,0
2,1,1,1.154770463184513,0.604552745037436,0.19261651149360004,0.748586490102216,2.29550527843564,0.9176002577525351,1.7877900740831625,1.0533887345486783,0,6.054284344820015,0
5,1,1,-0.02106669641480624,-0.501360116920259,-0.8584442736357297,1.3865997718307541,0.7884794968791218,0.8264519441312403,0.5134411299754615,-0.4543942208274795,0,1.673978350158344,0
3,0,0,-1.0187467106202892,-0.9658435189424908,-1.5591514637219497,-1.6352631352653215,-0.9338356820426131,-0.6547081522147987,-1.1893527177546561,-1.0698158352667275,1,-3.8477123872787957,1
2,0,0,-0.1992238418086425,-0.6119514031160284,0.8933237015798199,-1.1364527513684644,-0.8723244256525512,0.2339879055928247,0.2058396607080855,-0.7005628666031787,1,-1.1330597259548196,1
5,1,1,-0.3417495581237115,-0.6783061748334901,-0.8584442736357297,-0.10983137985981693,-0.13418934897180765,-0.7914306226467408,-0.42034904458621586,-0.4851653015494419,0,-1.8311343177542063,0
1,1,0,-0.8049581361476857,-0.921607004464183,1.24367729662293,-0.022829568715016294,0.06572223429589373,-1.0420884851053012,-0.8597797149681817,-1.0698158352667275,0,-2.9059618010443167,0
1,1,0,0.5490361688454698,0.615611873657013,-1.2087978686788396,-1.0726514231956106,0.8192351250741527,1.5784255315069218,0.2827400280249295,-0.33130989793962984,0,2.349090786666374,0
3,1,1,-0.6624324198326168,-0.8773704899858752,-0.8584442736357297,0.7427863693592293,-0.41099000272708647,-0.6774952306201224,-0.7828793476513377,-0.115912332885893,0,-1.9872769138844395,0
0,1,0,0.442141881609168,-0.2027636441916813,-1.5591514637219497,0.38317888329405336,0.20412256117353314,-0.22175366251364884,-0.10176180855929062,-0.023599090720005784,0,-0.1429920006194121,0
2,0,0,-0.127960983651108,0.28383801506970446,0.54297010653671,0.4353799699809337,-0.25721186175193156,0.5074328464567088,-0.22260524291433123,0.4687382008313927,0,0.49635394262183874,0
0,0,0,-0.3417495581237115,0.02947805681943463,0.8933237015798199,-1.7164648256671353,-0.6877906564823653,0.05169127835023529,0.1179535266316923,-0.5774785437153291,1,-1.0956243952157667,1
5,0,1,0.727193314239306,0.04053718543901158,-1.2087978686788396,-0.7304442993593948,0.019588792003347264,0.9176002577525351,0.7990710657237394,1.3610995417683025,1,3.0973596572479245,1
4,0,1,-0.05669812549357349,-0.5455966313985667,1.24367729662293,-1.3336568566300127,0.5270566572213584,-0.631921073809475,-0.15669064235703636,0.4995092815533551,1,0.23795422260820215,1
4,0,0,0.19272187805779725,0.5713753591787052,1.5940308916660397,-0.022829568715016294,-0.36485656043454,1.350554747453685,-0.2665483099525278,0.8995333309388663,0,1.6186832080054834,0
4,0,0,-0.5911695616750823,-0.7557200751705287,-1.5591514637219497,-0.19103307026163086,-0.27258967584944704,-0.7002823090254461,-0.5411924789412564,-0.7005628666031787,0,-2.2146273304193285,0
3,1,0,-0.1992238418086425,0.10689195715647327,0.8933237015798199,0.4121794870089869,0.4655454008312965,-0.3129019761349435,-0.2995056102311753,0.25334063577765586,0,0.10647845024283353,0
2,0,0,-1.695743863116867,-1.5851547216388,1.24367729662293,1.2705973569710198,-1.1029916371152835,-1.0648755635106248,-1.562868787579327,-1.408297723208314,0,-5.139033711413549,0
5,1,1,0.9053504596331423,0.8699718319072828,-0.15773708354950988,1.3285985644008869,-0.6724128423848498,0.5302199248620325,0.2717542612653803,0.7149068466070919,0,0.8444681903496549,0
5,0,0,-1.6244810049593326,-1.540918207160492,0.19261651149360004,-0.846446714219129,-0.9338356820426131,-1.0193014066999775,-1.551883020819778,-1.4390688039302764,1,-4.944088913492645,1
0,0,1,0.299616165294099,0.0073597995802807325,0.8933237015798199,-1.165453355083398,1.1883026634145246,-0.40405028975623825,-0.32147714375027353,0.4687382008313927,1,0.9315134307394055,1
0,0,0,0.727193314239306,0.615611873657013,-0.15773708354950988,1.067593130966485,0.31176725985614157,1.4644901394803034,1.4032882374989424,1.1149308959926032,0,4.29447653282799,0
2,1,1,1.2260333213420476,1.3012778480707838,-0.8584442736357297,-0.3592365718082454,2.126349323362969,2.6038440597464874,0.7001991648877971,-0.115912332885893,1,5.314480215111361,1
0,0,1,0.47777331068793527,0.19536498611308886,0.8933237015798199,0.9225901123918173,1.3420808043896792,0.48464576805138515,0.008095859036200838,-0.5774785437153291,0,1.257343887761936,0
2,0,0,0.727193314239306,0.6930257739940515,0.19261651149360004,0.5745828678126147,0.603945727708936,1.920231707586777,0.8210425992428376,-0.05437017144196819,0,3.290849863096583,0
5,1,0,-1.1612724269353583,-1.0764348051382602,0.54297010653671,-1.467059633718707,-0.5647681437022414,-0.8370047794573882,-1.1234381171973613,-1.0082736738228029,1,-3.5334847141797936,1
3,1,1,0.5490361688454698,1.1132726615379755,1.5940308916660397,-0.011229327229042876,0.8653685673666992,-0.3129019761349435,0.6123130308114039,1.1149308959926032,0,2.2797105180357624,0
4,0,1,1.3329276085783492,1.3233961053099377,-1.5591514637219497,-1.124852509882491,1.3574586184871948,0.2795620624034721,1.2055444358270577,0.25334063577765586,0,3.095905752495381,0
2,1,0,-0.09232955457234074,0.07371457129774242,1.5940308916660397,1.508402307433475,-0.8877022397500667,-0.38126321135091457,-0.1896479426356838,0.037943070723919024,0,-1.420670323012746,0
5,0,1,-0.23485527088740973,0.15112847163478108,-0.15773708354950988,1.1951957873121926,-0.6109015859947878,-0.13060534889235412,-0.431334811345765,-0.6697917858812164,0,-1.8426335321141234,0
0,1,0,-1.0900095687778237,-0.9105478758446061,-1.5591514637219497,-0.8812474386770492,-0.7339240987749118,-0.2673278193242962,-0.88175124848728,-1.0390447545447652,0,-2.922047921131253,0
2,0,0,0.6202990270030043,0.825735317428975,1.5940308916660397,-1.2002540795413181,-0.8261909833600047,-0.631921073809475,0.5683699637732073,0.9918465731047537,1,0.10210447970848124,1
5,1,1,0.5490361688454698,0.09583282853689633,0.19261651149360004,1.224196391027126,0.8653685673666992,0.006117121539587936,-0.046832974761544896,0.007171990001956621,0,0.831824704146699,0
2,0,0,-0.6268009907538495,-0.7999565896488365,1.5940308916660397,1.3285985644008869,-0.41099000272708647,-0.6547081522147987,-0.2116194761547821,-0.7313339473251411,0,-2.008651578421808,0
3,1,0,0.8340876014756078,0.9142083463855906,0.8933237015798199,0.5803829885556014,1.8187930414126594,-0.4496244465668856,0.6123130308114039,1.2072441381584904,0,3.1887257638156683,0
0,1,1,-0.1992238418086425,-0.30229580176787385,1.24367729662293,0.690585282672349,0.4347897726362655,-1.0876626419159485,-0.651050146536748,-0.5774785437153291,0,-1.8814015595317601,0
1,1,1,1.58234761212972,1.699406478375554,0.19261651149360004,-0.98564961205081,-0.31872311814199356,0.6897294736992983,1.7218754735258677,1.699581429709889,1,3.7924632587930613,1
1,0,0,-1.5175867177230307,-1.3418538920081071,-1.2087978686788396,-1.5192607204055872,-1.0107247525301906,-0.9053660146733592,-1.3761107526669916,-1.408297723208314,0,-4.7004992430788555,0
2,0,0,-0.37738098720247876,-0.23594103005041214,-1.2087978686788396,0.5513823848406679,-0.16494497716683862,0.4390716112407378,0.03006739255529913,-0.20822557505178022,0,0.09596845157741804,0
2,1,0,0.6915618851605387,1.1685683046358604,1.24367729662293,-1.3104563736580657,-0.6262794000923033,1.988592942802748,-0.024861441242446602,-0.14668341360785542,1,1.1907686878601427,1
3,0,0,-0.555538132596315,-0.7336018179313748,1.24367729662293,0.052572000943810926,-0.02654465028919921,-1.1332367987265959,-0.2665483099525278,-0.7621050280471036,0,-2.1884347870154266,0
3,0,1,1.6536104702872545,2.307658552452286,-0.8584442736357297,0.18017465728951854,-0.6109015859947878,0.12005251356620632,1.4692028380562374,0.7764490080510168,0,1.7548027736786729,0
0,1,0,-0.5911695616750823,-0.479241859681105,-0.8584442736357297,-0.9334485253639296,-0.33410093223950904,-0.8142177010520645,-0.38739174430756845,-0.946731512378878,1,-2.48244188997802,1
1,0,1,-0.16359241272987524,-0.1806453869525274,1.5940308916660397,1.3749995303447806,-0.28796748994696253,0.6213682384833272,-0.354434444028921,-0.7621050280471036,0,-0.7831387235396599,0
4,0,0,-0.4486438453600132,-0.5234783741594128,-0.15773708354950988,1.3517990473728339,0.004210977905831773,-0.563559838593504,-0.11274757531883978,-0.23899665577374263,0,-0.9110930917802547,0
4,1,1,-0.30611812904494423,-0.6119514031160284,1.5940308916660397,1.525802669662435,-0.011166836191683719,-0.9281530930786829,-0.6620359132962971,-0.4851653015494419,0,-2.0865211441161056,0
2,0,0,-0.9118524233839875,-0.711483560692221,-1.2087978686788396,0.4875810566678141,-1.14912507940783,-0.9965143282946539,-0.5961213127390023,-0.7313339473251411,0,-3.4730946677666275,0
0,1,1,0.6915618851605387,1.046917889820514,-0.8584442736357297,-0.3360360888362986,-0.16494497716683862,-0.5407727601881803,1.0297721676742715,-0.08514125216393059,1,0.23891317815532193,1
1,1,0,0.0858275908214955,-0.4018279593440664,-0.5080906785926198,0.8877893879338971,0.38865633034371905,-0.17617950570300148,-0.07979027504019233,-0.6082496244372915,0,-0.47556307483676624,0
0,1,0,0.47777331068793527,-0.10323148661548875,-1.5591514637219497,-0.5100397111258999,-0.9030800538475822,0.9631744145631824,0.8759714330405834,-0.4543942208274795,1,0.4816715729287042,1
3,1,0,-0.5911695616750823,-0.7778383324096827,0.19261651149360004,-1.2466550454852119,-0.2110784194593851,-0.22175366251364884,-0.4862636451435107,-0.30053881721766745,1,-1.219634544334212,1
4,1,0,0.5846675979242371,0.4054884298850509,-1.5591514637219497,0.8645889049619502,1.2498139198045866,0.6669423952939746,0.5244268967350108,1.1149308959926032,0,3.5561141078261747,0
1,1,1,-0.16359241272987524,-0.5566557600181437,-1.2087978686788396,0.1047730876306913,-0.8108131692624893,-1.1104497203212722,-0.24457677643342954,-0.20822557505178022,0,-2.374065241068971,0
4,0,1,-1.4819552886442635,-1.3971495351059917,-1.2087978686788396,-0.09823113837384351,-0.9492134961401286,-0.9509401714840066,-1.4639968867433848,-1.1929001581545773,0,-4.557050712522097,0
0,0,0,0.01456473266396101,0.5271388447003973,1.24367729662293,0.31937755512119953,-0.4725012591171484,-1.1332367987265959,0.2168254274676346,0.6533646851631671,0,-0.7355479452129425,0
0,1,1,0.6915618851605387,0.6377301308961668,1.5940308916660397,-1.2756556492001454,0.6654569840989979,1.3277676690483613,0.6562560978496005,0.3764249586655055,1,3.0259057096624655,1
3,0,1,-0.3417495581237115,-0.047935843517604014,-0.8584442736357297,0.4585804529528806,-0.13418934897180765,-0.2901148977296199,-0.508235178662609,0.19179847433373107,0,-0.7407409510303055,0
2,0,0,-0.16359241272987524,-0.03687671489802706,-0.8584442736357297,-1.101652026910544,0.8346129391716682,0.4162845328354141,0.10696775987214316,0.25334063577765586,1,1.6112058676568815,1
2,0,1,-0.5199067035175478,-0.4018279593440664,-0.5080906785926198,-0.057630293172936546,-0.9030800538475822,0.05169127835023529,-0.4642921116244125,-0.6082496244372915,0,-1.9239305115590508,0
5,0,0,0.299616165294099,-0.14746800109379654,0.54297010653671,-1.1770535965693714,0.7577238686840908,-0.9965143282946539,0.5793557305327565,-0.6082496244372915,1,-0.2676843535150981,1
2,0,0,-1.5888495758805652,-1.4413860495842996,0.8933237015798199,-1.0146502157657435,-1.0107247525301906,-1.0193014066999775,-1.409068052945639,-1.4390688039302764,1,-4.878163016106083,1
0,0,0,-0.05669812549357349,0.14006934301520413,-1.5591514637219497,-1.2582552869711854,-0.6416572141898188,-0.3356890545402672,-0.013875674482897454,0.25334063577765586,0,-0.7378813074353276,0
5,0,1,0.47777331068793527,0.9695039894834753,-0.8584442736357297,-1.124852509882491,1.111413592926947,1.6923609235335402,1.1286440685102137,-0.20822557505178022,1,3.7241930099189213,1
2,0,0,0.6915618851605387,0.5160797160808204,-0.15773708354950988,-0.2142335532335777,-0.5493903296047259,1.0087485713738298,0.8430141327619359,0.9303044116608288,0,2.2326767861918686,0
3,0,1,0.5846675979242371,-0.19170451557210436,0.54297010653671,1.0559928894805115,-0.395612188629571,-0.22175366251364884,1.1725871355484103,1.4226417032122274,0,1.9778629876174179,0
1,1,1,-1.5175867177230307,-1.4303269209647227,-1.2087978686788396,1.4620013414895812,-1.0107247525301906,-1.0876626419159485,-1.4200538197051882,-1.2236712388765396,0,-4.742112453027866,0
5,1,0,0.9053504596331423,1.4008100056469763,-1.5591514637219497,0.8877893879338971,1.6803927145350201,1.6467867667228928,0.19485389394853633,0.9303044116608288,0,4.452337786867278,0
5,0,1,-0.6624324198326168,-0.8331339755075674,-1.2087978686788396,-0.6434424882145942,-0.3802343745320555,-0.4724115249722093,-0.4972494119030599,-0.946731512378878,1,-2.2966268237862026,0
2,1,1,-0.05669812549357349,-0.14746800109379654,-1.5591514637219497,-0.08083077614488339,0.37327851624620356,-0.8142177010520645,-0.574149779219904,0.6225936044412047,0,-0.3924953595845603,0
3,1,0,0.7628247433180733,0.6266710022765899,0.8933237015798199,-0.2316339154625378,-0.8261909833600047,1.3049805906430376,0.6562560978496005,-0.42362314010551705,0,0.7114225650271164,0
3,0,0,0.19272187805779725,0.604552745037436,-0.8584442736357297,-0.6550427297005675,-0.16494497716683862,1.0771098065898008,0.5573841970136582,-0.269767736495705,1,1.1997812899409153,1
4,0,1,0.7984561723968405,0.35019278678716614,-0.5080906785926198,-0.9624491290788632,0.38865633034371905,-0.4724115249722093,1.2824448031439017,0.5302803622753175,1,1.728969970790729,1
4,1,0,-0.6268009907538495,-0.8994887472250291,1.5940308916660397,-0.5564406770697935,0.1118556765884402,-0.40405028975623825,-0.8597797149681817,-0.7621050280471036,1,-1.9140793561830833,1
2,0,1,1.4754533248934183,1.1243317901575527,-1.2087978686788396,1.3169983229149136,2.8337287718486817,2.489908667719869,0.45851229617771583,1.8534368333197009,0,7.635586569065967,0
3,1,1,1.0835076050269785,0.9031492177660136,1.5940308916660397,0.33097779660717297,1.265191733902102,-0.4724115249722093,1.4252597710180408,0.3764249586655055,0,2.594464938613439,0
5,0,0,0.5490361688454698,0.6930257739940515,-0.15773708354950988,-0.887047559420036,0.8038573109766373,1.3961289042643323,0.5573841970136582,0.4379671201094303,1,3.195337532364058,1
0,0,1,-0.30611812904494423,-0.16958625833295046,-1.2087978686788396,1.3575991681158204,0.18874474707601765,-0.3584761329455909,-0.34344867726937184,-0.5774785437153291,0,-1.0906586068542743,0
2,0,0,0.26398473621533175,0.7262031598527824,-0.5080906785926198,-1.4264587885178,0.7731016827816063,-0.6091339954041514,-0.32147714375027353,0.5610514429972799,1,0.40354198662446134,1
2,0,1,0.19272187805779725,0.6487892595157437,1.24367729662293,1.6418050845221692,0.3579007021486881,-0.7686435442414171,0.6342845643305022,0.3148827972215807,0,0.5384245194593538,0
0,1,1,-0.5199067035175478,-0.5787740172572976,0.19261651149360004,0.23817586471938562,0.4347897726362655,-0.5863469169988277,-0.6620359132962971,-0.7005628666031787,0,-1.514155924262038,0
1,0,1,0.9409818887119096,0.19536498611308886,-0.8584442736357297,0.12217344985965144,2.3262609066306705,0.6669423952939746,1.3483594037011968,1.6072681875440018,0,5.948830893169844,0
0,0,1,0.9766133177906767,0.9031492177660136,-0.15773708354950988,-0.07503065540189667,0.7731016827816063,0.9859614929685061,1.3593451704607458,1.4534127839341897,0,4.571821130145048,0
3,1,0,0.22835330713656452,0.02947805681943463,0.8933237015798199,-1.0204503365087303,-0.42636781682460195,-0.4496244465668856,0.1399250601507906,0.19179847433373107,1,-0.5442687289069659,1
5,0,0,0.442141881609168,0.593493616417859,0.54297010653671,-0.4926393488969397,-0.48787907321466395,-0.3129019761349435,0.3486546285822244,1.2687862996024153,1,0.8166598788350322,1
5,1,1,-0.9831152815415221,-1.1538487054752988,1.24367729662293,-0.04603005168696313,-0.9030800538475822,-0.24454074091897252,-0.9806231493232224,-0.6697917858812164,0,-2.7980357299709935,0
4,0,1,1.6179790412084873,0.5271388447003973,-0.8584442736357297,-1.6294630145223348,-0.6570350282873343,2.626631138151811,1.4252597710180408,0.4995092815533551,1,3.894365162435873,1
1,1,1,-1.4463238595654964,-1.2423217344319144,0.8933237015798199,-1.3916580640598797,-0.7646797269699428,-1.0648755635106248,-1.4310395864647374,-1.3467555617643892,1,-4.607350438709695,1
5,0,1,0.7628247433180733,1.3233961053099377,0.19261651149360004,-0.37663693403720555,0.1426113047834712,1.783509237154835,1.4252597710180408,-0.05437017144196819,1,3.2970101415143787,1
2,1,1,-0.4486438453600132,-0.4128870879636433,0.8933237015798199,0.38317888329405336,0.23487818936856414,-0.5863469169988277,-0.7828793476513377,-0.3620809786615922,0,-1.4964290539431935,0
4,1,1,1.5110847539721854,1.046917889820514,0.8933237015798199,-1.0494509402236638,1.6342592722424736,-1.1332367987265959,1.2714590363843528,0.037943070723919024,1,1.8104245806241495,1
2,1,1,0.7628247433180733,0.7483214170919363,0.19261651149360004,0.2323757439763989,-1.14912507940783,1.4644901394803034,-0.05781874152109404,-0.3620809786615922,0,-0.10453466011021295,0
0,0,0,0.9053504596331423,0.5050205874612435,0.19261651149360004,-0.31863572660733847,-0.48787907321466395,0.05169127835023529,1.5790605056517288,0.7149068466070919,1,1.8577795573943923,1
4,0,0,-0.1992238418086425,0.018418928199857684,-0.15773708354950988,1.4098002548027009,0.8807463814642147,0.4390716112407378,-0.4752778783839616,-0.8544182702129908,0,-0.009878155891999918,0
1,1,1,1.724873328444789,1.7436429928538617,1.5940308916660397,-0.23743403620552453,0.7115904263915444,0.2567749839981484,2.578765280770701,2.1919187212612874,0,5.739049412421681,0
0,1,1,-1.553218146801798,-1.4524451782038765,1.24367729662293,0.290376951406266,-1.087613823017768,-0.8370047794573882,-1.3541392191478934,-1.3775266424863517,0,-4.656284464109401,0
0,0,0,-0.555538132596315,-0.31335493038745077,0.8933237015798199,-0.7014436956444613,0.34252288805117254,0.2339879055928247,-0.7938651144108868,-0.08514125216393059,1,-0.30249557293082013,1
1,0,1,-1.695743863116867,-1.563036464399646,0.54297010653671,-1.6004624108074013,-1.1337472653103144,-1.1104497203212722,-1.5408972540602288,-1.5006109653742012,1,-5.285705205066017,1
5,1,1,0.12145901990026277,0.17324672887393497,-1.5591514637219497,-1.4264587885178,-0.9799691243351596,-0.10781827048703045,0.45851229617771583,0.06871415144588143,0,-0.5605609471985928,0
4,1,1,-0.8049581361476857,-0.7446609465509518,-0.15773708354950988,-0.45783862443901946,-0.9184578679450977,-0.8597918578627118,-0.6620359132962971,-0.39285205938355466,1,-2.8331376984876613,1
5,1,1,-0.05669812549357349,0.08477369991731938,-0.5080906785926198,-0.5506405563268069,0.7577238686840908,-0.016669956865735743,-0.024861441242446602,0.3456538779435431,1,1.0618463485194516,1
4,1,0,-1.5888495758805652,-1.4856225640626073,0.19261651149360004,-0.9508488875928898,-1.087613823017768,-1.1332367987265959,-1.474982653502934,-1.3159844810424268,1,-5.011817756289725,1
0,0,0,-0.7336952779901512,-0.7778383324096827,-0.8584442736357297,0.4817809359248274,-0.6570350282873343,-0.016669956865735743,-0.5411924789412564,-0.5467074629933667,0,-1.761604927087693,0
0,0,0,-1.1612724269353583,-1.0321982906599525,1.24367729662293,-1.4612595129757202,-0.7031684705798807,-0.9737272498893302,-0.9256943155254767,-1.2236712388765396,1,-3.826261274871227,1
4,0,1,0.01456473266396101,0.06265544267816547,-0.8584442736357297,1.549003152634382,0.5731900995139049,0.7580907089152693,0.4475265294181667,-0.42362314010551705,0,1.355184197741824,0
5,0,0,-1.3037981432504273,-1.2202034771927606,0.54297010653671,1.624404722293209,-0.5801459577997569,-0.7230693874307698,-1.3541392191478934,-0.8851893509349531,0,-3.5425439153133733,0
2,0,1,0.5846675979242371,1.1464500473967065,-0.15773708354950988,0.4237797284949603,0.5578122854163894,0.8264519441312403,1.0956867682315663,0.007171990001956621,0,2.4871229877811523,0
3,1,0,-0.27048669996617697,-0.28017754452871996,1.24367729662293,-0.6840433334155012,0.2810116316611106,-0.9281530930786829,-0.2116194761547821,0.3456538779435431,1,-0.5131070596288113,1
3,0,1,0.9766133177906767,0.4939614588416665,-1.2087978686788396,0.968991078335711,1.6342592722424736,1.2594064338323903,0.5903414972923056,0.8379911694949416,0,4.321998372862111,0
3,1,0,0.12145901990026277,0.07371457129774242,1.24367729662293,0.928390233134804,0.8038573109766373,-0.6091339954041514,0.1399250601507906,0.6841357658851296,0,1.018784141608406,0
0,1,0,-1.6244810049593326,-1.4635043068234534,-1.5591514637219497,1.4910019452045147,-0.9799691243351596,-1.0193014066999775,-1.4639968867433848,-1.4390688039302764,0,-4.902336221708799,0
1,0,0,1.2616647504208147,1.2791595908316298,-0.15773708354950988,0.7833872145601363,0.6654569840989979,0.9403873361578587,0.6123130308114039,1.9149789947636258,0,4.133136345831886,0
3,0,0,-0.9118524233839875,-0.6451287889747592,-1.2087978686788396,1.2183962702841395,-0.7339240987749118,-0.38126321135091457,-0.6290786130176497,-0.39285205938355466,0,-2.137117982527031,0
4,1,0,-0.7336952779901512,-0.8773704899858752,-1.5591514637219497,0.46438057369586727,-1.0107247525301906,-0.3584761329455909,-0.6071070794985514,-1.0082736738228029,0,-2.9845816387971356,0
5,1,1,0.6915618851605387,1.3012778480707838,-1.2087978686788396,1.6766058089800895,-0.9338356820426131,-0.17617950570300148,0.7990710657237394,0.7456779273290544,0,0.4347338053071792,0
1,1,1,-1.6601124340380997,-1.5077408213017613,0.8933237015798199,0.5107815396397609,-1.087613823017768,-1.0648755635106248,-1.5299114873006796,-1.469839884652239,0,-5.1522407584813115,0
5,1,0,0.050196161742728264,-0.15852712971337352,0.8933237015798199,-0.3998374170091524,0.20412256117353314,-0.10781827048703045,0.06302469283394657,-0.6390207051592539,1,-0.47969172163880464,1
3,0,0,-0.6268009907538495,-0.4460644738223742,-1.5591514637219497,0.3483781588361331,-0.14956716306932313,-0.2901148977296199,-0.31049137699072443,-0.14668341360785542,0,-0.8968568513975228,0
1,1,1,-0.9474838524627548,-0.700424432072644,1.24367729662293,-1.0784515439385973,-0.5955237718972723,-0.631921073809475,-0.88175124848728,-0.7621050280471036,1,-2.871301122241131,1
4,0,1,0.26398473621533175,0.07371457129774242,0.54297010653671,-0.4172377792381125,-0.1803227912643541,-1.1104497203212722,0.6892133981282479,1.1457019767145655,1,0.5441428632571871,1
4,1,1,1.5467161830509528,0.5381979733199743,0.19261651149360004,1.2589971154850463,-0.5955237718972723,-0.7686435442414171,2.117363076869637,0.9303044116608288,0,1.6835001723917762,0
2,1,0,0.37087902345163354,0.018418928199857684,-1.5591514637219497,1.1545949421112855,-0.05730027848423019,0.12005251356620632,0.29372579478447863,0.09948523216784384,0,0.4559632620342986,0
1,0,1,0.869719030554375,0.6930257739940515,1.5940308916660397,0.31937755512119953,0.8499907532691837,1.213832277021743,1.4252597710180408,0.9610754923827912,0,4.450158293691759,0
2,1,0,-0.3417495581237115,0.11795108577605022,-0.8584442736357297,-0.3128356058643518,-0.6109015859947878,-0.4268373681615619,-0.0028899077233483085,-0.39285205938355466,1,-1.4334809212632529,1
3,1,0,1.2260333213420476,1.7325838642342848,0.54297010653671,0.8413884219900034,0.5424344713188739,0.7353036305099456,0.469498062937265,0.6841357658851296,0,2.431371930651214,0
0,0,0,-0.27048669996617697,0.19536498611308886,-0.5080906785926198,1.647605205265156,-0.14956716306932313,0.09726543516088265,-0.34344867726937184,-0.39285205938355466,0,-0.788602464561367,0
5,1,0,1.5110847539721854,0.7593805457115133,-1.2087978686788396,1.2879977191999799,2.064838066972907,1.1454710418057719,0.996814867395624,2.1919187212612874,0,6.399042697435591,0
4,1,0,0.3352475943728663,0.39442930126547393,-1.5591514637219497,0.13377369134562486,-0.48787907321466395,-0.22175366251364884,0.4365407626586176,0.22256955505569345,0,-0.05052241801400173,0
1,1,1,0.0858275908214955,0.4165475585046278,0.8933237015798199,-1.385857943316893,-1.1029916371152835,0.006117121539587936,-0.354434444028921,0.16102739361176865,1,-1.290281565992848,1
5,1,1,0.8340876014756078,0.11795108577605022,-1.5591514637219497,1.0327924065085647,1.4651033171698031,-0.5179856817828566,0.469498062937265,1.2995573803243776,0,2.7161730786485894,0
1,1,1,-1.410692430486729,-1.2533808630514915,-0.5080906785926198,1.0385925272515515,-1.0568581948227371,-0.7230693874307698,-1.2223100180333035,-1.0390447545447652,0,-4.0412823548315755,0
1,0,1,0.5490361688454698,0.615611873657013,-1.2087978686788396,-0.03442981020098971,-0.41099000272708647,-1.0876626419159485,1.2385017361057051,1.2072441381584904,0,0.9470932296211605,0
3,0,0,1.119139034105746,1.4561056487448611,-1.5591514637219497,-0.4056375377521391,1.1575470352194936,1.2594064338323903,0.5573841970136582,2.1919187212612874,0,5.166256387326829,0
3,1,0,-0.6268009907538495,-0.6451287889747592,0.19261651149360004,-1.6004624108074013,-0.33410093223950904,-0.5407727601881803,-0.8378081814490834,-0.9159604316569155,1,-2.6286423055336883,1
4,0,1,-0.9118524233839875,-0.6783061748334901,-0.15773708354950988,-1.1944539587983316,-0.11881153487429215,-0.6774952306201224,-0.8597797149681817,-0.6082496244372915,1,-2.264336104899888,1
3,0,1,-0.6268009907538495,-0.5234783741594128,0.19261651149360004,1.2531969947420598,-0.05730027848423019,0.30234914080879577,-0.36542021078847015,-0.023599090720005784,0,-0.14397043918391036,0
5,1,0,-1.4463238595654964,-1.4192677923451458,0.8933237015798199,-1.026250457251717,-0.8877022397500667,-0.9737272498893302,-1.3431534523883442,-1.10058691598869,1,-4.305169858016431,1
5,0,1,0.40651045253040075,-0.25805928728956606,-1.5591514637219497,-0.3534364510652587,-0.28796748994696253,1.0998968849951245,0.7880852989641902,-0.05437017144196819,1,1.545644522570384,1
1,0,0,0.6915618851605387,0.6487892595157437,1.5940308916660397,-0.26643463992045807,1.4497255030722878,0.37071037602476675,-0.05781874152109404,0.19179847433373107,0,1.9544156119096916,0
2,0,1,0.6915618851605387,0.4276066871242048,-0.8584442736357297,-0.4462383829530461,-0.33410093223950904,0.9859614929685061,1.1725871355484103,1.3918706224902648,1,3.216318318767672,1
1,1,1,0.0858275908214955,-0.34653231624618164,-0.15773708354950988,1.4620013414895812,-1.087613823017768,1.2366193554270666,0.41456922913951927,0.007171990001956621,0,0.5707467515507745,0
0,1,1,-1.1612724269353583,-1.2644399916710685,-1.5591514637219497,-0.5506405563268069,-0.5493903296047259,-0.5863469169988277,-1.167381184235558,-1.10058691598869,1,-3.4037053468278016,0
0,0,1,-0.9831152815415221,-0.7999565896488365,-0.15773708354950988,-0.98564961205081,-0.13418934897180765,-0.49519860337753296,-0.7718935808917886,-0.946731512378878,1,-2.3480130456200072,1
2,0,0,-0.37738098720247876,-0.6561879175943363,0.8933237015798199,1.067593130966485,-0.6570350282873343,-0.9965143282946539,-0.23359100967388038,-0.023599090720005784,0,-1.9107394569758747,0
1,1,0,1.3685590376571166,0.9805631181030523,-0.8584442736357297,-1.2756556492001454,1.3882142466822258,0.5530070032673562,1.3813167039798442,0.7764490080510168,1,4.098986961980443,1
3,0,0,1.0478761759482114,0.383370172645897,1.5940308916660397,-0.20263331174760427,-0.9030800538475822,0.8264519441312403,0.8100568324832885,1.3610995417683025,0,2.094528264535249,0
4,0,1,1.012244746869444,1.3012778480707838,0.54297010653671,-0.8928476801630226,1.6035036440474426,0.5302199248620325,0.15091082691033975,0.9918465731047537,1,3.2764809689245684,1
5,0,1,0.5846675979242371,0.5603162305591282,-0.5080906785926198,-1.124852509882491,-0.08805590667926116,-0.016669956865735743,0.019081625795749985,0.6533646851631671,1,0.5677204474139202,1
4,1,0,-0.9474838524627548,-1.0100800334207987,-0.8584442736357297,0.649984437471442,-0.10343372077677666,-0.631921073809475,-1.0025946828423207,-1.1621290774326147,0,-2.900078554861187,0
4,1,0,1.2616647504208147,0.825735317428975,0.54297010653671,0.748586490102216,-1.1029916371152835,2.55826990293584,0.5903414972923056,2.1303765598173627,0,4.175996322930224,0
1,1,1,0.0858275908214955,-0.05899497213718096,1.5940308916660397,-0.5332401940978467,0.5731900995139049,-0.49519860337753296,0.2058396607080855,-0.115912332885893,1,0.16791882395856436,1
0,0,0,0.8340876014756078,1.0800952756792448,1.5940308916660397,0.2787767099202926,-0.05730027848423019,0.6669423952939746,0.8979429665596818,0.3764249586655055,0,1.8840100420349317,0
0,1,1,1.297296179499582,0.39442930126547393,-0.15773708354950988,-1.4728597544616935,-0.9645913102376441,-0.7230693874307698,1.7108897067663185,0.9918465731047537,1,1.0150755822026583,1
5,0,0,1.119139034105746,0.37231104402632004,-1.2087978686788396,-1.1944539587983316,0.32714507395365705,0.1656266703768537,1.3483594037011968,1.8842079140416634,1,3.7253390620733713,1
0,1,1,-0.4842752744387805,-0.6008922744964514,0.19261651149360004,-0.5738410392987536,-0.7493019128724273,0.37071037602476675,-0.651050146536748,-0.115912332885893,1,-1.1455540162703015,1
5,1,1,1.4754533248934183,2.340835938311017,-1.5591514637219497,0.31937755512119953,-0.6877906564823653,-0.8597918578627118,1.8756762081595557,1.1457019767145655,0,1.4737956705290443,0
4,1,0,0.37087902345163354,0.6377301308961668,-1.2087978686788396,0.3599784003221065,0.41941195853875,0.46185868964606147,0.8979429665596818,-0.269767736495705,0,1.5094458782487883,0
2,0,1,1.3329276085783492,1.7325838642342848,1.5940308916660397,1.2763974777140066,-1.0414803807252215,-0.03945703527105942,1.1835729023079595,2.376545205593062,0,2.47918069190474,0
5,1,0,1.4754533248934183,0.4165475585046278,-0.15773708354950988,-0.45783862443901946,0.12723349068595569,2.1708895700453374,0.9089287333192309,0.5918225237192424,1,3.798874317769766,1
3,0,0,0.7628247433180733,1.4118691342665532,0.19261651149360004,-0.7362444201023816,2.0955936951679384,0.8720261009418877,1.3923024707393934,1.1457019767145655,1,5.505624243563785,1
1,0,0,-1.5888495758805652,-1.540918207160492,-0.15773708354950988,-0.22583379471955112,-1.0107247525301906,-1.0648755635106248,-1.5079399537815814,-1.3467555617643892,0,-4.930295831586786,0
5,0,0,1.0478761759482114,0.8810309605268597,1.5940308916660397,-0.805845869018222,-0.24183404765441607,-0.5863469169988277,1.5570889721326304,0.6841357658851296,1,1.4130437733645163,1
4,0,1,0.6559304560817715,-0.14746800109379654,0.8933237015798199,0.6673847997004021,-0.8261909833600047,0.2567749839981484,0.6342845643305022,0.9918465731047537,0,1.0567151380733995,0
0,1,1,-0.27048669996617697,0.05159631405858853,1.24367729662293,-0.9276484046209429,-0.19570060536186962,-0.8370047794573882,-0.5631640124603547,-0.08514125216393059,1,-1.681010649443543,1
3,1,1,1.2260333213420476,1.0800952756792448,1.24367729662293,0.8645889049619502,0.32714507395365705,-0.8597918578627118,1.8207473743618101,1.5764971068220393,0,2.8645976972747946,0
4,1,0,1.2616647504208147,0.2506606292109736,-1.5591514637219497,1.0849934931954452,0.6500791700014824,1.282193512237714,0.3596403953417735,1.7303525104318513,0,4.0222655880128215,0
3,0,0,0.442141881609168,-0.1364088724742196,1.24367729662293,0.8587887842189635,1.5727480158524116,0.8720261009418877,0.7221706984068954,1.1149308959926032,0,4.2818757111937975,0
3,1,1,0.26398473621533175,-0.16958625833295046,0.19261651149360004,-1.6178627730363613,-0.8877022397500667,-0.38126321135091457,0.7880852989641902,-0.4851653015494419,1,-0.9660454536862328,1
3,0,1,-1.4463238595654964,-1.4192677923451458,-0.15773708354950988,-1.722264946410122,-0.9953469384326751,-1.0420884851053012,-1.3870965194265408,-1.2236712388765396,1,-4.6482031818410565,1
0,1,1,-1.1969038560141254,-1.0764348051382602,-0.5080906785926198,0.4759808151818407,-0.7800575410674583,-0.9053660146733592,-1.2332957847928527,-0.8851893509349531,0,-3.803908691468623,0
2,1,0,-0.6624324198326168,-0.7225426893117979,1.24367729662293,0.2207755024904255,-0.9953469384326751,-0.016669956865735743,-0.7169647470940428,-0.4543942208274795,0,-2.183375863219933,0
0,0,1,0.869719030554375,0.16218760025435802,0.54297010653671,-0.9276484046209429,1.495858945364834,2.1708895700453374,0.9858291006360749,1.6380392682659641,1,6.29061688431221,1
1,1,1,-1.0900095687778237,-0.9437252617033369,-0.15773708354950988,1.5838038770923022,-0.9338356820426131,-1.0876626419159485,-0.9696373825636732,-0.7928761087690659,0,-3.7840118152913007,0
3,1,0,1.4398218958146511,0.5050205874612435,1.5940308916660397,-0.945048766849903,-0.1803227912643541,1.988592942802748,0.9418860335978783,2.4380873670369865,1,5.188243552173258,1
4,0,1,1.1904018922632802,0.5050205874612435,-0.5080906785926198,1.1371945798823255,1.6035036440474426,0.9631744145631824,0.5573841970136582,0.8379911694949416,0,3.962053425119225,0
4,0,0,0.727193314239306,1.3344552339295146,0.8933237015798199,1.2995979606859533,-0.7800575410674583,0.6897294736992983,0.7990710657237394,-0.33130989793962984,0,0.3774331004159496,0
2,1,0,-1.7313752921956342,-1.5851547216388,-0.8584442736357297,-1.5192607204055872,-1.1337472653103144,-1.1332367987265959,-1.6177976213770728,-1.5006109653742012,1,-5.385392650788185,1
0,1,1,-0.02106669641480624,-0.025817586278450114,0.19261651149360004,-0.14463210431773718,0.8192351250741527,-0.7914306226467408,-0.31049137699072443,0.4995092815533551,0,0.21682240699004263,0
0,1,1,-0.1992238418086425,0.19536498611308886,-0.5080906785926198,1.0037918027936312,-0.1803227912643541,0.4162845328354141,-0.12373334207838892,0.3148827972215807,0,0.4271111967142518,0
2,1,1,0.01456473266396101,0.5050205874612435,-1.5591514637219497,0.7717869730741629,-1.14912507940783,-0.10781827048703045,-0.24457677643342954,0.3764249586655055,0,-1.1250951676627845,0
3,0,1,-0.3417495581237115,-0.501360116920259,0.54297010653671,-0.7246441786164081,-0.31872311814199356,-0.1533924272976778,-0.13471910883793806,-0.14668341360785542,1,-0.7535180678854648,1
1,1,0,0.7628247433180733,-0.014758457658873165,-0.15773708354950988,0.44698021146690714,0.48092321492881196,-0.24454074091897252,1.0297721676742715,-0.269767736495705,0,0.996386905188406,0
3,1,0,0.9766133177906767,0.28383801506970446,-0.8584442736357297,-1.142252872111451,0.7884794968791218,-0.2901148977296199,1.0517437011933697,1.545726026100077,1,3.095834326442948,1
3,0,1,0.869719030554375,1.1243317901575527,0.19261651149360004,0.968991078335711,0.8807463814642147,1.3277676690483613,0.469498062937265,1.4226417032122274,0,4.100653816662068,0
3,0,1,0.47777331068793527,0.6487892595157437,-1.5591514637219497,1.2357966325130996,-0.5493903296047259,1.350554747453685,0.5903414972923056,-0.1774544943298178,0,1.2140514208114468,0
4,0,0,0.6915618851605387,1.1685683046358604,1.5940308916660397,-0.017029447972029585,1.9110599259977525,1.9430187859921006,1.3593451704607458,1.5764971068220393,0,6.7899209892726375,0
4,1,1,1.4041904667358838,1.7657612500930155,-0.5080906785926198,1.7172066541809965,-0.05730027848423019,-0.13060534889235412,0.9089287333192309,2.4996295284809116,0,3.220652634423558,0
2,1,1,-0.23485527088740973,-0.1364088724742196,-0.8584442736357297,1.2183962702841395,0.8807463814642147,-0.17617950570300148,-0.013875674482897454,0.06871415144588143,0,0.7594053527241972,0
2,1,0,-1.4819552886442635,-1.4524451782038765,0.54297010653671,-1.525060841148574,-0.8877022397500667,-1.1332367987265959,-1.4310395864647374,-1.3467555617643892,1,-4.798734186705789,1
1,0,0,1.6892418993660219,1.3012778480707838,1.24367729662293,1.1139940969103788,1.295947362097133,2.0797412564240427,1.1066725349911155,2.1303765598173627,0,6.612737713329654,0
4,1,0,-1.5888495758805652,-1.4966816926821844,-0.8584442736357297,1.067593130966485,-1.1029916371152835,-1.1104497203212722,-1.4530111199838356,-1.3775266424863517,0,-5.0439791199067425,0
5,0,1,1.6536104702872545,1.6551699638972461,0.19261651149360004,-0.9624491290788632,1.864926483705206,2.9456502358263426,0.6452703310900514,0.5918225237192424,1,6.047669574340842,1
2,0,1,1.1904018922632802,1.9316481793866698,-0.15773708354950988,-1.2524551662281986,0.9883910801468232,-0.7686435442414171,0.7111849316473462,0.6225936044412047,1,1.553526071993957,1
1,0,0,1.154770463184513,1.0800952756792448,-0.15773708354950988,0.2439759854623723,0.6193235418064514,2.3759732756932506,0.7111849316473462,0.25334063577765586,0,3.959822384924704,0
4,0,0,1.012244746869444,1.6330517066580923,-0.5080906785926198,-1.6584636182372683,2.233994022045578,-0.08503119208170677,1.1945586690675087,0.9610754923827912,1,4.304596991414171,1
1,1,0,1.2616647504208147,1.1906865618750142,-1.5591514637219497,0.035171638714850795,-0.5801459577997569,2.262037883666632,1.9306050419573015,2.22268980198325,0,5.835186769807427,0
5,1,1,0.5846675979242371,0.2727788864501275,0.54297010653671,1.4098002548027009,0.8038573109766373,-1.0876626419159485,0.48048382969681414,0.19179847433373107,0,0.38847697309123397,0
0,0,0,-0.840589565226453,-0.8552522327467212,-0.15773708354950988,1.0327924065085647,-0.10343372077677666,-0.9509401714840066,-1.0465377498805173,-0.6697917858812164,0,-2.770703428022517,0
0,1,0,0.5490361688454698,1.1575091760162834,-0.5080906785926198,0.6847851619293622,0.7884794968791218,1.6467867667228928,0.7221706984068954,1.2380152188804527,0,4.395452180889363,0
1,0,1,0.727193314239306,0.6266710022765899,1.5940308916660397,-0.945048766849903,0.32714507395365705,0.5302199248620325,1.0517437011933697,1.176473057436528,1,3.0855817574455875,1
5,0,1,-1.695743863116867,-1.596213850258377,-0.15773708354950988,-0.08083077614488339,-1.14912507940783,-1.0420884851053012,-1.551883020819778,-1.5006109653742012,0,-5.243707550707111,0
2,0,0,-1.0187467106202892,-0.8994887472250291,-0.8584442736357297,1.026992285765578,-0.2110784194593851,-1.0420884851053012,-1.178366950995107,-0.5159363822714043,0,-2.9474702378311974,0
1,0,1,1.297296179499582,1.8321160218104773,0.19261651149360004,-0.43463814146707264,0.050344420198378245,1.1910451986164192,1.6669466397281218,0.3456538779435431,1,3.2539901364864625,1
4,0,0,0.7628247433180733,0.8810309605268597,0.19261651149360004,0.18597477803250523,-0.44174563092211744,0.8036648657259167,0.469498062937265,-0.1774544943298178,0,0.6539628034112464,0
0,1,0,-1.0900095687778237,-1.142789576855722,1.5940308916660397,-1.525060841148574,-0.9492134961401286,-0.631921073809475,-1.0575235166400663,-1.0082736738228029,1,-3.646931760412473,1
4,0,1,1.2616647504208147,1.4118691342665532,-0.5080906785926198,-0.8232462312471821,2.29550527843564,-0.7230693874307698,2.0734200098314406,2.0688343983734376,1,5.714690299209748,1
2,0,1,-0.9831152815415221,-1.0764348051382602,-0.5080906785926198,-1.3684575810879327,-0.4571234450196329,-1.0193014066999775,-0.8927370152468291,-0.9159604316569155,1,-3.2851222986233553,1
2,1,1,1.6179790412084873,1.6219925780385154,0.8933237015798199,-0.5854412807847271,3.2335519383840845,0.30234914080879577,1.831733141121359,0.7456779273290544,1,6.113312147643294,1
2,0,1,-1.125640997856591,-0.9547843903229138,0.8933237015798199,1.665005567494116,-0.8415687974575202,-0.8597918578627118,-1.167381184235558,-1.0082736738228029,0,-3.877015513378593,0
1,0,0,-1.0543781396990566,-0.9769026475620677,0.8933237015798199,1.6360049637791825,-0.5493903296047259,-0.631921073809475,-0.8158366479299851,-0.6390207051592539,0,-2.63616875650344,0
1,1,1,-0.413012416281246,-0.711483560692221,-0.5080906785926198,1.2589971154850463,-1.0107247525301906,-0.563559838593504,-0.4862636451435107,-0.8851893509349531,0,-2.9457375872021583,0
5,1,1,-1.7313752921956342,-1.6404503647366846,-0.15773708354950988,0.6035834715275483,-1.0722360089202525,-1.1104497203212722,-1.5738545543388762,-1.469839884652239,0,-5.22638016823264,0
1,1,1,-1.125640997856591,-1.175966962714453,0.19261651149360004,0.8239880597610433,-0.9645913102376441,-0.6774952306201224,-1.178366950995107,-1.1621290774326147,0,-3.9825825692854884,0
0,1,1,-0.6624324198326168,-0.3907688307244894,-1.2087978686788396,-1.2002540795413181,-0.42636781682460195,-1.0648755635106248,-0.7828793476513377,-0.5774785437153291,0,-2.8516012717018935,0
0,1,0,-1.410692430486729,-1.1980852199536067,1.24367729662293,1.3227984436579001,-1.0414803807252215,-0.9509401714840066,-1.3431534523883442,-1.254442319598502,0,-4.590016324196075,0
5,0,1,1.0478761759482114,0.7040849026136285,0.19261651149360004,1.0385925272515515,-0.7493019128724273,2.3076120404772795,1.6120178059303762,1.6688103489879265,0,4.839138282523154,0
4,0,1,0.37087902345163354,0.7262031598527824,-0.8584442736357297,1.508402307433475,0.9883910801468232,-0.9281530930786829,-0.11274757531883978,0.19179847433373107,0,0.1392888860830316,0
5,0,0,-0.6624324198326168,-0.501360116920259,-1.5591514637219497,-0.9740493705648365,-0.14956716306932313,-0.2901148977296199,-0.431334811345765,-0.39285205938355466,0,-1.2638689315282627,0
4,0,1,1.4041904667358838,1.688347349755977,1.5940308916660397,-0.3940372962661657,2.0802158810704228,0.5530070032673562,1.6889181732472203,2.4996295284809116,1,6.821770586065911,1
0,1,1,-1.3750610014079618,-1.319735634768953,-1.5591514637219497,0.45278033220989383,-0.9184578679450977,-0.9053660146733592,-1.2882246185905983,-1.254442319598502,0,-4.366490820807558,0
3,0,0,1.012244746869444,1.3123369766903608,-0.8584442736357297,0.006171034999917252,1.5727480158524116,0.6441553168886509,1.370330937220295,2.007292236929513,0,5.594526506890871,0
3,0,1,0.9409818887119096,0.8810309605268597,-0.5080906785926198,1.2009959080551793,-0.7031684705798807,1.0998968849951245,0.5793557305327565,0.6225936044412047,0,1.5986777493892048,0
2,1,0,-0.23485527088740973,0.15112847163478108,0.8933237015798199,1.6186046015502225,0.050344420198378245,0.5757940816726799,-0.5302067121817073,0.13025631288980624,0,0.22618810257915703,0
1,1,0,-0.698063848911384,-0.4350053452027972,1.24367729662293,0.3773787625510666,-0.8415687974575202,0.09726543516088265,-0.34344867726937184,-0.7621050280471036,0,-1.849857067613113,0
5,1,1,-0.8762209943052203,-0.6451287889747592,0.8933237015798199,0.5629826263266413,-0.36485656043454,-0.8597918578627118,-0.8158366479299851,-0.39285205938355466,0,-2.4333371256107914,0
4,0,0,0.15709044897903002,0.7262031598527824,0.54297010653671,1.549003152634382,-0.3802343745320555,0.849239022536564,0.008095859036200838,-0.5774785437153291,0,-0.10037803667461975,0
1,0,0,0.22835330713656452,0.04053718543901158,-0.5080906785926198,-0.32443584735032516,0.4655454008312965,0.849239022536564,0.6342845643305022,0.6225936044412047,1,2.5716625921395675,1
5,0,0,0.37087902345163354,0.615611873657013,1.5940308916660397,-0.6840433334155012,0.2963894457586261,-0.6774952306201224,0.19485389394853633,0.28411171649961825,1,0.09785982558665826,1
2,0,0,1.119139034105746,0.814676188809398,1.24367729662293,1.4910019452045147,0.9115020096592457,2.12531541323469,1.4582170712966882,1.0533887345486783,0,5.548423228739303,0
1,0,0,0.3352475943728663,0.6709075167548977,0.19261651149360004,-0.29543524363539164,1.6035036440474426,0.7353036305099456,0.19485389394853633,0.3764249586655055,1,2.9100861271714304,1
1,0,1,1.0478761759482114,1.710465606995131,-0.15773708354950988,0.6963854034153356,2.495416861703341,0.8036648657259167,1.073715234712468,1.4534127839341897,0,5.826209746075915,0
4,1,0,-1.0900095687778237,-1.142789576855722,-0.5080906785926198,-1.7280650671531088,-0.9184578679450977,-0.9509401714840066,-1.2223100180333035,-0.7313339473251411,1,-3.823042004787549,1
5,0,1,-1.3394295723291945,-1.352913020627684,0.19261651149360004,0.4005792455230135,-1.087613823017768,-0.7458564658360934,-1.2332957847928527,-0.9775025931008403,0,-4.044268666747554,0
1,0,0,0.6915618851605387,1.3233961053099377,-0.8584442736357297,-0.05183017242994984,-0.11881153487429215,1.6467867667228928,0.7001991648877971,-0.023599090720005784,0,2.204575306016392,0
3,0,0,-0.3417495581237115,0.018418928199857684,-0.8584442736357297,-0.9276484046209429,0.004210977905831773,0.028904199944911613,-0.7609078141322394,-0.9159604316569155,1,-1.6437530679384116,1
3,0,0,1.0478761759482114,1.2238639477337452,0.8933237015798199,1.6824059297230762,1.2805695479996175,-0.1533924272976778,1.084701001472017,-0.30053881721766745,0,1.9113393049562892,0
4,1,0,1.0835076050269785,1.4229282628861302,-0.5080906785926198,0.36577852106509323,0.20412256117353314,1.4417030610749797,1.1945586690675087,0.16102739361176865,0,3.00141168492779,0
4,0,1,1.58234761212972,0.825735317428975,0.54297010653671,-0.9682492498218499,0.38865633034371905,-0.9281530930786829,0.8759714330405834,2.591942770646799,1,2.928417440952418,1
0,0,0,1.4754533248934183,0.814676188809398,-0.15773708354950988,-1.641063256008308,1.0345245224393695,2.831714843799724,1.4692028380562374,1.7611235911538137,1,7.096565795449145,1
2,0,0,-0.413012416281246,-0.047935843517604014,0.8933237015798199,-1.3916580640598797,-0.7493019128724273,-1.0876626419159485,-0.7499220473726903,-0.6390207051592539,1,-3.22590730732032,1
1,0,0,1.4398218958146511,1.2238639477337452,-0.5080906785926198,0.7369862486162426,2.049460252875392,0.48464576805138515,1.3923024707393934,1.2072441381584904,0,5.1336526298246605,0
3,0,1,-0.7336952779901512,-0.7557200751705287,-1.2087978686788396,0.49338117741080084,-0.7031684705798807,0.09726543516088265,-0.42034904458621586,-0.3620809786615922,0,-1.3883330586668061,0
4,0,0,-1.0900095687778237,-1.1980852199536067,-0.5080906785926198,-1.3162564944010524,-0.8415687974575202,-0.5179856817828566,-0.8158366479299851,-0.8544182702129908,1,-3.029809397383353,1
5,0,0,0.442141881609168,-0.05899497213718096,-0.5080906785926198,-0.7594449030743283,0.8961241955617302,1.1682581202110955,1.0297721676742715,-0.3620809786615922,1,2.7320735047855047,1
3,1,1,-0.3417495581237115,-0.4681827310615281,-0.5080906785926198,-0.30123536437837833,0.20412256117353314,0.05169127835023529,-0.2116194761547821,-0.20822557505178022,1,-0.16403121168279386,1
0,1,0,1.6892418993660219,1.5777560635602075,1.5940308916660397,0.1047730876306913,-0.9645913102376441,2.193676648450661,2.051448476312342,1.022617653826716,0,4.303151468352075,0
2,0,0,0.050196161742728264,0.02947805681943463,-0.5080906785926198,0.33677791735015966,-0.9645913102376441,0.5757940816726799,-0.25556254319297866,-0.5467074629933667,0,-1.1910672347513096,0
3,0,0,0.9053504596331423,1.5003421632231688,1.24367729662293,1.050192768737525,2.126349323362969,1.6923609235335402,1.5900462724112778,0.9303044116608288,0,6.339060930968616,0
3,1,0,1.4754533248934183,2.2523629093544013,-1.5591514637219497,0.6673847997004021,0.5578122854163894,1.555638453101598,0.5134411299754615,2.0688343983734376,0,4.695726266866886,0
5,1,0,-1.0187467106202892,-0.7778383324096827,-1.2087978686788396,-1.1074521476535308,-1.1029916371152835,-1.1332367987265959,-1.1234381171973613,-0.7928761087690659,1,-4.152542661808306,1
2,1,1,1.154770463184513,0.604552745037436,-0.15773708354950988,-0.5564406770697935,-1.1337472653103144,-0.9281530930786829,1.9855338757550471,0.5302803622753175,1,0.4539138796413674,1
3,0,1,0.37087902345163354,0.7151440312332055,0.8933237015798199,-0.9972498535367834,-0.7031684705798807,0.2567749839981484,-0.0028899077233483085,0.6841357658851296,1,0.23485237158004896,1
2,0,0,-0.1992238418086425,0.16218760025435802,1.5940308916660397,0.6035834715275483,-0.16494497716683862,-0.17617950570300148,0.19485389394853633,-0.7928761087690659,0,-0.9391466976903696,0
3,1,0,0.5490361688454698,0.4054884298850509,0.19261651149360004,1.3575991681158204,1.741903970925082,0.9859614929685061,-0.15669064235703636,-0.05437017144196819,0,2.5168046500945835,0
4,1,0,1.3685590376571166,2.18600813763694,0.54297010653671,0.5455822640976812,1.2190582916095556,-0.49519860337753296,0.6013272640518548,1.2687862996024153,0,2.593973251886293,0
4,0,1,-0.413012416281246,-0.2027636441916813,1.5940308916660397,-0.8522468349621157,0.3579007021486881,-1.0193014066999775,-0.31049137699072443,-0.08514125216393059,1,-1.0570333337059443,1
3,0,1,1.3685590376571166,2.2413037807348246,0.54297010653671,-1.1364527513684644,2.280127464338124,0.6213682384833272,1.2385017361057051,0.28411171649961825,1,4.424109155426775,1
5,1,0,0.47777331068793527,0.7925579315702441,0.19261651149360004,1.0211921650225912,-1.0722360089202525,0.9403873361578587,0.9858291006360749,0.25334063577765586,0,1.1073210636513369,0
1,1,1,1.58234761212972,1.5003421632231688,0.8933237015798199,-0.42883802072408594,2.6338171885809807,-0.016669956865735743,1.831733141121359,0.4995092815533551,1,4.94838965438996,1
3,0,1,-1.695743863116867,-1.563036464399646,-0.5080906785926198,0.23817586471938562,-1.0414803807252215,-1.0876626419159485,-1.5408972540602288,-1.469839884652239,0,-5.139880161353638,0
5,1,0,-0.3417495581237115,-0.31335493038745077,-0.8584442736357297,-0.10403125911683023,0.5270566572213584,0.2567749839981484,-0.11274757531883978,-0.4543942208274795,0,0.21668984507318745,0
2,0,0,1.0835076050269785,0.6266710022765899,1.24367729662293,1.0327924065085647,-0.5186347014096949,2.3987603540985742,0.17288236042943803,1.7303525104318513,0,3.7833605235501686,0
4,0,0,1.724873328444789,1.467164777364438,-0.15773708354950988,0.9457905953637641,2.495416861703341,1.7607221587495112,2.271163811503325,0.25334063577765586,0,6.780643467733833,0
0,1,0,-0.09232955457234074,0.4276066871242048,0.19261651149360004,0.290376951406266,-0.07267809258174568,-0.9053660146733592,0.052038926074397425,-0.05437017144196819,0,-0.9803753526226757,0
0,0,1,-0.7693267070689185,-0.6008922744964514,-1.5591514637219497,1.2763974777140066,-0.11881153487429215,-0.7686435442414171,-0.6620359132962971,-0.33130989793962984,0,-1.8808008903516362,0
1,1,1,-0.555538132596315,-0.1806453869525274,0.19261651149360004,1.2995979606859533,0.1426113047834712,-0.24454074091897252,-0.38739174430756845,-0.269767736495705,0,-0.7590889169387748,0
1,1,1,-0.05669812549357349,-0.28017754452871996,-1.2087978686788396,0.6847851619293622,0.6654569840989979,0.5302199248620325,-0.36542021078847015,-0.3620809786615922,0,0.4681757195109681,0
2,1,1,0.01456473266396101,-0.2027636441916813,0.54297010653671,-1.664263738980255,-0.24183404765441607,0.6669423952939746,0.31569732830357694,-0.33130989793962984,1,0.40949577800350556,1
5,0,0,0.7984561723968405,1.2238639477337452,-0.15773708354950988,0.8761891464479236,-0.9338356820426131,1.6467867667228928,1.2714590363843528,1.6688103489879265,0,3.653220470052559,0
0,0,1,-1.7313752921956342,-1.6404503647366846,1.24367729662293,-0.4636387451820062,-1.1337472653103144,-1.0648755635106248,-1.5958260878579746,-1.5006109653742012,1,-5.295059882053115,1
2,0,0,-1.3037981432504273,-1.1538487054752988,-1.2087978686788396,-1.4206586677748132,-0.8261909833600047,-0.9965143282946539,-1.178366950995107,-1.10058691598869,0,-4.101659178638456,0
3,0,1,1.297296179499582,2.042239465582439,0.54297010653671,-1.6584636182372683,0.03496660610086275,1.1454710418057719,0.7221706984068954,0.3764249586655055,1,2.2790333049790354,1
1,1,1,-0.8049581361476857,-1.0211391620403756,1.5940308916660397,0.7427863693592293,-0.9953469384326751,-0.40405028975623825,-0.5302067121817073,-1.10058691598869,0,-3.0301908563593107,0
3,0,1,1.4398218958146511,1.6551699638972461,0.54297010653671,-0.208433432490591,2.9413734705312904,0.5302199248620325,0.8320283660023868,0.9918465731047537,0,5.295468334500463,0
0,1,1,0.6202990270030043,0.018418928199857684,0.54297010653671,0.5745828678126147,1.9110599259977525,-0.5407727601881803,-0.13471910883793806,1.022617653826716,0,2.25818571079835,0
0,1,1,-0.02106669641480624,0.2064241147326658,-0.8584442736357297,0.13957381208861155,-0.11881153487429215,0.2795620624034721,0.03006739255529913,0.28411171649961825,0,0.47492963658409737,0
0,0,1,-0.23485527088740973,0.18430585749351192,0.54297010653671,1.1313944591393388,0.18874474707601765,0.849239022536564,-0.27753407671207697,-0.4851653015494419,0,0.2752843913510629,0
5,1,1,1.1904018922632802,0.383370172645897,1.5940308916660397,0.5977833507845616,-0.7646797269699428,0.48464576805138515,1.5021601383348848,1.3918706224902648,0,2.613996801906592,0
4,0,0,0.9766133177906767,0.23960150059139665,-1.2087978686788396,-1.1944539587983316,-0.5955237718972723,1.851870472370806,1.007800634155173,0.6841357658851296,1,2.948283100513836,1
4,0,1,-0.09232955457234074,-0.5787740172572976,0.54297010653671,1.0385925272515515,-0.3494787463370245,0.9859614929685061,0.3816119288608718,-0.6390207051592539,0,0.3790739703330993,0
1,0,0,-0.6624324198326168,-0.700424432072644,-1.2087978686788396,-1.1306526306254778,-0.9953469384326751,-0.5407727601881803,-0.4862636451435107,-0.4851653015494419,1,-2.5075486453138076,1
5,0,1,-0.9831152815415221,-0.9326661330837599,0.8933237015798199,0.06997236317277106,-0.11881153487429215,-0.38126321135091457,-0.6949932135749445,-0.9159604316569155,0,-2.111028391457067,0
5,1,1,1.4754533248934183,1.433987391505707,-0.15773708354950988,-0.8812474386770492,2.280127464338124,-0.38126321135091457,1.9855338757550471,1.7611235911538137,1,5.64552171989607,1
2,1,1,-0.127960983651108,-0.15852712971337352,-0.8584442736357297,-0.5448404355838201,-0.9492134961401286,0.6669423952939746,0.17288236042943803,-0.4543942208274795,1,-0.5637829612441955,1
0,1,1,1.0478761759482114,1.688347349755977,-1.5591514637219497,1.0211921650225912,1.4035920607797412,-0.8142177010520645,1.5351174386135322,0.868762250216904,0,2.993254048558113,0
1,0,1,-0.8762209943052203,-0.7225426893117979,-0.8584442736357297,0.7543866108452028,-1.0261025666277062,-0.4724115249722093,-1.0025946828423207,-0.5774785437153291,0,-3.078587318157565,0
3,1,0,-1.7313752921956342,-1.5851547216388,1.5940308916660397,0.7543866108452028,-1.14912507940783,-1.0648755635106248,-1.6177976213770728,-1.4390688039302764,0,-5.2708670682258045,0
5,0,0,0.7984561723968405,0.2285423719718197,-1.5591514637219497,-1.4786598752046802,-0.2110784194593851,0.780877787320593,0.8869571998001325,-0.023599090720005784,1,1.4331574769413347,1
4,1,0,-0.6268009907538495,-0.36865057348533553,-1.5591514637219497,1.4330007377746476,0.050344420198378245,-0.5863469169988277,-0.3324629105098227,-0.6082496244372915,0,-1.4767150317475637,0
4,1,0,1.154770463184513,0.9031492177660136,1.5940308916660397,-1.1712534758263846,1.6957705286325355,1.487277217885627,0.2168254274676346,1.5149549453781146,1,4.914828119363912,1
5,1,1,-0.3417495581237115,-0.6119514031160284,-1.5591514637219497,-1.6990644634381753,0.20412256117353314,0.6441553168886509,-0.727950513853592,-0.5774785437153291,1,-0.4571511795067371,1
1,1,0,0.7984561723968405,0.9473857322443214,0.8933237015798199,1.4620013414895812,0.2963894457586261,0.4162845328354141,0.8210425992428376,1.0841598152706409,0,2.617876393107519,0
1,1,0,1.5110847539721854,1.3676326197882456,-0.8584442736357297,-1.3684575810879327,0.7269682404890598,2.0113800212080717,1.1176583017506647,1.7918946718757762,1,5.647901235323573,1
2,0,1,-0.27048669996617697,0.0073597995802807325,0.19261651149360004,-0.2780348814064315,-0.6262794000923033,-0.6547081522147987,-0.2665483099525278,-0.05437017144196819,0,-1.601906033701598,0
3,1,0,-0.8762209943052203,-0.7778383324096827,-1.5591514637219497,-1.0378506987376903,-0.5032568873121794,-0.4268373681615619,-0.9806231493232224,-0.7621050280471036,0,-2.6728224328440673,0
5,0,0,-0.7693267070689185,-0.5898331458768745,0.19261651149360004,-0.06923053465890996,-0.24183404765441607,-0.6091339954041514,-0.9147085487659274,-0.6390207051592539,0,-2.404697296983749,0
2,0,1,-1.4819552886442635,-1.2865582489102223,-0.8584442736357297,0.9457905953637641,-0.7954353551649738,-1.0648755635106248,-1.4420253532242866,-1.3467555617643892,0,-4.649091833664274,0
3,1,1,-0.05669812549357349,0.26171975783055057,1.5940308916660397,1.2937978399429666,0.7884794968791218,0.849239022536564,-0.09077604179974148,-0.05437017144196819,0,1.4925723061739762,0
0,0,0,0.9409818887119096,1.0690361470596679,-0.15773708354950988,0.2439759854623723,1.4343476889747722,1.3049805906430376,1.3483594037011968,-0.14668341360785542,0,3.941004269711151,0
1,0,0,-0.127960983651108,0.18430585749351192,0.19261651149360004,0.2729765891773059,0.450167586733781,0.7580907089152693,-0.4972494119030599,-0.4851653015494419,0,0.2258435821965486,0
5,1,0,-0.7336952779901512,-0.689365303453067,1.5940308916660397,1.6592054467511292,-0.7493019128724273,-0.9053660146733592,-0.4972494119030599,-0.6697917858812164,0,-2.821709125330063,0
4,1,0,1.6536104702872545,1.2238639477337452,-1.2087978686788396,-0.4752389866679796,2.8798622141412284,-1.1332367987265959,0.8100568324832885,2.776569254978573,1,5.333251502876495,1
0,0,1,0.6559304560817715,1.290218719451207,1.5940308916660397,-0.4926393488969397,0.5116788431238429,-0.563559838593504,0.17288236042943803,1.022617653826716,1,1.143619018786493,1
2,1,1,-0.4486438453600132,-0.30229580176787385,-0.5080906785926198,-1.5076604789196137,-0.8723244256525512,-0.5407727601881803,-0.5961213127390023,-0.7313339473251411,1,-2.740552445904875,1
3,1,1,-1.5888495758805652,-1.4856225640626073,0.54297010653671,-0.45783862443901946,-1.14912507940783,-0.9053660146733592,-1.474982653502934,-1.3467555617643892,1,-4.876229309348512,1
2,1,1,-1.3750610014079618,-1.352913020627684,0.19261651149360004,-1.565661686349481,-1.087613823017768,-0.7686435442414171,-1.244281551552402,-1.3467555617643892,1,-4.447294480575977,1
4,1,1,0.9766133177906767,1.290218719451207,-1.5591514637219497,-0.7304442993593948,0.21950037527104865,1.418915982669656,0.3596403953417735,0.19179847433373107,0,2.189855227616209,0
0,1,0,1.4041904667358838,2.2081263948760936,-0.8584442736357297,1.7288068956669698,-1.0722360089202525,2.55826990293584,0.6123130308114039,1.2687862996024153,0,3.3671332244294065,0
1,1,0,-0.8049581361476857,-0.6672470462139132,0.19261651149360004,-0.9508488875928898,-0.5955237718972723,-1.0193014066999775,-0.804850881170436,-0.42362314010551705,1,-2.843299199873203,1
1,1,0,0.9766133177906767,0.6819666453744746,-0.15773708354950988,-1.5888621693214278,2.3570165348257017,1.3049805906430376,0.37062616210132265,-0.14668341360785542,1,3.8859398739622066,1
4,0,1,-0.127960983651108,-0.6230105317356054,1.24367729662293,1.6012042393212622,0.6654569840989979,0.37071037602476675,0.31569732830357694,-0.269767736495705,0,1.0820969519316366,0
2,0,0,-0.16359241272987524,0.26171975783055057,1.5940308916660397,-0.017029447972029585,0.603945727708936,0.2567749839981484,-0.11274757531883978,-0.269767736495705,0,0.47820539989253946,0
4,0,0,0.01456473266396101,0.10689195715647327,0.54297010653671,-0.9508488875928898,0.603945727708936,-0.5179856817828566,-0.22260524291433123,0.5302803622753175,1,0.39363516528706555,1
3,1,1,0.37087902345163354,0.8478535746681288,1.24367729662293,0.2323757439763989,1.4343476889747722,0.5302199248620325,0.4914695964563633,0.3148827972215807,0,2.7709200075147487,0
0,1,0,0.3352475943728663,0.8589127032877059,0.8933237015798199,-1.7280650671531088,0.7269682404890598,0.34792329761944313,0.2827400280249295,0.6533646851631671,1,2.0109962512965995,1
2,1,0,1.1904018922632802,0.8920900891464366,0.8933237015798199,-0.7188440578734214,1.1883026634145246,0.09726543516088265,0.39259769562042096,1.1149308959926032,1,2.793096690188431,1
2,0,0,1.5110847539721854,0.7593805457115133,0.54297010653671,-1.2002540795413181,-0.48787907321466395,-0.2673278193242962,1.4582170712966882,2.745798174256611,1,3.448808353014339,1
0,0,0,-0.30611812904494423,-0.5345375027789898,-0.15773708354950988,-0.5448404355838201,0.2810116316611106,-0.10781827048703045,-0.2995056102311753,0.3148827972215807,1,0.18857054816448554,1
3,0,0,1.6179790412084873,2.506722867604671,-0.15773708354950988,-1.0552510609666506,-0.11881153487429215,0.12005251356620632,2.172291910667383,1.945750075485588,1,4.119282964844885,1
3,0,0,0.19272187805779725,-0.19170451557210436,-0.8584442736357297,1.5374029111484084,1.142169221121978,1.0771098065898008,-0.31049137699072443,0.3148827972215807,0,2.2236704479426352,0
4,0,0,0.9766133177906767,1.489283034603592,-1.5591514637219497,0.5977833507845616,-1.0722360089202525,1.6923609235335402,1.5790605056517288,1.699581429709889,0,3.8987668499749057,0
2,0,1,-0.1992238418086425,-0.28017754452871996,-1.5591514637219497,-0.18523294951864414,-0.08805590667926116,-0.24454074091897252,0.29372579478447863,-0.6390207051592539,0,-0.6778915579730089,0
3,0,0,-0.9474838524627548,-1.0211391620403756,-1.5591514637219497,-1.0146502157657435,-0.9799691243351596,-1.0193014066999775,-0.8487939482086326,-0.7621050280471036,1,-3.6101695072908733,1
0,1,0,-0.413012416281246,-0.4239462165832203,0.19261651149360004,-1.7106647049241486,-0.3802343745320555,0.21120082718750102,-0.6949932135749445,-0.8851893509349531,1,-1.749216111854452,1
5,0,1,1.6179790412084873,0.604552745037436,-0.8584442736357297,-0.8348464727331556,1.5112367594623497,1.3733418258590087,0.7221706984068954,2.0380633176514755,1,5.64481260137973,1
4,1,0,-1.4819552886442635,-1.3860904064864148,-1.5591514637219497,0.011971155742903961,-1.0568581948227371,-0.9509401714840066,-1.3101961521096968,-1.2236712388765396,0,-4.54166575729298,0
3,0,1,-1.410692430486729,-1.2533808630514915,1.5940308916660397,1.2415967532560863,-0.9338356820426131,-0.7914306226467408,-1.3101961521096968,-1.1929001581545773,0,-4.228362614953628,0
4,1,0,0.47777331068793527,1.0800952756792448,-1.5591514637219497,0.2323757439763989,0.38865633034371905,0.1656266703768537,0.39259769562042096,0.4071960393874679,0,1.3540767357284615,0
2,0,0,-0.16359241272987524,-0.014758457658873165,-1.2087978686788396,1.2589971154850463,-0.0419224643867147,-0.5863469169988277,-0.23359100967388038,0.4995092815533551,0,-0.3623511095060676,0
4,0,0,0.9053504596331423,1.6219925780385154,1.5940308916660397,-1.385857943316893,0.9730132660493077,0.18841374878217737,0.019081625795749985,0.28411171649961825,1,1.4646203571268535,1
5,1,0,0.6202990270030043,0.5492571019395512,0.54297010653671,1.3865997718307541,-0.8569466115550357,-0.9965143282946539,0.052038926074397425,0.7764490080510168,0,-1.0249730057242754,0
5,0,0,0.727193314239306,1.3123369766903608,1.5940308916660397,-0.04603005168696313,-0.36485656043454,1.0543227281844771,0.5573841970136582,0.8072200887729791,0,2.0540704535365744,0
4,1,1,0.5846675979242371,1.057977018440091,-0.8584442736357297,-0.5912414015277138,0.8346129391716682,-0.9737272498893302,0.4035834623799701,1.0533887345486783,1,1.3178578862109864,1
5,1,1,0.26398473621533175,-0.30229580176787385,-0.8584442736357297,1.4330007377746476,-0.36485656043454,0.9176002577525351,-0.11274757531883978,0.8072200887729791,0,1.2472162107721345,0
0,0,1,1.2616647504208147,1.5777560635602075,0.8933237015798199,0.24977610620535903,-0.9953469384326751,2.0797412564240427,1.963562342235949,2.253460882705212,0,5.301417542932528,0
0,0,1,-0.555538132596315,-0.501360116920259,-1.2087978686788396,-1.2234545625132651,0.12723349068595569,-0.03945703527105942,-0.6620359132962971,-0.7621050280471036,0,-1.3363644859285044,0
2,0,1,-0.09232955457234074,0.26171975783055057,1.5940308916660397,-1.2698555284571587,-1.087613823017768,0.4390716112407378,-0.1896479426356838,0.6225936044412047,1,-0.21559654997150945,1
5,0,1,0.37087902345163354,-0.08111322937633486,0.8933237015798199,-1.1596532343404113,0.2656338175635951,-0.49519860337753296,0.9528718003574275,0.19179847433373107,1,0.9151054888772208,1
5,0,1,0.050196161742728264,-0.269118415909143,0.8933237015798199,0.6847851619293622,0.6500791700014824,-1.1104497203212722,0.3266830950631261,0.6841357658851296,0,0.5504483106284659,0
5,1,1,-0.3417495581237115,-0.30229580176787385,-0.5080906785926198,-1.6874642219522018,0.1118556765884402,-0.9053660146733592,-0.23359100967388038,-0.5159363822714043,1,-1.5430377300302036,1
5,1,0,-0.6624324198326168,-0.8552522327467212,-1.5591514637219497,1.3807996510877674,-0.8108131692624893,-0.4724115249722093,-0.5411924789412564,-0.42362314010551705,0,-2.248040313281472,0
3,1,1,0.869719030554375,0.7151440312332055,0.54297010653671,0.45278033220989383,0.20412256117353314,1.6239996883175691,0.5463984302541091,1.9149789947636258,0,4.289499674508837,0
2,1,1,-1.26816671417166,-1.175966962714453,0.54297010653671,1.3111982021719268,-0.6570350282873343,-0.7458564658360934,-1.1563954174760087,-1.0390447545447652,0,-3.598331666144202,0
4,0,1,-1.3750610014079618,-1.3307947633885302,0.8933237015798199,-1.4612595129757202,-0.9645913102376441,-0.631921073809475,-1.2772388518310493,-1.0082736738228029,1,-3.8820249097009714,1
1,0,1,1.1904018922632802,0.5050205874612435,-0.8584442736357297,-0.7188440578734214,2.649195002678496,2.626631138151811,1.831733141121359,2.1919187212612874,1,9.299478003212954,1
0,1,1,1.012244746869444,1.234923076353322,-0.5080906785926198,0.38317888329405336,-0.44174563092211744,0.9631744145631824,0.3596403953417735,2.0996054790954,0,2.9806746580782386,0
1,0,1,-1.0543781396990566,-1.1980852199536067,1.5940308916660397,1.7172066541809965,-1.1337472653103144,-0.6091339954041514,-0.8378081814490834,-0.8236471894910283,0,-3.4043366316545773,0
2,0,0,-0.9118524233839875,-0.8994887472250291,1.5940308916660397,-0.307035485121365,-1.0261025666277062,-0.8597918578627118,-1.090480816918714,-0.8236471894910283,1,-3.8000224309001602,1
2,1,1,-0.4842752744387805,-0.1364088724742196,-1.5591514637219497,-1.1306526306254778,-0.24183404765441607,-0.40405028975623825,-0.6620359132962971,0.16102739361176865,0,-1.1468928570951826,0
5,0,0,-1.410692430486729,-1.2312626058123375,0.8933237015798199,-0.5912414015277138,-1.087613823017768,-1.1104497203212722,-1.409068052945639,-1.3159844810424268,1,-4.923116077327106,1
5,0,0,0.5134047397667025,1.0690361470596679,-0.5080906785926198,1.0385925272515515,-0.07267809258174568,1.0543227281844771,0.06302469283394657,1.176473057436528,0,2.2211423858732062,0
0,1,1,1.119139034105746,1.8099977645713234,-0.5080906785926198,-1.142252872111451,0.6193235418064514,0.8720261009418877,0.4255549958990684,0.3456538779435431,1,2.2625585165909508,1
2,1,0,-0.02106669641480624,-0.30229580176787385,-0.5080906785926198,0.6325840752424818,0.5885679136114204,0.4162845328354141,-0.20063370939523295,-0.23899665577374263,0,0.5652220812778589,0
1,1,0,-1.26816671417166,-1.0100800334207987,-0.8584442736357297,-0.5390403148408334,-0.7493019128724273,-0.5179856817828566,-1.1344238839569103,-0.946731512378878,1,-3.348442990991072,1
5,1,0,-0.4842752744387805,-0.6672470462139132,1.24367729662293,-1.345257098115986,-0.6262794000923033,-0.5863469169988277,-0.7389362806131411,-0.5159363822714043,1,-2.467498979975676,1
3,0,1,-0.3417495581237115,-0.05899497213718096,0.8933237015798199,0.928390233134804,-0.42636781682460195,0.37071037602476675,-0.024861441242446602,-0.6082496244372915,0,-0.6887685064795732,0
2,1,0,0.7628247433180733,0.18430585749351192,-0.8584442736357297,1.1371945798823255,-0.13418934897180765,0.2567749839981484,-0.07979027504019233,1.484183864656152,0,1.5269792246423004,0
1,0,0,-1.0900095687778237,-1.120671319616568,-0.8584442736357297,1.6012042393212622,-1.0722360089202525,-0.4724115249722093,-1.0245662163614189,-1.0698158352667275,0,-3.6390295855206083,0
3,1,0,-1.0900095687778237,-1.1538487054752988,0.54297010653671,0.4237797284949603,-1.0261025666277062,-0.3584761329455909,-1.0135804496018699,-1.0698158352667275,0,-3.4679749844418946,0
1,0,1,0.01456473266396101,-0.4018279593440664,-1.2087978686788396,0.8529886634759768,-0.3802343745320555,0.8948131793472114,-0.11274757531883978,0.6225936044412047,0,1.0244248339375208,0
1,1,0,0.3352475943728663,-0.16958625833295046,0.19261651149360004,-0.06343041391592326,0.23487818936856414,-1.0648755635106248,-0.27753407671207697,0.6533646851631671,0,-0.4541667656909707,0
1,0,0,-0.05669812549357349,0.32807452954801225,-0.5080906785926198,-1.2640554077141721,0.9422576378542767,-1.0420884851053012,0.04105315931484828,-0.7928761087690659,1,-0.851653796705242,1
3,1,1,-1.4819552886442635,-1.4192677923451458,0.19261651149360004,1.7404071371529433,-0.9492134961401286,-1.1332367987265959,-1.2992103853501475,-1.1929001581545773,0,-4.57456083837145,0
1,0,1,0.869719030554375,1.0911544042988217,1.24367729662293,0.1627742950605584,-0.6109015859947878,-0.631921073809475,0.7221706984068954,-0.08514125216393059,0,-0.605793213561298,0
2,0,0,0.47777331068793527,1.0911544042988217,0.19261651149360004,0.38897900403704005,0.9268798237567613,0.12005251356620632,1.139629835269763,0.13025631288980624,0,2.316818485482537,0
2,0,1,1.297296179499582,1.245982204972899,-1.5591514637219497,1.0327924065085647,0.15798911888098668,-0.5863469169988277,1.5021601383348848,1.6380392682659641,0,2.7118416084830077,0
4,0,1,0.7984561723968405,0.2285423719718197,1.24367729662293,1.3401988058868604,1.6957705286325355,-0.1533924272976778,0.8649856662810342,0.06871415144588143,0,2.4760779190617734,0
5,0,0,0.8340876014756078,1.3233961053099377,-1.2087978686788396,-1.623662893779348,1.895682111900237,2.193676648450661,1.1066725349911155,1.3610995417683025,0,6.557130837110316,0
2,0,0,-0.840589565226453,-0.6451287889747592,0.8933237015798199,0.3251776758641863,0.03496660610086275,-0.563559838593504,-0.9586516158041241,-0.42362314010551705,0,-1.9108679884022823,0
3,0,0,-0.5911695616750823,-0.689365303453067,-0.8584442736357297,1.7172066541809965,-0.5032568873121794,-0.03945703527105942,-0.5411924789412564,-0.23899665577374263,0,-1.3229030572982379,0
3,1,1,-1.0543781396990566,-0.8552522327467212,-1.2087978686788396,-1.623662893779348,-0.6416572141898188,-0.5179856817828566,-0.9696373825636732,-0.8544182702129908,0,-2.9836985487493397,0
2,1,0,-0.698063848911384,-0.5124192455398359,-0.15773708354950988,0.8761891464479236,-0.303345304044478,0.21120082718750102,-0.6730216800558463,-1.0390447545447652,0,-1.8042109114575884,0
5,1,0,-0.127960983651108,0.2506606292109736,-1.5591514637219497,-0.4462383829530461,0.48092321492881196,0.46185868964606147,-0.4642921116244125,0.06871415144588143,0,0.5472039443963423,0
5,0,0,-0.698063848911384,-0.5124192455398359,-0.8584442736357297,-0.0924310176308568,0.03496660610086275,-0.6547081522147987,-0.4642921116244125,-0.6390207051592539,0,-1.7230543628976025,0
2,1,0,0.22835330713656452,0.5824344877982821,-1.5591514637219497,0.17437453654653182,-0.6877906564823653,-0.4268373681615619,0.8210425992428376,-0.6390207051592539,0,-0.9326061305603434,0
3,0,1,-0.9831152815415221,-0.7888974610292596,0.54297010653671,-0.7420445408453682,-0.4725012591171484,-0.38126321135091457,-0.8158366479299851,-0.9775025931008403,1,-2.6471037114988882,1
0,1,1,0.5490361688454698,0.37231104402632004,0.8933237015798199,1.1719953043402458,1.0960357788294317,-0.8825789362680355,0.7331564651664445,1.4534127839341897,0,2.4000260916620304,0
2,0,1,-0.840589565226453,-0.9658435189424908,1.24367729662293,-0.307035485121365,-0.3802343745320555,-0.7458564658360934,-0.651050146536748,-1.0082736738228029,1,-2.7854146607276995,1
1,1,1,-1.5175867177230307,-1.363972149247261,0.8933237015798199,0.7311861278732559,-0.8415687974575202,-0.8370047794573882,-1.321181918869246,-1.1621290774326147,0,-4.161884573216769,0
1,0,0,0.5490361688454698,0.37231104402632004,-0.5080906785926198,0.649984437471442,-0.7954353551649738,-0.40405028975623825,1.0187864009147223,0.8072200887729791,0,0.6265208447664893,0
3,0,0,-0.413012416281246,-0.490300988300682,-0.8584442736357297,1.1023938554244053,0.48092321492881196,-0.7002823090254461,-0.2885198434716261,-0.7005628666031787,0,-1.2084418041714389,0
5,1,0,-1.7313752921956342,-1.6072729788779538,0.8933237015798199,-1.182853717312358,-1.14912507940783,-1.1332367987265959,-1.6068118546175236,-1.469839884652239,1,-5.359013617404188,1
3,0,0,-1.0900095687778237,-1.2091443485731836,-0.8584442736357297,1.3401988058868604,-0.9492134961401286,-0.7458564658360934,-0.9037227820063783,-1.1621290774326147,0,-3.760921821415215,0
2,0,1,1.4398218958146511,0.6377301308961668,1.5940308916660397,0.18597477803250523,-0.5032568873121794,-1.0420884851053012,1.6339893394494744,2.5304006092028737,0,2.6190445762348675,0
3,0,0,-0.127960983651108,-0.479241859681105,-0.5080906785926198,-0.4230378999810992,0.8961241955617302,-0.4268373681615619,-0.16767640911658552,-0.05437017144196819,1,0.2472402468416145,1
3,1,1,-0.6624324198326168,-0.4460644738223742,-0.8584442736357297,0.6267839544994951,0.21950037527104865,0.1656266703768537,-0.7718935808917886,-1.0698158352667275,0,-1.4565823705106138,0
2,1,0,-1.1969038560141254,-1.2091443485731836,0.54297010653671,1.3285985644008869,-1.118369451212799,-0.7686435442414171,-1.1563954174760087,-1.0390447545447652,0,-4.08245316747499,0
1,1,0,-0.8762209943052203,-0.7778383324096827,0.19261651149360004,1.4736015829755547,-0.4571234450196329,0.028904199944911613,-0.9696373825636732,-0.7621050280471036,0,-2.159961655685498,0
3,1,1,-0.840589565226453,-0.9326661330837599,0.54297010653671,1.7346070164099565,-0.7800575410674583,-0.17617950570300148,-1.0025946828423207,-0.9159604316569155,0,-2.874792161269696,0
0,1,1,-0.5199067035175478,-0.19170451557210436,-0.8584442736357297,-0.06343041391592326,-0.5955237718972723,-1.1332367987265959,-0.431334811345765,-0.30053881721766745,0,-2.4606341991873006,0
4,0,1,0.7628247433180733,1.2017456904945911,-0.8584442736357297,-0.16783258728968403,-0.42636781682460195,-1.1332367987265959,0.8210425992428376,-0.23899665577374263,0,-0.9775586720821028,0
2,1,1,-0.9118524233839875,-0.9658435189424908,-0.8584442736357297,0.6267839544994951,-0.08805590667926116,-1.0876626419159485,-0.574149779219904,-0.4543942208274795,0,-2.204262548642593,0
2,1,0,0.15709044897903002,0.4939614588416665,0.8933237015798199,-1.5772619278354543,-0.7800575410674583,-0.03945703527105942,-0.4642921116244125,-0.39285205938355466,1,-1.676658747346485,1
3,0,1,1.4754533248934183,2.0311803369628625,-0.5080906785926198,-0.208433432490591,2.049460252875392,2.330399118882603,1.6120178059303762,1.9765211562075506,0,7.968398333895922,0
3,1,0,1.4041904667358838,0.4276066871242048,-0.5080906785926198,0.5397821433546945,1.6650149004375046,-0.10781827048703045,1.5900462724112778,0.6841357658851296,0,3.8313786682468813,0
4,1,1,0.299616165294099,-0.014758457658873165,0.54297010653671,0.15117405357458497,1.3728364325847102,-0.08503119208170677,0.2717542612653803,0.9918465731047537,0,2.551406074873137,0
4,0,0,0.19272187805779725,0.05159631405858853,0.19261651149360004,-0.7536447823313417,0.37327851624620356,1.3049805906430376,-0.05781874152109404,0.6225936044412047,1,2.243033969809352,1
2,1,1,-0.6624324198326168,-0.2912366731482969,-0.5080906785926198,1.4446009792606211,-1.087613823017768,0.07447835675555897,-0.5192209454221582,-0.1774544943298178,0,-1.7098109060141853,0
5,1,0,1.4398218958146511,1.4008100056469763,0.8933237015798199,-0.307035485121365,2.2186162079480622,0.46185868964606147,1.8427189078809083,1.3610995417683025,1,5.884293347243334,1
0,1,1,-0.16359241272987524,-0.0036993290392962164,-1.5591514637219497,-1.0610511817096373,-0.28796748994696253,-0.24454074091897252,-0.36542021078847015,0.4995092815533551,0,-0.39841916010105,0
4,0,0,0.7984561723968405,-0.025817586278450114,-1.5591514637219497,-1.403258305545853,0.9422576378542767,1.6695738451282165,0.5793557305327565,0.7149068466070919,1,3.9060940601223417,1
5,1,1,-1.3394295723291945,-1.3307947633885302,0.8933237015798199,1.3111982021719268,-1.118369451212799,-0.7458564658360934,-1.101466583678263,-1.10058691598869,0,-4.066279416715846,0
0,1,0,-1.1612724269353583,-1.2091443485731836,-0.8584442736357297,1.3691994096017939,-0.9492134961401286,-0.7002823090254461,-0.9147085487659274,-0.9159604316569155,0,-3.4801647855884177,0
3,0,0,-1.6244810049593326,-1.4856225640626073,-0.15773708354950988,-0.52744007335486,-1.087613823017768,-1.0648755635106248,-1.5079399537815814,-1.4390688039302764,1,-5.0994981442402505,1
2,1,1,0.22835330713656452,0.593493616417859,1.5940308916660397,-0.10983137985981693,1.1883026634145246,0.6441553168886509,-0.4093632778266667,1.0841598152706409,0,2.5072545177471497,0
4,0,0,-1.695743863116867,-1.551977335780069,-1.2087978686788396,-1.3974581848028664,-1.1337472653103144,-1.1332367987265959,-1.551883020819778,-1.469839884652239,0,-5.288706969508928,0
5,0,1,-1.0543781396990566,-0.8884296186054521,-0.15773708354950988,-0.48103910741096634,-0.9645913102376441,-0.4724115249722093,-1.0685092833996155,-1.10058691598869,1,-3.606099034598159,1
1,1,1,0.22835330713656452,0.5492571019395512,0.54297010653671,-0.9160481631349695,0.6500791700014824,0.5302199248620325,0.3047115615440278,0.4687382008313927,1,1.9537488572389357,1
1,1,1,-1.410692430486729,-1.3750312778668379,0.8933237015798199,-1.4728597544616935,-0.8569466115550357,-1.0648755635106248,-1.4200538197051882,-1.2852134003204645,1,-4.627089395091313,1
5,0,0,1.5110847539721854,2.0864759800607473,-0.8584442736357297,0.8239880597610433,-0.5032568873121794,-0.9965143282946539,1.9415908087168505,0.9918465731047537,0,1.433666166214771,0
1,0,1,-0.555538132596315,-0.7778383324096827,-0.15773708354950988,0.15117405357458497,-0.05730027848423019,0.12005251356620632,-0.8707654817277308,-0.6390207051592539,0,-1.4470339518050086,0
0,1,1,1.119139034105746,1.5114012918427457,-1.2087978686788396,0.11057320837367801,0.23487818936856414,-0.8825789362680355,0.8649856662810342,0.4071960393874679,0,0.6244809587690308,0
2,1,1,0.869719030554375,0.30595627230885836,1.5940308916660397,0.7775870938171495,0.2502560034660796,0.12005251356620632,0.8649856662810342,-0.023599090720005784,0,1.2116950925933143,0
1,0,1,0.6915618851605387,1.1575091760162834,-0.8584442736357297,-1.043650819480677,1.172924849317009,1.487277217885627,0.019081625795749985,1.1457019767145655,1,3.8249856697129516,1
5,1,1,-0.413012416281246,-0.7557200751705287,1.24367729662293,0.00037091425693054283,-0.5493903296047259,-0.9965143282946539,-0.5192209454221582,0.19179847433373107,0,-1.873327128987807,0
3,0,1,-0.127960983651108,-0.21382277281125825,0.19261651149360004,-0.9276484046209429,-0.5340125155072104,-0.38126321135091457,0.1618965936698889,-0.20822557505178022,1,-0.9616047082400162,1
5,1,1,-1.1969038560141254,-1.0985530623774142,0.8933237015798199,1.2763974777140066,-0.8877022397500667,-0.8597918578627118,-1.2223100180333035,-1.2236712388765396,0,-4.193475354522621,0
0,0,0,-0.9118524233839875,-0.8110157182684135,-0.5080906785926198,-0.945048766849903,-0.25721186175193156,-1.1332367987265959,-1.0245662163614189,-0.5159363822714043,1,-2.930951259111351,1
1,1,1,-1.6601124340380997,-1.5187999499213383,0.19261651149360004,-0.7652450238173151,-1.0414803807252215,-1.1332367987265959,-1.4969541870220322,-1.408297723208314,1,-5.079969089682163,1
0,1,1,-0.9474838524627548,-0.6672470462139132,-0.5080906785926198,-1.345257098115986,-0.8108131692624893,-1.0876626419159485,-1.0465377498805173,-0.5159363822714043,1,-3.4609499433303594,1
4,0,0,0.22835330713656452,0.7483214170919363,-1.5591514637219497,1.5722036356063287,-0.6570350282873343,-0.7458564658360934,-0.07979027504019233,0.3456538779435431,0,-1.137027891220077,0
1,0,0,1.6892418993660219,2.5177819962242483,-1.2087978686788396,1.2531969947420598,2.2032383938505467,1.6467867667228928,1.2055444358270577,1.0841598152706409,0,6.139729411671138,0
5,0,0,1.4041904667358838,1.9537664366258238,-1.2087978686788396,1.0037918027936312,0.48092321492881196,-0.19896658410832516,0.41456922913951927,2.007292236929513,0,2.703818096889519,0
3,1,0,-1.5175867177230307,-1.3418538920081071,0.54297010653671,-0.1388319835747505,-0.9645913102376441,-0.8370047794573882,-1.3761107526669916,-1.408297723208314,0,-4.586004565570338,0
1,0,0,-1.2325352850928928,-1.175966962714453,0.54297010653671,0.4237797284949603,-0.8569466115550357,-0.5179856817828566,-1.255267318311951,-1.1313579967106524,0,-3.761557608360496,0
0,0,1,1.6892418993660219,2.097535108680324,1.5940308916660397,0.928390233134804,2.1571049515580003,1.0087485713738298,2.0075054092741453,2.653484932090724,0,7.826843864296698,0
5,1,1,-0.7693267070689185,-0.8441931041271443,0.19261651149360004,0.45278033220989383,-0.6262794000923033,-0.4496244465668856,-0.4642921116244125,-0.39285205938355466,0,-1.933048017667156,0
4,1,1,-0.413012416281246,-0.34653231624618164,0.54297010653671,1.6998062919520363,-0.2264562335569006,-0.0622441136763831,-0.24457677643342954,0.06871415144588143,0,-0.46456297222083176,0
0,0,1,-0.6268009907538495,-0.6783061748334901,1.24367729662293,0.8935895086768837,-0.2110784194593851,-0.24454074091897252,-0.9037227820063783,-0.08514125216393059,0,-1.4444831945486665,0
3,0,1,-1.553218146801798,-1.4303269209647227,-0.5080906785926198,0.0989729668877046,-0.9030800538475822,-1.0420884851053012,-1.39808228618609,-1.254442319598502,0,-4.597693144737475,0
3,1,1,1.1904018922632802,1.5888151921797844,1.5940308916660397,0.3541782795791198,1.0960357788294317,-0.3584761329455909,1.5131459050944338,1.8226657525977386,0,4.073371303576013,0
1,0,1,-0.37738098720247876,-0.33547318762660466,0.19261651149360004,-1.4148585470318265,0.4655454008312965,-0.563559838593504,0.052038926074397425,0.007171990001956621,1,-0.038803521685853486,1
0,1,1,-1.125640997856591,-0.9769026475620677,0.8933237015798199,1.224196391027126,-0.9799691243351596,-1.1104497203212722,-1.101466583678263,-0.946731512378878,0,-4.138616940713573,0
0,1,0,-0.413012416281246,-0.05899497213718096,-1.5591514637219497,0.7543866108452028,0.2656338175635951,-0.22175366251364884,-0.05781874152109404,0.13025631288980624,0,0.11631772641865848,0
5,1,0,0.8340876014756078,0.31701540092843533,-1.5591514637219497,1.1139940969103788,-0.33410093223950904,1.0087485713738298,0.5244268967350108,0.09948523216784384,0,1.2985597680371754,0
5,1,1,0.299616165294099,0.09583282853689633,-0.8584442736357297,1.148794821368299,1.295947362097133,0.006117121539587936,-0.31049137699072443,-0.5774785437153291,0,0.41409456293066715,0
2,1,0,-1.3037981432504273,-1.352913020627684,0.19261651149360004,-0.6376423674716074,-1.0568581948227371,-0.7686435442414171,-1.0575235166400663,-1.1313579967106524,1,-4.014383252414873,1
2,0,1,-1.1612724269353583,-1.0653756765186833,-0.8584442736357297,-0.8812474386770492,-0.7031684705798807,-1.0648755635106248,-1.0465377498805173,-1.1313579967106524,1,-3.945939780681675,1
0,0,1,-1.4463238595654964,-1.3307947633885302,-0.8584442736357297,-0.43463814146707264,-0.8569466115550357,-0.7458564658360934,-1.3541392191478934,-1.10058691598869,1,-4.0575292125277125,1
1,0,0,0.8340876014756078,0.4497249443633587,1.5940308916660397,-1.0726514231956106,-0.8108131692624893,-0.03945703527105942,1.5461032053730814,0.6225936044412047,1,1.3184266052807376,1
5,0,0,-0.840589565226453,-0.501360116920259,0.8933237015798199,-0.6028416430136873,-1.0261025666277062,-0.4724115249722093,-0.5961213127390023,-0.7928761087690659,1,-2.8875115131079836,1
1,1,1,-0.5199067035175478,-0.2248819014308352,-0.5080906785926198,-0.33023596809331185,-0.7031684705798807,-1.1104497203212722,-0.574149779219904,-0.7005628666031787,1,-3.0883308367242357,1
5,0,0,0.6915618851605387,0.3612519154067431,0.19261651149360004,-0.4636387451820062,-0.42636781682460195,1.5784255315069218,0.2058396607080855,-0.3620809786615922,1,0.9958163967288132,1
4,1,1,-0.02106669641480624,0.31701540092843533,0.54297010653671,-1.6990644634381753,-0.33410093223950904,0.14283959197153,-0.25556254319297866,-0.5159363822714043,1,-0.962760265732362,1
2,0,0,-1.1612724269353583,-1.0432574192795294,0.54297010653671,-0.568040918555767,-0.9338356820426131,-0.8825789362680355,-1.178366950995107,-1.1313579967106524,1,-4.126139566016408,1
2,0,1,-0.127960983651108,-0.34653231624618164,-0.8584442736357297,-0.5506405563268069,-0.6262794000923033,-0.2673278193242962,0.31569732830357694,-0.8236471894910283,1,-1.401557080604051,1
2,1,1,0.5846675979242371,0.8810309605268597,-1.2087978686788396,-1.7164648256671353,1.0652801506344005,0.48464576805138515,1.007800634155173,1.545726026100077,0,4.103452578941035,0
5,1,0,0.26398473621533175,0.26171975783055057,-0.15773708354950988,0.690585282672349,-0.25721186175193156,-0.7002823090254461,-0.2995056102311753,-0.5774785437153291,0,-1.834478324723882,0
0,0,1,0.299616165294099,0.8367944460485519,1.24367729662293,1.4794017037185414,0.9115020096592457,0.30234914080879577,-0.06880450828064319,-0.30053881721766745,0,0.8445078249697306,0
4,1,0,0.3352475943728663,0.07371457129774242,1.24367729662293,-0.04022993094397642,-0.10343372077677666,-0.03945703527105942,-0.2116194761547821,0.4379671201094303,0,0.0834568879068121,0
1,1,1,-1.553218146801798,-1.5187999499213383,-0.15773708354950988,-0.4462383829530461,-1.0414803807252215,-0.8825789362680355,-1.485968420262483,-1.254442319598502,1,-4.664470056854242,1
0,1,1,-0.4842752744387805,-0.2248819014308352,0.54297010653671,-1.2466550454852119,0.48092321492881196,0.4162845328354141,-0.651050146536748,-0.023599090720005784,1,0.2225585105074723,1
0,0,1,0.727193314239306,0.46078407298293567,-0.8584442736357297,1.0617930102234983,-0.5493903296047259,-0.03945703527105942,0.7331564651664445,0.007171990001956621,0,0.15148109029261586,0
5,0,1,-1.410692430486729,-1.2423217344319144,-1.5591514637219497,-0.3592365718082454,-1.087613823017768,-0.8370047794573882,-1.1893527177546561,-1.0390447545447652,0,-4.153016074774578,0
3,1,1,1.58234761212972,0.5492571019395512,-1.5591514637219497,-0.5448404355838201,1.4343476889747722,-0.9509401714840066,1.9306050419573015,1.8534368333197009,1,4.267449392767768,1
4,1,1,-1.0187467106202892,-0.7225426893117979,-1.5591514637219497,-0.805845869018222,-0.9338356820426131,-0.4496244465668856,-1.1454096507164595,-0.8851893509349531,0,-3.4140591302609113,0
4,1,1,0.15709044897903002,0.5381979733199743,-0.5080906785926198,0.38317888329405336,-0.5647681437022414,-0.0622441136763831,0.31569732830357694,0.8995333309388663,0,0.5882184018638188,0
3,1,1,-0.23485527088740973,0.12901021439562718,1.5940308916660397,-0.22583379471955112,-0.303345304044478,0.6897294736992983,-0.34344867726937184,-0.30053881721766745,0,-0.25760332483221904,0
5,1,0,-0.02106669641480624,-0.479241859681105,-0.15773708354950988,-1.4786598752046802,0.7423460545865753,0.006117121539587936,-0.11274757531883978,0.4071960393874679,1,1.0429116401947913,1
4,1,1,0.37087902345163354,-0.2912366731482969,0.54297010653671,1.5200025489194484,0.5885679136114204,-0.7914306226467408,0.7441422319259936,0.5610514429972799,0,1.102330965887953,0
3,1,0,1.0835076050269785,0.7925579315702441,-0.15773708354950988,0.49918129815378753,1.9879489964853299,0.849239022536564,0.4475265294181667,0.3764249586655055,0,3.661139507105566,0
4,0,1,0.6915618851605387,0.4939614588416665,-0.5080906785926198,0.6267839544994951,1.5573702017548963,-0.5407727601881803,1.007800634155173,-0.14668341360785542,0,1.8777146621140335,0
4,1,0,0.19272187805779725,-0.03687671489802706,1.5940308916660397,0.3251776758641863,0.32714507395365705,0.9631744145631824,-0.38739174430756845,0.4687382008313927,0,1.3716659450406636,0
4,0,0,-1.1612724269353583,-0.8994887472250291,0.54297010653671,0.8297881805040299,-0.7493019128724273,-0.9053660146733592,-1.167381184235558,-1.0698158352667275,0,-3.891864947048072,0
2,0,0,-0.5199067035175478,-0.33547318762660466,0.54297010653671,-1.1132522683965176,0.40403414444123453,-0.17617950570300148,-0.23359100967388038,0.13025631288980624,1,0.12451994195415891,1
5,0,0,-1.5888495758805652,-1.5298590785409152,0.54297010653671,-1.1132522683965176,-0.9953469384326751,-1.0648755635106248,-1.485968420262483,-1.254442319598502,1,-4.8006332418042845,1
1,0,1,-0.05669812549357349,0.15112847163478108,0.19261651149360004,-0.9334485253639296,0.004210977905831773,-0.8142177010520645,-0.5302067121817073,0.6841357658851296,1,-0.6560776694428104,1
3,0,1,-0.7336952779901512,-0.8884296186054521,-0.8584442736357297,-1.0726514231956106,-0.8415687974575202,0.1656266703768537,-0.6180928462581005,-0.7621050280471036,1,-2.05614000138587,1
0,1,1,-0.4486438453600132,-0.501360116920259,0.19261651149360004,-0.6376423674716074,-0.6416572141898188,0.34792329761944313,-0.07979027504019233,-0.5774785437153291,1,-0.9510027353258972,1
1,0,1,0.9053504596331423,1.6441108352776692,0.8933237015798199,1.647605205265156,0.8961241955617302,-0.3129019761349435,0.22781119422718377,1.7918946718757762,0,2.6029280855297467,0
4,0,0,0.9766133177906767,1.1353909187771296,1.24367729662293,-1.0146502157657435,-0.6877906564823653,2.056954178018719,1.6889181732472203,0.6841357658851296,1,3.7422174606687038,1
0,0,0,0.6202990270030043,0.7262031598527824,1.5940308916660397,0.7543866108452028,1.5419923876573807,-0.8370047794573882,0.3816119288608718,-0.42362314010551705,0,0.6629763969553473,0
4,0,1,0.299616165294099,0.23960150059139665,1.5940308916660397,0.33097779660717297,-0.9184578679450977,0.14283959197153,-0.23359100967388038,-0.269767736495705,0,-1.2789770221431531,0
2,1,0,-0.05669812549357349,0.18430585749351192,-0.15773708354950988,-0.6956435749014745,-0.8108131692624893,0.8948131793472114,-0.27753407671207697,-0.7005628666031787,1,-0.8940969332305335,1
3,1,1,-1.410692430486729,-1.3307947633885302,0.8933237015798199,-1.4148585470318265,-0.9492134961401286,-1.1104497203212722,-1.332167685628795,-1.0390447545447652,1,-4.430875656634961,1
1,1,1,1.6892418993660219,2.307658552452286,0.19261651149360004,0.1685744158035451,3.156662867896507,-0.19896658410832516,1.6120178059303762,1.9149789947636258,0,6.484693084482184,0
1,0,1,-1.3750610014079618,-1.1538487054752988,-1.5591514637219497,0.38897900403704005,-0.9799691243351596,-1.0648755635106248,-1.2003384845142053,-1.2852134003204645,0,-4.530396572680454,0
0,1,0,-0.127960983651108,-0.4018279593440664,1.24367729662293,-0.23743403620552453,0.004210977905831773,-1.1332367987265959,0.39259769562042096,-0.7313339473251411,0,-1.4677620725254843,0
4,0,0,0.5846675979242371,0.09583282853689633,-1.2087978686788396,1.108193976167392,-1.14912507940783,1.8290833939654823,0.6123130308114039,0.06871415144588143,0,1.3609854968149373,0
0,1,1,-0.4842752744387805,-0.4239462165832203,-0.8584442736357297,-0.3592365718082454,-0.19570060536186962,-1.0420884851053012,-0.5192209454221582,0.13025631288980624,1,-1.6267537229995228,1
2,0,0,0.8340876014756078,0.09583282853689633,1.5940308916660397,-1.403258305545853,1.4189698748772568,0.12005251356620632,1.2824448031439017,-0.20822557505178022,1,2.6132416165355847,1
2,1,0,-0.6268009907538495,-0.3797097021049125,0.54297010653671,-0.9334485253639296,-0.5340125155072104,0.30234914080879577,-0.7499220473726903,-1.0082736738228029,1,-1.9898590958939077,1
2,0,1,-0.09232955457234074,0.018418928199857684,0.19261651149360004,-0.5622407978127802,-0.6416572141898188,-0.22175366251364884,-0.34344867726937184,-0.20822557505178022,1,-1.4150851290246198,1
4,0,1,-0.16359241272987524,-0.3575914448657586,-0.8584442736357297,1.2183962702841395,0.5731900995139049,0.7353036305099456,0.2607684945058312,0.06871415144588143,0,1.6379763759755632,0
1,0,1,1.0478761759482114,1.710465606995131,0.54297010653671,-1.7280650671531088,0.8038573109766373,1.851870472370806,0.9638575671169766,0.5610514429972799,1,4.1806367934617,1
0,1,0,-0.3417495581237115,-0.700424432072644,1.24367729662293,-1.739665308639082,0.5270566572213584,0.32513621921411945,-0.7169647470940428,-0.4543942208274795,1,-0.31916609148604447,1
4,1,0,-0.8762209943052203,-0.8773704899858752,0.8933237015798199,0.06997236317277106,-0.9492134961401286,-0.9053660146733592,-1.0245662163614189,-1.10058691598869,0,-3.9797326431635964,0
3,1,0,-1.3394295723291945,-1.120671319616568,-0.8584442736357297,0.49918129815378753,-0.7339240987749118,-0.6774952306201224,-1.2113242512737543,-1.254442319598502,0,-3.8771859002672904,0
0,0,1,-0.9831152815415221,-1.131730448236145,0.19261651149360004,-1.1074521476535308,-0.6416572141898188,-0.5863469169988277,-1.1454096507164595,-0.5467074629933667,1,-2.920121244898473,1
5,0,0,-1.695743863116867,-1.574095593019223,-0.8584442736357297,-0.626042125985634,-1.0261025666277062,-1.0648755635106248,-1.5848403210984254,-1.408297723208314,1,-5.084116174445071,1
0,0,1,0.6915618851605387,0.7262031598527824,1.5940308916660397,-0.5912414015277138,-0.13418934897180765,0.12005251356620632,-0.046832974761544896,-0.33130989793962984,1,-0.39227970810677604,1
3,1,1,-0.23485527088740973,-0.4681827310615281,1.24367729662293,0.06417224242978434,0.17336693297850217,0.30234914080879577,-0.6949932135749445,-0.6082496244372915,0,-0.827526764224938,0
5,1,1,0.01456473266396101,-0.36865057348533553,-0.8584442736357297,1.0211921650225912,0.019588792003347264,-1.0420884851053012,-0.508235178662609,-0.1774544943298178,0,-1.7081893660943808,0
1,1,0,0.299616165294099,-0.23594103005041214,-0.8584442736357297,1.0385925272515515,0.5116788431238429,1.5100642962909507,-0.22260524291433123,0.4995092815533551,0,2.298647178053818,0
3,0,1,0.9766133177906767,1.3344552339295146,0.8933237015798199,-0.2316339154625378,-0.5955237718972723,0.712516552104622,0.7331564651664445,1.1149308959926032,0,1.9650801413663972,0
4,0,1,-1.0187467106202892,-1.1096121909969912,-0.8584442736357297,-1.6932643426951886,-0.6570350282873343,-0.5407727601881803,-0.9366800822850258,-0.5774785437153291,1,-2.71196641447587,1
4,1,0,0.12145901990026277,-0.28017754452871996,1.24367729662293,1.0791933724524585,-1.1029916371152835,-0.563559838593504,0.6452703310900514,0.4995092815533551,0,-0.5217718630653811,0
1,1,0,0.8340876014756078,1.5445786777014767,-0.5080906785926198,-0.017029447972029585,0.7115904263915444,-0.03945703527105942,0.12893929339124144,0.6225936044412047,0,1.4236662889529312,0
4,0,0,0.26398473621533175,-0.34653231624618164,0.19261651149360004,1.224196391027126,0.2963894457586261,0.8720261009418877,-0.10176180855929062,-0.5774785437153291,0,0.48917519442589397,0
1,0,1,0.26398473621533175,-0.23594103005041214,0.19261651149360004,1.5200025489194484,0.5885679136114204,0.780877787320593,-0.34344867726937184,-0.33130989793962984,0,0.6946871257230116,0
3,1,1,-0.09232955457234074,-0.10323148661548875,0.19261651149360004,-1.3394569773729992,-0.6570350282873343,-1.0876626419159485,-0.12373334207838892,-0.6082496244372915,1,-2.476680636718963,1
1,1,1,0.8340876014756078,0.9695039894834753,-1.2087978686788396,0.5049814188967743,2.049460252875392,1.350554747453685,1.2055444358270577,0.19179847433373107,0,4.797357910489866,0
0,1,1,1.6179790412084873,0.4939614588416665,0.19261651149360004,-0.5796411600417404,2.1571049515580003,-0.9737272498893302,2.4689076131752095,1.8226657525977386,1,5.4749510674416175,1
2,1,1,-1.7313752921956342,-1.6183321074975308,-0.8584442736357297,0.84718854273299,-1.087613823017768,-1.1332367987265959,-1.6068118546175236,-1.5313820460961636,0,-5.359044522458051,0
4,1,0,-1.553218146801798,-1.4413860495842996,0.54297010653671,0.11057320837367801,-0.8569466115550357,-0.9737272498893302,-1.39808228618609,-1.2236712388765396,0,-4.452427386506995,0
2,1,0,0.9053504596331423,0.17324672887393497,1.5940308916660397,0.5339820226117078,0.37327851624620356,1.0543227281844771,1.0956867682315663,0.7456779273290544,0,3.2689659399913014,0
1,1,1,-1.3037981432504273,-1.3086765061493761,1.24367729662293,-1.6178627730363613,-1.0107247525301906,-0.7914306226467408,-1.332167685628795,-1.3159844810424268,1,-4.450307541848153,1
2,1,1,-0.4486438453600132,-0.014758457658873165,0.54297010653671,0.7543866108452028,0.5116788431238429,-0.4724115249722093,-0.4862636451435107,-0.42362314010551705,0,-0.8706194670973941,0
3,1,0,-0.840589565226453,-0.479241859681105,-0.8584442736357297,-0.6956435749014745,-0.4725012591171484,-1.1332367987265959,-0.5302067121817073,-0.4543942208274795,1,-2.5903389908529313,1
2,1,1,-0.02106669641480624,-0.490300988300682,-1.5591514637219497,0.8877893879338971,0.7884794968791218,0.9176002577525351,-0.3983775110671176,0.22256955505569345,0,1.5302717986202325,0
4,0,1,1.4041904667358838,1.5224604204623227,-0.8584442736357297,0.21497538174743877,0.5885679136114204,-0.8597918578627118,1.963562342235949,-0.05437017144196819,0,1.6379682265426894,0
3,0,0,-0.4842752744387805,-0.6783061748334901,-0.8584442736357297,-0.6782432126725144,0.2810116316611106,-1.0420884851053012,-0.574149779219904,-0.42362314010551705,1,-1.7588497727696115,1
4,1,1,-1.695743863116867,-1.551977335780069,-1.2087978686788396,-1.6526634974942815,-1.0414803807252215,-1.1104497203212722,-1.562868787579327,-1.5006109653742012,0,-5.215409854000022,0
4,0,0,-1.1612724269353583,-1.2202034771927606,-0.5080906785926198,1.026992285765578,-0.8108131692624893,-0.563559838593504,-1.2662530850715001,-0.946731512378878,0,-3.587357605306371,0
2,0,0,1.012244746869444,0.28383801506970446,-1.2087978686788396,-1.1480529928544378,2.064838066972907,1.555638453101598,1.1506156020293121,1.0533887345486783,1,5.824480856652496,1
4,0,1,-1.0543781396990566,-0.8220748468879905,-0.5080906785926198,-0.6202420052426473,-0.48787907321466395,-1.0420884851053012,-1.178366950995107,-1.1313579967106524,1,-3.839692506025724,1
0,0,1,-1.4819552886442635,-1.3307947633885302,-1.2087978686788396,-1.4206586677748132,-0.8877022397500667,-1.1104497203212722,-1.332167685628795,-1.3775266424863517,0,-4.707846288186485,0
3,0,0,1.724873328444789,0.9363266036247444,1.24367729662293,-0.24903427769149794,1.6650149004375046,0.8264519441312403,0.8649856662810342,1.2687862996024153,0,4.625238810452194,0
0,1,1,0.19272187805779725,0.5381979733199743,1.5940308916660397,0.035171638714850795,-0.05730027848423019,-1.0193014066999775,0.5354126634945598,0.8072200887729791,0,0.26603106708333124,0
1,1,1,0.3352475943728663,-0.32441405900702774,0.8933237015798199,0.8297881805040299,0.20412256117353314,-0.5407727601881803,0.6013272640518548,-0.6390207051592539,0,-0.37434364012204635,0
5,1,0,0.22835330713656452,0.3612519154067431,-1.2087978686788396,-0.12143162134579034,0.8192351250741527,-0.22175366251364884,0.22781119422718377,-0.023599090720005784,0,0.8016935660676819,0
0,0,1,1.4041904667358838,1.9869438224845546,1.5940308916660397,0.7775870938171495,-0.7185462846773962,0.21120082718750102,1.1176583017506647,1.6380392682659641,0,2.2483521125267334,0
0,0,0,0.7984561723968405,0.10689195715647327,-1.5591514637219497,-0.6376423674716074,0.019588792003347264,-0.8142177010520645,0.7331564651664445,1.7611235911538137,1,1.699651147271541,1
5,0,0,0.0858275908214955,0.593493616417859,0.8933237015798199,1.1719953043402458,0.5731900995139049,0.48464576805138515,0.6562560978496005,-0.269767736495705,0,1.4443242289191855,0
1,1,1,-0.555538132596315,-0.8552522327467212,0.8933237015798199,1.549003152634382,-1.0722360089202525,0.37071037602476675,-0.6180928462581005,-0.8851893509349531,0,-2.2048078300885394,0
0,1,0,-1.4463238595654964,-1.4303269209647227,0.19261651149360004,-1.7280650671531088,-0.8108131692624893,-1.0420884851053012,-1.255267318311951,-1.10058691598869,1,-4.208755888668431,1
0,1,0,0.01456473266396101,0.5271388447003973,0.19261651149360004,1.549003152634382,-0.8723244256525512,0.48464576805138515,0.3486546285822244,0.22256955505569345,0,0.1835455260367518,0
0,0,1,-0.7693267070689185,-0.5787740172572976,-0.5080906785926198,-1.6700638597232418,-0.8723244256525512,-0.10781827048703045,-0.431334811345765,-0.39285205938355466,1,-1.8043295668689014,1
3,1,0,0.9053504596331423,0.4386658157437818,0.54297010653671,0.9399904746207774,1.1267914070244627,2.284824962071956,0.91991450007878,0.7149068466070919,0,5.04643771578229,0
5,1,1,0.3352475943728663,-0.047935843517604014,1.24367729662293,-0.8000457482752353,1.2190582916095556,1.0771098065898008,-0.1457048755974872,-0.4543942208274795,1,1.6960690017743896,1
1,0,0,0.442141881609168,0.3391336581675892,1.24367729662293,1.4446009792606211,-0.48787907321466395,0.18841374878217737,0.04105315931484828,0.06871415144588143,0,-0.18969801367175687,0
3,1,0,-1.125640997856591,-0.8552522327467212,1.24367729662293,-0.04603005168696313,-0.7954353551649738,-0.4496244465668856,-1.0025946828423207,-0.9775025931008403,0,-3.2251570776750205,0
4,0,0,-1.5888495758805652,-1.5187999499213383,-1.2087978686788396,-0.5390403148408334,-1.118369451212799,-1.0648755635106248,-1.474982653502934,-1.408297723208314,1,-5.066525391434672,1
2,1,1,-0.3417495581237115,-0.4128870879636433,0.54297010653671,-0.5506405563268069,0.09647786249092472,0.5757940816726799,-0.5521782457008056,0.16102739361176865,1,0.2811210920745676,1
0,1,1,-1.5175867177230307,-1.319735634768953,-0.5080906785926198,-0.7710451445603018,-1.0107247525301906,-1.0420884851053012,-1.321181918869246,-1.2852134003204645,1,-4.659208556825202,1
2,1,0,0.5490361688454698,0.8589127032877059,0.8933237015798199,-0.33023596809331185,-0.7646797269699428,1.3733418258590087,1.2275159693461561,1.0841598152706409,1,2.920337883505863,1
4,0,1,-1.695743863116867,-1.551977335780069,0.19261651149360004,0.429579849237947,-1.0568581948227371,-1.1332367987265959,-1.5738545543388762,-1.469839884652239,0,-5.233789432540448,0
3,0,0,0.37087902345163354,-0.1806453869525274,-1.5591514637219497,0.6789850411863755,1.265191733902102,-0.17617950570300148,0.10696775987214316,-0.4851653015494419,0,0.7108146865218017,0
5,1,1,-0.09232955457234074,0.2064241147326658,-0.15773708354950988,0.38317888329405336,-0.10343372077677666,0.09726543516088265,-0.2995056102311753,-0.6390207051592539,0,-0.9446946010063232,0
4,1,0,-0.1992238418086425,0.23960150059139665,1.24367729662293,1.3343986851438736,-1.118369451212799,-0.17617950570300148,-0.34344867726937184,-0.7621050280471036,0,-2.400102662232276,0
2,0,0,-0.4486438453600132,-0.6340696603551823,0.8933237015798199,-1.2582552869711854,0.12723349068595569,-1.0193014066999775,-0.651050146536748,-0.8236471894910283,1,-2.366765252041798,1
2,0,1,0.6915618851605387,0.4165475585046278,-0.5080906785926198,-0.0924310176308568,0.8499907532691837,1.9658058643974243,0.6013272640518548,0.007171990001956621,0,3.4242958717204193,0
2,1,0,-0.23485527088740973,-0.10323148661548875,1.24367729662293,1.1545949421112855,-0.1803227912643541,0.6441553168886509,-0.4752778783839616,-0.7928761087690659,0,-0.8043214615287307,0
5,0,0,0.0858275908214955,0.4718432016025126,-0.8584442736357297,-0.5216399526118732,1.111413592926947,0.46185868964606147,-0.16767640911658552,-0.39285205938355466,1,1.0127438140728684,1
0,1,1,-0.8762209943052203,-1.0211391620403756,-0.8584442736357297,-0.1620324665466973,-0.25721186175193156,-0.4268373681615619,-0.8597797149681817,-0.3620809786615922,0,-1.9059099235432673,0
3,1,0,-0.6268009907538495,-0.2248819014308352,-1.5591514637219497,-0.26643463992045807,-0.2264562335569006,-0.563559838593504,-0.9256943155254767,-0.3620809786615922,0,-2.0777913663374736,0
1,1,1,-1.3750610014079618,-1.142789576855722,-0.8584442736357297,-1.484459995947667,-0.7031684705798807,-0.7458564658360934,-1.3101961521096968,-1.1313579967106524,1,-3.8905790852363236,1
3,0,0,-0.27048669996617697,-0.7225426893117979,-0.5080906785926198,1.6302048430361957,0.2502560034660796,0.05169127835023529,-0.013875674482897454,0.16102739361176865,0,0.4490990009451861,0
0,1,1,1.1904018922632802,1.3344552339295146,-0.15773708354950988,-0.4984394696399264,-0.7646797269699428,0.32513621921411945,0.5463984302541091,0.6841357658851296,1,0.7909906883834152,1
0,0,0,-1.5888495758805652,-1.4745634354430304,1.24367729662293,1.1371945798823255,-0.9953469384326751,-0.9737272498893302,-1.5299114873006796,-1.3775266424863517,0,-4.876512318109037,0
2,0,1,-0.127960983651108,0.11795108577605022,0.19261651149360004,1.1719953043402458,-0.7954353551649738,0.09726543516088265,-0.03584720800199575,0.5302803622753175,0,-0.20373676573076938,0
3,0,0,-0.30611812904494423,-0.2912366731482969,1.5940308916660397,-1.304656252915079,-0.9492134961401286,0.028904199944911613,-0.4642921116244125,-0.7928761087690659,1,-2.1774775165886955,1
2,0,0,-0.27048669996617697,-0.047935843517604014,-1.5591514637219497,1.5722036356063287,-0.5186347014096949,0.5302199248620325,-0.13471910883793806,-0.1774544943298178,0,-0.3005883797154183,0
0,1,0,-1.5175867177230307,-1.352913020627684,-1.5591514637219497,-0.9334485253639296,-1.1337472653103144,-0.9281530930786829,-1.3651249859074426,-1.1621290774326147,0,-4.589154421729054,0
0,1,1,1.5110847539721854,1.8652934076692083,-0.5080906785926198,-0.9392486461069164,2.6645728167760114,0.32513621921411945,2.172291910667383,2.2842319634271746,1,7.446232910084689,1
5,1,0,0.40651045253040075,-0.15852712971337352,-1.5591514637219497,-0.7652450238173151,-0.6416572141898188,1.6695738451282165,-0.13471910883793806,0.16102739361176865,1,1.0542249157122283,1
3,0,1,-0.555538132596315,-0.5455966313985667,0.19261651149360004,0.26137634769133244,0.450167586733781,0.1656266703768537,-0.5631640124603547,-0.7928761087690659,0,-0.7402458641187859,0
2,0,1,-0.5199067035175478,-0.6561879175943363,1.24367729662293,0.5803829885556014,-0.4725012591171484,-0.7230693874307698,-0.4862636451435107,-0.4543942208274795,0,-2.136228512518908,0
5,0,1,1.58234761212972,2.385072452789325,0.8933237015798199,-1.4612595129757202,-0.6109015859947878,-0.631921073809475,1.809761607602261,1.9765211562075506,1,2.5434601040055487,1
5,0,1,-1.5888495758805652,-1.5187999499213383,-0.15773708354950988,1.607004360064249,-0.9338356820426131,-1.0420884851053012,-1.4420253532242866,-1.3159844810424268,0,-4.733934001414627,0
0,1,1,-0.4486438453600132,-0.025817586278450114,-0.8584442736357297,1.7346070164099565,0.050344420198378245,-0.9965143282946539,-0.2995056102311753,-0.6697917858812164,0,-1.9154673042086674,0
3,0,1,-1.3037981432504273,-1.2865582489102223,0.19261651149360004,0.05837212168679763,-0.9645913102376441,-0.9965143282946539,-1.244281551552402,-1.10058691598869,0,-4.30597410607339,0
1,1,0,0.442141881609168,0.9695039894834753,-1.2087978686788396,0.8239880597610433,-0.9184578679450977,0.48464576805138515,0.7331564651664445,-0.20822557505178022,0,0.09111879022095179,0
1,1,1,-0.8049581361476857,-0.9437252617033369,1.24367729662293,1.166195183597259,-0.5340125155072104,-0.016669956865735743,-0.88175124848728,-0.39285205938355466,0,-1.825285780243781,0
4,0,1,0.12145901990026277,0.21748324335224276,-1.5591514637219497,-0.388237175523179,0.9730132660493077,0.028904199944911613,-0.32147714375027353,-0.08514125216393059,0,0.5952990700800154,0
3,1,1,0.442141881609168,0.9695039894834753,0.8933237015798199,0.3251776758641863,0.8038573109766373,0.9859614929685061,0.008095859036200838,0.037943070723919024,0,1.835857733705263,0
3,0,1,-0.413012416281246,-0.09217235799591181,1.24367729662293,1.0733932517094718,0.5270566572213584,0.5985811600780035,-0.13471910883793806,-0.023599090720005784,0,0.9673196177414182,0
2,0,1,-0.30611812904494423,0.06265544267816547,-1.5591514637219497,-1.5540614448635075,-0.07267809258174568,-0.9737272498893302,-0.20063370939523295,-0.6082496244372915,0,-1.8552886763036005,0
0,0,0,-0.698063848911384,-0.7778383324096827,1.24367729662293,0.9747911990786977,-1.087613823017768,-0.7686435442414171,-0.38739174430756845,-0.7928761087690659,0,-3.0365252203358195,0
1,0,0,-0.5911695616750823,-0.7225426893117979,-0.8584442736357297,0.2323757439763989,0.03496660610086275,-0.9053660146733592,-0.804850881170436,-0.1774544943298178,0,-1.8527047840727502,0
4,1,0,-1.26816671417166,-1.3307947633885302,-0.8584442736357297,1.6534053260081427,-1.1337472653103144,-0.49519860337753296,-1.244281551552402,-0.946731512378878,0,-3.8199589326191274,0
3,1,1,-1.4819552886442635,-1.4524451782038765,1.24367729662293,0.9979916820506445,-0.7954353551649738,-0.9737272498893302,-1.2772388518310493,-1.2852134003204645,0,-4.3316148572058175,0
4,0,1,0.9766133177906767,1.1575091760162834,-1.2087978686788396,0.3773787625510666,-0.9953469384326751,-0.6091339954041514,1.3373736369416476,0.9918465731047537,0,0.7247392762095748,0
1,1,1,-0.555538132596315,-0.5124192455398359,1.5940308916660397,-0.846446714219129,0.12723349068595569,-0.22175366251364884,-0.8268224146895343,-0.8851893509349531,1,-1.8065319374521804,1
1,1,0,1.1904018922632802,1.9205890507670929,0.54297010653671,0.5687827470696281,2.018704624680361,0.21120082718750102,0.23879696098673292,2.22268980198325,0,4.691392214837845,0
4,1,1,0.47777331068793527,0.6819666453744746,1.5940308916660397,-1.5540614448635075,-0.5955237718972723,0.9403873361578587,0.1179535266316923,0.9303044116608288,1,1.3931215025531074,1
1,1,0,1.6179790412084873,1.4561056487448611,-0.8584442736357297,-0.37083681329421886,1.7265261568275665,0.9859614929685061,1.3373736369416476,0.3148827972215807,1,4.364744083959301,1
5,1,1,-1.0543781396990566,-0.9547843903229138,-0.15773708354950988,1.1371945798823255,-0.7800575410674583,-0.49519860337753296,-0.8597797149681817,-0.7005628666031787,0,-2.8355987260163515,0
2,1,1,0.3352475943728663,0.5271388447003973,-0.5080906785926198,-0.6608428504435543,0.7115904263915444,0.712516552104622,0.5463984302541091,0.4995092815533551,1,2.4700146903036306,1
0,1,1,1.154770463184513,0.18430585749351192,1.24367729662293,-1.0320505779947036,0.08110004839340923,1.282193512237714,0.8979429665596818,1.9765211562075506,1,4.237757683398356,1
1,1,1,0.0858275908214955,0.37231104402632004,-0.8584442736357297,-0.5738410392987536,-0.11881153487429215,0.8264519441312403,0.1618965936698889,-0.20822557505178022,1,0.6613114278750568,1
1,1,1,1.6536104702872545,0.9252674750051675,-1.2087978686788396,0.38317888329405336,1.172924849317009,1.0087485713738298,0.8979429665596818,0.9303044116608288,0,4.009920798911349,0
3,1,1,1.119139034105746,0.15112847163478108,1.24367729662293,-1.327856735887026,1.772659599120113,-0.8597918578627118,0.37062616210132265,0.9918465731047537,1,2.2753404764634775,1
5,0,0,-0.5911695616750823,-0.9105478758446061,0.54297010653671,-1.6700638597232418,-0.8723244256525512,-1.0420884851053012,-0.5302067121817073,-0.3620809786615922,1,-2.806700601601152,1
5,0,0,-0.8049581361476857,-0.4571236024419511,0.19261651149360004,0.8877893879338971,-0.5493903296047259,-0.08503119208170677,-0.4862636451435107,-0.7928761087690659,0,-1.9135612755990092,0
0,1,1,-0.9474838524627548,-1.0985530623774142,0.8933237015798199,0.8123878182750698,-0.1803227912643541,-0.9053660146733592,-0.8378081814490834,-0.6390207051592539,0,-2.5625176925460504,0
1,0,0,1.119139034105746,0.9805631181030523,-1.2087978686788396,-1.3568573396019594,0.5270566572213584,2.330399118882603,1.1066725349911155,1.6688103489879265,1,5.632938660083004,1
4,1,0,-0.30611812904494423,-0.4460644738223742,-0.5080906785926198,-0.42883802072408594,0.6347013559039669,-1.0876626419159485,0.18386812718898718,-0.023599090720005784,1,-0.2926922495430002,1
4,0,1,0.15709044897903002,-0.03687671489802706,-0.15773708354950988,-1.4264587885178,1.3113251761946483,-0.3584761329455909,0.6672418646091496,0.8379911694949416,1,2.458082077353149,1
5,1,1,-0.7693267070689185,-0.9769026475620677,-0.8584442736357297,0.690585282672349,0.06572223429589373,-0.7686435442414171,-0.7828793476513377,-1.0390447545447652,0,-2.5248454121416266,0
5,1,0,0.442141881609168,0.5492571019395512,0.19261651149360004,1.009591923536618,1.2498139198045866,1.555638453101598,0.1179535266316923,0.25334063577765586,0,3.1767465353155333,0
5,1,1,1.6536104702872545,1.5445786777014767,1.24367729662293,0.7659868523311761,-0.42636781682460195,0.5530070032673562,2.2491922779842266,2.2842319634271746,0,4.660063427854155,0
1,1,0,0.5134047397667025,0.09583282853689633,-0.8584442736357297,1.5200025489194484,-0.8415687974575202,-1.1332367987265959,0.9748433338765258,1.4534127839341897,0,0.45345052162659927,0
5,1,0,-0.05669812549357349,-0.479241859681105,1.24367729662293,0.07577248391575776,-0.10343372077677666,-0.9509401714840066,-0.06880450828064319,0.09948523216784384,0,-1.0236931683735826,0
5,0,1,0.6559304560817715,0.15112847163478108,-0.8584442736357297,-0.887047559420036,-0.5186347014096949,-1.0420884851053012,-0.11274757531883978,0.4995092815533551,1,-1.173961480280481,1
4,1,1,-1.410692430486729,-1.3418538920081071,-1.2087978686788396,0.7543866108452028,-1.1029916371152835,-0.9965143282946539,-1.2662530850715001,-1.1929001581545773,0,-4.558659208636015,0
2,1,1,0.9766133177906767,1.5998743207993613,0.54297010653671,-0.18523294951864414,-1.1645028935053454,0.8264519441312403,1.3044163366630002,0.6841357658851296,0,1.6505011531740248,0
2,0,1,1.119139034105746,0.9363266036247444,-0.8584442736357297,-0.6086417637566739,2.3877721630207325,1.282193512237714,1.3263878701820984,0.3456538779435431,1,5.342007423384088,1
5,1,1,0.5846675979242371,0.9363266036247444,0.54297010653671,1.4736015829755547,-0.6877906564823653,-0.38126321135091457,0.469498062937265,0.7764490080510168,0,0.176893203155002,0
3,0,1,0.8340876014756078,0.0073597995802807325,-0.15773708354950988,-0.30123536437837833,1.4189698748772568,1.783509237154835,0.45851229617771583,-0.05437017144196819,1,3.606621236767839,1
1,1,0,-1.3750610014079618,-1.3750312778668379,0.54297010653671,1.0385925272515515,-1.0568581948227371,-0.631921073809475,-1.39808228618609,-1.3467555617643892,0,-4.433617116582692,0
0,1,0,1.58234761212972,1.0690361470596679,-1.5591514637219497,-0.208433432490591,1.5266145735598653,2.5126957461251926,0.4914695964563633,2.161147640539325,0,6.691927556680746,0
5,1,1,-0.37738098720247876,-0.7667792037901057,-1.5591514637219497,-0.16783258728968403,-0.6109015859947878,0.6213682384833272,-0.6180928462581005,-0.1774544943298178,0,-0.7850806880993788,0
0,1,1,1.2616647504208147,1.9316481793866698,-0.5080906785926198,1.0327924065085647,2.1571049515580003,2.0797412564240427,2.0294769427932438,1.8534368333197009,0,8.119759984094989,0
4,0,1,1.4398218958146511,1.467164777364438,0.19261651149360004,1.206796028798166,2.8183509577511665,1.555638453101598,0.45851229617771583,1.4534127839341897,0,6.285914490964671,0
0,1,1,0.727193314239306,0.383370172645897,1.5940308916660397,0.9863914405646711,1.803415227315144,1.851870472370806,0.8759714330405834,0.037943070723919024,0,4.569200203450453,0
0,1,0,1.4041904667358838,1.467164777364438,-1.2087978686788396,0.06997236317277106,-1.14912507940783,0.5074328464567088,1.293430569903451,2.5304006092028737,0,3.182138946155203,0
3,0,1,-1.3037981432504273,-1.3750312778668379,0.54297010653671,1.2705973569710198,-0.9645913102376441,-0.7914306226467408,-1.2223100180333035,-1.1313579967106524,0,-4.109689947628341,0
1,0,0,1.3329276085783492,0.5603162305591282,-0.8584442736357297,0.15697417431757169,2.5723059321909187,2.5354828245305163,0.2717542612653803,2.1303765598173627,0,7.509919577804178,0
3,1,1,0.12145901990026277,-0.047935843517604014,-1.2087978686788396,-1.3974581848028664,0.7423460545865753,1.1226839634004482,-0.0028899077233483085,0.3456538779435431,1,2.207793988207218,1
1,0,0,0.37087902345163354,0.4386658157437818,-0.8584442736357297,-1.5018603581766272,-0.27258967584944704,0.21120082718750102,-0.2995056102311753,0.4071960393874679,1,0.04630158049434657,1
1,0,0,-1.4463238595654964,-1.2754991202906454,-1.2087978686788396,-0.17363270803267072,-0.9953469384326751,-0.8370047794573882,-1.255267318311951,-1.2236712388765396,0,-4.311290275078553,0
3,0,1,0.9409818887119096,0.32807452954801225,1.5940308916660397,0.789187335303123,0.050344420198378245,2.1708895700453374,1.5351174386135322,1.545726026100077,0,5.302077454957325,0
1,0,1,0.37087902345163354,-0.2470001586699891,-1.5591514637219497,-1.7280650671531088,0.21950037527104865,0.5757940816726799,0.052038926074397425,0.6841357658851296,1,1.5314691489032555,1
2,1,1,0.9409818887119096,0.6487892595157437,0.19261651149360004,-1.043650819480677,1.3267029902921639,-0.1533924272976778,1.3483594037011968,1.699581429709889,1,4.221251396405572,1
4,0,1,-0.127960983651108,-0.34653231624618164,-1.5591514637219497,-1.0668513024526238,-0.25721186175193156,0.7353036305099456,-0.23359100967388038,0.5610514429972799,1,0.8055522020814136,1
2,0,1,1.4398218958146511,2.1749490090173627,1.5940308916660397,1.3691994096017939,2.126349323362969,1.350554747453685,1.6999039400067695,1.5149549453781146,0,6.691762956201538,0
0,0,1,0.26398473621533175,-0.269118415909143,0.19261651149360004,-0.4172377792381125,0.1426113047834712,0.5302199248620325,0.4914695964563633,0.8072200887729791,1,1.971520914874846,1
4,1,0,1.2260333213420476,1.0800952756792448,-1.5591514637219497,-1.1306526306254778,-0.8569466115550357,-1.0420884851053012,0.7221706984068954,1.9765211562075506,1,0.7996567579541092,1
2,0,1,1.724873328444789,2.0201212083432853,0.54297010653671,1.0617930102234983,1.4035920607797412,2.5354828245305163,0.6452703310900514,1.3918706224902648,0,5.976215838890574,0
4,1,1,-1.0900095687778237,-1.2312626058123375,-0.15773708354950988,0.20917526100445208,-0.8261909833600047,-1.1332367987265959,-1.2223100180333035,-1.0082736738228029,0,-4.1900114739427075,0
1,1,1,-0.02106669641480624,0.18430585749351192,-0.8584442736357297,0.6441843167284552,-0.1803227912643541,0.5985811600780035,0.095981993112594,-0.5467074629933667,0,-0.03246710106712325,0
1,0,1,-0.6624324198326168,-0.36865057348533553,0.8933237015798199,1.4388008585176344,-0.303345304044478,-0.40405028975623825,-0.8378081814490834,-0.8236471894910283,0,-2.3688509647408282,0
1,1,1,1.0478761759482114,1.4008100056469763,-0.5080906785926198,1.1835955458262193,0.06572223429589373,-0.7686435442414171,1.3154021034225494,2.0996054790954,0,2.712086272572426,0
0,1,1,-1.3750610014079618,-1.363972149247261,0.54297010653671,1.6940061712090495,-0.6570350282873343,-1.1104497203212722,-1.2992103853501475,-1.0082736738228029,0,-4.074968807781557,0
2,1,1,0.26398473621533175,0.8478535746681288,0.54297010653671,0.5571825055836546,0.7115904263915444,-1.0876626419159485,0.6232987975709531,-0.05437017144196819,0,0.1928564106045807,0
1,0,0,-0.9118524233839875,-0.8331339755075674,1.5940308916660397,1.6708056882371027,-0.011166836191683719,-0.17617950570300148,-0.9586516158041241,-0.946731512378878,0,-2.0927294700776873,0
1,1,1,-1.5888495758805652,-1.5187999499213383,-0.15773708354950988,0.5745828678126147,-1.087613823017768,-1.0193014066999775,-1.5189257205411306,-1.2852134003204645,0,-4.911054350579341,0
5,0,0,-0.05669812549357349,-0.23594103005041214,-0.15773708354950988,1.5374029111484084,0.8961241955617302,-0.2901148977296199,-0.046832974761544896,0.4687382008313927,0,1.0279145239019583,0
2,0,1,1.5467161830509528,2.4514272245067863,0.54297010653671,-1.2582552869711854,0.050344420198378245,2.489908667719869,1.3154021034225494,0.8379911694949416,1,4.693646360835738,1
2,0,0,0.0858275908214955,0.46078407298293567,0.8933237015798199,-1.345257098115986,1.111413592926947,-1.0420884851053012,-0.38739174430756845,-0.39285205938355466,1,-0.7109186958694772,1
5,1,0,0.01456473266396101,0.07371457129774242,-1.2087978686788396,0.04097175945783751,-0.2264562335569006,0.6213682384833272,-0.27753407671207697,0.6225936044412047,0,0.7399715326555544,0
4,1,1,-0.7693267070689185,-0.689365303453067,1.24367729662293,1.3169983229149136,-1.087613823017768,-0.3584761329455909,-0.431334811345765,-1.0390447545447652,0,-2.916469521853889,0
1,0,0,1.4398218958146511,2.0864759800607473,0.19261651149360004,0.4179796077519736,0.17336693297850217,-0.7686435442414171,1.9306050419573015,1.176473057436528,0,2.5118014881309145,0
3,1,1,1.3329276085783492,1.2791595908316298,0.19261651149360004,0.6267839544994951,1.3113251761946483,2.353186197287927,1.293430569903451,1.4226417032122274,0,6.380583646598254,0
4,1,0,-0.8762209943052203,-0.700424432072644,-0.15773708354950988,0.4759808151818407,-0.4571234450196329,-0.0622441136763831,-0.5302067121817073,-1.0390447545447652,0,-2.0886190254224886,0
1,0,1,1.6536104702872545,1.1464500473967065,1.24367729662293,0.8181879390180565,2.2186162079480622,0.2795620624034721,2.1613061439078334,-0.023599090720005784,0,4.635885323539362,0
5,1,1,-1.5888495758805652,-1.540918207160492,-0.5080906785926198,-1.4902601166906537,-1.1337472653103144,-0.9737272498893302,-1.485968420262483,-1.3467555617643892,1,-4.9401984972265165,1
0,0,1,-0.3417495581237115,-0.4460644738223742,0.8933237015798199,1.0733932517094718,-0.10343372077677666,0.07447835675555897,-0.727950513853592,-0.05437017144196819,0,-0.8112760493167779,0
1,1,1,1.0478761759482114,1.4229282628861302,1.5940308916660397,1.3343986851438736,2.29550527843564,1.7379350803441875,1.1506156020293121,1.7303525104318513,0,6.914408471240991,0
2,0,0,1.3329276085783492,1.2791595908316298,0.8933237015798199,0.5571825055836546,0.8346129391716682,2.353186197287927,0.5683699637732073,1.8226657525977386,0,5.578834852830541,0
1,0,0,-1.7313752921956342,-1.6404503647366846,0.19261651149360004,0.5629826263266413,-1.0568581948227371,-1.0648755635106248,-1.5848403210984254,-1.5006109653742012,0,-5.207185044805989,0
0,0,1,-0.4486438453600132,-0.3797097021049125,-1.5591514637219497,-1.44385915074676,-1.1337472653103144,0.39349745443009043,-0.2885198434716261,-0.5774785437153291,0,-1.6062481980671792,0
3,0,0,0.6202990270030043,0.7372622884723594,-0.15773708354950988,-0.25483439843448463,1.3728364325847102,0.9859614929685061,0.4365407626586176,0.13025631288980624,0,2.92559500110164,0
0,0,0,1.2616647504208147,1.8431751504300542,-1.5591514637219497,1.7114065334380097,2.3262609066306705,2.489908667719869,0.4914695964563633,0.037943070723919024,0,5.345582241530821,0
2,0,1,-0.8049581361476857,-0.7446609465509518,-0.15773708354950988,-0.38243705478019224,0.12723349068595569,-0.03945703527105942,-0.4972494119030599,-1.0698158352667275,1,-1.4792887917548911,1
0,0,0,1.0478761759482114,1.6219925780385154,0.19261651149360004,0.789187335303123,-1.0568581948227371,2.4443345109092216,1.7218754735258677,1.0533887345486783,0,4.1627405241610305,0
2,0,1,-0.9831152815415221,-1.0653756765186833,0.8933237015798199,0.1685744158035451,-0.44174563092211744,-0.4724115249722093,-0.8927370152468291,-0.946731512378878,0,-2.753625683520034,0
4,0,1,0.9053504596331423,0.11795108577605022,1.5940308916660397,0.33097779660717297,-0.8569466115550357,0.9859614929685061,1.4692028380562374,0.16102739361176865,0,1.7592451130814766,0
2,0,0,-0.7693267070689185,-0.4239462165832203,0.19261651149360004,1.3865997718307541,-1.0414803807252215,0.028904199944911613,-0.7718935808917886,-0.7313339473251411,0,-2.5158037089972396,0
4,1,0,1.012244746869444,1.1685683046358604,1.24367729662293,-0.06343041391592326,-0.48787907321466395,-1.0648755635106248,1.1176583017506647,1.484183864656152,0,1.049087529681528,0
2,1,0,-1.125640997856591,-1.175966962714453,-0.8584442736357297,1.1893956665692058,-0.8108131692624893,-0.4268373681615619,-1.1344238839569103,-0.8236471894910283,0,-3.19572161087199,0
3,1,1,-0.16359241272987524,-0.16958625833295046,1.5940308916660397,0.748586490102216,-0.9492134961401286,0.8948131793472114,0.22781119422718377,0.28411171649961825,0,0.4575225939338848,0
1,1,0,-0.8762209943052203,-0.8220748468879905,-0.8584442736357297,-1.165453355083398,-0.5801459577997569,-0.1533924272976778,-0.6840074468153954,-0.4543942208274795,1,-1.8719400527403094,1
2,1,0,-0.840589565226453,-0.9326661330837599,-0.5080906785926198,-1.084251664681584,0.019588792003347264,-0.9509401714840066,-0.651050146536748,-0.8236471894910283,1,-2.406048715508436,1
5,0,1,0.442141881609168,-0.21382277281125825,0.8933237015798199,-1.6178627730363613,-0.11881153487429215,-0.22175366251364884,0.008095859036200838,0.6533646851631671,1,0.320895346811427,1
0,0,1,-0.8762209943052203,-0.8441931041271443,-1.5591514637219497,1.467801462232568,-0.5032568873121794,-0.24454074091897252,-0.6071070794985514,-1.10058691598869,0,-2.4554916237183932,0
4,1,1,0.9409818887119096,0.9142083463855906,-0.8584442736357297,-1.1596532343404113,-0.5493903296047259,-0.3584761329455909,0.6232987975709531,1.7611235911538137,1,1.4765559261744499,1
0,0,1,0.8340876014756078,0.12901021439562718,0.8933237015798199,0.17437453654653182,0.5731900995139049,1.8746575507761296,1.4582170712966882,0.09948523216784384,0,4.005549953754566,0
3,0,1,0.7984561723968405,0.7151440312332055,1.5940308916660397,-0.24903427769149794,-0.8569466115550357,-0.2673278193242962,1.2385017361057051,1.3303284610463402,0,1.4445557662727133,0
1,0,0,-0.7693267070689185,-0.8331339755075674,-1.5591514637219497,-1.403258305545853,-1.0261025666277062,-0.9737272498893302,-0.5521782457008056,-0.8851893509349531,1,-3.437197413152795,1
3,0,1,0.5490361688454698,0.09583282853689633,-0.15773708354950988,-0.5216399526118732,-0.9645913102376441,-0.03945703527105942,-0.20063370939523295,0.4071960393874679,1,-0.7974860155164687,1
2,0,1,-0.840589565226453,-0.6119514031160284,0.54297010653671,-0.26643463992045807,-0.25721186175193156,-1.0876626419159485,-0.5411924789412564,-0.946731512378878,0,-2.8327984949880145,0
3,0,1,1.154770463184513,1.3897508770273994,-1.2087978686788396,-0.022829568715016294,2.0033268105828452,2.3759732756932506,0.6892133981282479,0.7456779273290544,0,5.814191411733399,0
0,0,0,-0.05669812549357349,0.37231104402632004,-0.5080906785926198,0.34257803809314635,0.20412256117353314,-0.7458564658360934,-0.046832974761544896,-0.023599090720005784,0,-0.612165970144111,0
4,0,1,1.012244746869444,1.7215247356147079,-0.15773708354950988,-1.6120626522933745,0.48092321492881196,1.8746575507761296,1.6669466397281218,0.4071960393874679,1,4.429723444820532,1
5,0,1,1.3329276085783492,0.6819666453744746,0.54297010653671,1.4620013414895812,0.08110004839340923,0.32513621921411945,1.4692028380562374,1.5149549453781146,0,3.3903940510418806,0
5,1,0,-0.37738098720247876,-0.1142906152350657,1.24367729662293,0.30777731363522615,-0.25721186175193156,-0.19896658410832516,-0.6290786130176497,0.13025631288980624,0,-0.9550007459881003,0
4,0,1,-0.413012416281246,-0.6561879175943363,0.19261651149360004,0.7949874560461097,-0.7185462846773962,-0.6091339954041514,-0.31049137699072443,0.06871415144588143,0,-1.5694575056263909,0
3,0,1,0.9409818887119096,0.4165475585046278,-1.5591514637219497,-0.09823113837384351,0.2810116316611106,-0.4496244465668856,0.17288236042943803,1.3303284610463402,0,1.3345980065700032,0
1,0,1,-0.4486438453600132,-0.5677148886377206,0.8933237015798199,1.5838038770923022,-0.36485656043454,-0.49519860337753296,-0.5302067121817073,-0.30053881721766745,0,-1.6908006932114479,0
5,0,0,1.0478761759482114,1.3123369766903608,1.5940308916660397,-0.028629689458003003,-0.4571234450196329,0.05169127835023529,1.062729467952919,1.6688103489879265,0,2.3261076502714477,0
5,0,1,-0.5911695616750823,-0.4239462165832203,1.5940308916660397,1.5722036356063287,-0.14956716306932313,-0.24454074091897252,-0.5961213127390023,-0.7928761087690659,0,-1.7831053254963638,0
5,0,1,0.15709044897903002,0.4054884298850509,0.19261651149360004,0.01777127648589067,-0.6416572141898188,-0.9737272498893302,0.6452703310900514,0.007171990001956621,0,-0.962942142987141,0
0,1,0,0.9409818887119096,1.5666969349406306,0.54297010653671,1.166195183597259,-0.19570060536186962,1.555638453101598,0.9089287333192309,-0.08514125216393059,0,2.1837253288950285,0
5,0,0,-0.37738098720247876,-0.6340696603551823,-1.2087978686788396,0.7137857656442957,-1.118369451212799,-1.1332367987265959,-0.3324629105098227,-0.9159604316569155,0,-3.5000295921061335,0
5,1,1,0.299616165294099,0.825735317428975,1.24367729662293,0.17437453654653182,-0.7954353551649738,-0.17617950570300148,0.15091082691033975,0.5610514429972799,0,-0.25965259096035553,0
0,1,1,-0.8762209943052203,-0.5787740172572976,1.5940308916660397,-1.345257098115986,-0.5955237718972723,-0.7914306226467408,-1.090480816918714,-0.9159604316569155,1,-3.393395643119643,1
3,0,0,0.5490361688454698,0.7814988029506672,0.19261651149360004,0.9225901123918173,0.21950037527104865,-0.631921073809475,0.39259769562042096,1.0841598152706409,0,1.0643368123526353,0
0,1,1,-1.4463238595654964,-1.3418538920081071,1.24367729662293,-1.2640554077141721,-0.8108131692624893,-0.9737272498893302,-1.2772388518310493,-1.254442319598502,1,-4.316221590581371,1
4,1,1,-1.5175867177230307,-1.363972149247261,0.8933237015798199,0.26137634769133244,-1.0107247525301906,-0.8142177010520645,-1.409068052945639,-1.3467555617643892,0,-4.580766068292283,0
0,0,0,-0.6624324198326168,-0.9769026475620677,-0.8584442736357297,1.6128044808072357,-0.11881153487429215,0.05169127835023529,-0.7718935808917886,-0.42362314010551705,0,-1.2626369775213626,0
4,0,0,1.1904018922632802,0.9142083463855906,0.19261651149360004,-1.4496592714897467,1.7265261568275665,0.9403873361578587,1.3593451704607458,0.5302803622753175,1,4.556539025721489,1
3,0,1,0.26398473621533175,0.2727788864501275,-0.8584442736357297,0.6963854034153356,-0.395612188629571,-0.17617950570300148,0.4035834623799701,0.4995092815533551,0,0.33130104960075274,0
0,1,1,0.7984561723968405,1.433987391505707,-0.15773708354950988,0.4237797284949603,0.9576354519517922,-0.8597918578627118,0.12893929339124144,1.2072441381584904,0,1.4340270256388123,0
1,0,0,-0.413012416281246,-0.7888974610292596,-0.8584442736357297,-0.8812474386770492,-1.1337472653103144,-0.7002823090254461,-0.585135545979453,-0.30053881721766745,1,-2.7197039375328806,1
2,1,1,-0.16359241272987524,0.09583282853689633,-1.2087978686788396,0.6963854034153356,-1.14912507940783,-0.22175366251364884,-0.31049137699072443,-0.23899665577374263,0,-1.920366774685946,0
0,0,0,-0.5199067035175478,-0.31335493038745077,-1.5591514637219497,-1.739665308639082,-0.3494787463370245,-0.4496244465668856,-0.09077604179974148,0.13025631288980624,0,-0.7596229218138454,0
4,0,0,0.869719030554375,1.5003421632231688,1.5940308916660397,-0.4636387451820062,-0.44174563092211744,-0.3356890545402672,0.008095859036200838,0.22256955505569345,1,-0.5467692713704904,1
1,0,0,0.050196161742728264,-0.014758457658873165,0.19261651149360004,1.125594338396352,-0.6570350282873343,0.5074328464567088,0.15091082691033975,0.037943070723919024,0,0.03925171580363331,0
3,0,1,-0.23485527088740973,-0.5677148886377206,-0.5080906785926198,1.5954041185782755,-0.24183404765441607,0.05169127835023529,-0.3764059775480193,-0.269767736495705,0,-0.8363164833479051,0
1,1,1,0.01456473266396101,-0.2470001586699891,0.54297010653671,-0.388237175523179,-0.11881153487429215,0.39349745443009043,-0.07979027504019233,-0.33130989793962984,1,-0.13641425342402386,1
0,0,0,0.3352475943728663,0.9363266036247444,-0.8584442736357297,1.0211921650225912,0.9730132660493077,-0.5179856817828566,0.9089287333192309,1.176473057436528,0,2.5404293750222102,0
2,0,0,-0.4486438453600132,-0.4128870879636433,-0.8584442736357297,0.6151837130135217,-0.9953469384326751,-0.22175366251364884,-0.3324629105098227,-0.6697917858812164,0,-2.219355297337363,0
3,0,0,-0.8049581361476857,-0.4681827310615281,-1.5591514637219497,0.6383841959854686,-1.0568581948227371,-0.5863469169988277,-1.0465377498805173,-0.42362314010551705,0,-3.113366001807599,0
5,0,1,0.5134047397667025,0.35019278678716614,-1.2087978686788396,-1.5482613241205208,0.09647786249092472,-1.0420884851053012,0.7221706984068954,0.6225936044412047,1,0.39915368023372366,1
2,1,1,-1.2325352850928928,-0.9658435189424908,-1.2087978686788396,1.0849934931954452,-0.9953469384326751,-1.0648755635106248,-1.0575235166400663,-1.1929001581545773,0,-4.310646176737944,0
4,0,0,0.15709044897903002,0.383370172645897,0.19261651149360004,-0.17943282877565744,0.9268798237567613,0.2795620624034721,0.5024553632159124,0.7149068466070919,0,2.423804095983238,0
0,0,1,1.6179790412084873,0.5492571019395512,0.8933237015798199,-1.00304997427977,-0.0419224643867147,-0.6091339954041514,2.128348843629186,0.7456779273290544,1,2.2229703111673746,1
0,0,0,0.6915618851605387,1.4008100056469763,0.8933237015798199,0.2323757439763989,0.6193235418064514,-0.2901148977296199,0.095981993112594,0.9918465731047537,0,1.417037210294179,0
2,1,0,-0.37738098720247876,-0.7778383324096827,0.8933237015798199,-1.6700638597232418,-0.6109015859947878,-0.6547081522147987,-0.0028899077233483085,-0.5774785437153291,1,-1.845978189648264,1
1,1,1,1.0835076050269785,1.7436429928538617,0.19261651149360004,-0.7884455067892618,0.9422576378542767,1.0998968849951245,0.3047115615440278,0.7764490080510168,1,3.1233150924444457,1
2,1,1,0.5490361688454698,0.8478535746681288,-0.5080906785926198,-0.6376423674716074,-0.2110784194593851,1.1454710418057719,0.31569732830357694,0.4379671201094303,1,1.688057070759394,1
5,0,0,-0.3417495581237115,-0.5455966313985667,0.19261651149360004,-0.9798494913078233,-0.19570060536186962,-0.631921073809475,-0.15669064235703636,-0.20822557505178022,1,-1.1925378965801612,1
1,0,0,0.5490361688454698,1.0690361470596679,-1.2087978686788396,-0.5796411600417404,0.17336693297850217,-0.19896658410832516,0.17288236042943803,0.3456538779435431,0,0.49293658724315814,0
4,0,0,0.01456473266396101,-0.32441405900702774,0.54297010653671,-0.5158398318688866,-0.7339240987749118,0.2339879055928247,0.3486546285822244,-0.4851653015494419,1,-0.6364468661493046,1
4,0,0,1.119139034105746,1.1132726615379755,1.24367729662293,0.528181901868721,-0.25721186175193156,0.8948131793472114,1.4692028380562374,1.699581429709889,0,3.806385585361406,0
1,1,1,1.58234761212972,1.02479963258136,0.54297010653671,0.5571825055836546,2.7722175154586197,0.39349745443009043,1.5790605056517288,0.4071960393874679,0,5.151971514927907,0
0,1,1,0.9053504596331423,1.3786917484078225,-1.5591514637219497,-0.945048766849903,0.38865633034371905,1.418915982669656,1.370330937220295,0.5610514429972799,0,3.7389546932309496,0
2,1,1,1.1904018922632802,0.6266710022765899,0.19261651149360004,-1.5366610826345473,-0.11881153487429215,1.6695738451282165,0.37062616210132265,1.5764971068220393,1,3.4978855791772863,1
4,0,0,0.9053504596331423,1.1022135329183986,-1.2087978686788396,0.4121794870089869,-0.44174563092211744,1.8746575507761296,1.3483594037011968,-0.20822557505178022,0,2.5730457485034286,0
4,1,1,-1.3037981432504273,-1.2644399916710685,0.19261651149360004,0.12217344985965144,-0.6724128423848498,-0.9281530930786829,-1.101466583678263,-0.9775025931008403,0,-3.6795351122426356,0
4,1,1,-0.840589565226453,-0.921607004464183,-0.15773708354950988,-0.8406465934761422,-0.42636781682460195,-0.5407727601881803,-0.8487939482086326,-0.7005628666031787,1,-2.5164973918245934,1
1,0,1,-1.7313752921956342,-1.6183321074975308,-0.15773708354950988,1.4852018244615282,-1.0722360089202525,-1.0876626419159485,-1.6068118546175236,-1.469839884652239,0,-5.236550390105964,0
3,0,0,-1.5888495758805652,-1.4413860495842996,0.8933237015798199,1.6940061712090495,-1.0414803807252215,-1.0420884851053012,-1.39808228618609,-1.3775266424863517,0,-4.859177794502964,0
4,0,0,0.050196161742728264,-0.2470001586699891,0.8933237015798199,1.2705973569710198,-0.6262794000923033,-0.19896658410832516,0.18386812718898718,0.7764490080510168,0,0.1350711510393755,0
0,1,1,0.01456473266396101,-0.3907688307244894,-0.15773708354950988,-1.6932643426951886,0.18874474707601765,-0.8370047794573882,-0.4862636451435107,0.6225936044412047,1,-0.5119300730836766,1
4,0,1,1.4754533248934183,0.383370172645897,-1.5591514637219497,1.6766058089800895,2.9875069128238367,-0.17617950570300148,1.9965196425145963,1.4534127839341897,0,6.261259833569621,0
5,1,0,0.5134047397667025,0.8920900891464366,1.24367729662293,0.6557845582144287,-0.11881153487429215,-0.8142177010520645,-0.1896479426356838,0.6841357658851296,0,-0.4385414126769108,0
0,0,0,1.2260333213420476,0.6487892595157437,-0.8584442736357297,0.3773787625510666,-0.5955237718972723,1.0543227281844771,1.3593451704607458,1.945750075485588,0,3.763894202233539,0
4,1,0,-1.0900095687778237,-1.0100800334207987,0.19261651149360004,1.3749995303447806,-0.9492134961401286,-0.7002823090254461,-0.9696373825636732,-0.8236471894910283,0,-3.4427803772202763,0
4,1,1,0.869719030554375,0.31701540092843533,1.5940308916660397,-1.1886538380553449,-1.118369451212799,1.783509237154835,0.91991450007878,1.4534127839341897,1,3.0384670699550056,1
0,0,1,0.869719030554375,1.5224604204623227,-0.15773708354950988,0.18597477803250523,2.1878605797530315,1.3049805906430376,1.0517437011933697,1.5149549453781146,0,6.059539816967554,0
2,1,0,-1.0900095687778237,-1.1980852199536067,0.8933237015798199,-0.5970415222707005,-0.36485656043454,-1.0876626419159485,-1.035551983120968,-0.6697917858812164,1,-3.1578629713526727,1
3,0,1,-1.3037981432504273,-1.3750312778668379,0.54297010653671,0.5455822640976812,-0.5647681437022414,-1.0876626419159485,-1.2662530850715001,-1.0082736738228029,0,-3.9269575445124927,0
1,1,1,-1.1969038560141254,-1.0543165478991063,-1.5591514637219497,1.6360049637791825,-0.6724128423848498,-0.5407727601881803,-0.9256943155254767,-1.0390447545447652,0,-3.1779246726432717,0
2,0,1,0.0858275908214955,-0.025817586278450114,-0.8584442736357297,-0.5564406770697935,0.48092321492881196,-0.6547081522147987,0.2058396607080855,-0.5467074629933667,1,-0.514652739571268,1
4,1,0,1.3685590376571166,1.6551699638972461,-1.5591514637219497,0.8529886634759768,2.018704624680361,1.8062963155601586,0.6123130308114039,1.6380392682659641,0,6.075353239317887,0
3,0,0,1.6536104702872545,2.2302446521152475,-1.2087978686788396,-0.8000457482752353,0.6193235418064514,1.0315356497791535,2.0404627095527927,0.6841357658851296,0,4.375457667023527,0
5,0,0,1.4041904667358838,1.1906865618750142,-1.2087978686788396,-0.3592365718082454,0.5578122854163894,1.3961289042643323,1.7768043073236135,0.9610754923827912,1,4.691820989387127,1
2,1,1,1.2260333213420476,1.7436429928538617,-0.8584442736357297,0.3715786418080799,-0.27258967584944704,1.1226839634004482,0.5134411299754615,0.7456779273290544,0,2.109213344855517,0
1,1,0,-0.555538132596315,-0.4681827310615281,-1.2087978686788396,-0.44043826221005933,0.20412256117353314,0.2795620624034721,-0.16767640911658552,-0.6697917858812164,0,-0.35378357142079664,0
1,1,0,-1.6244810049593326,-1.5187999499213383,-0.8584442736357297,-0.7884455067892618,-0.9799691243351596,-1.1332367987265959,-1.4530111199838356,-1.3775266424863517,1,-4.943743685531943,1
3,0,0,1.3685590376571166,0.4386658157437818,-0.8584442736357297,1.2009959080551793,-0.7954353551649738,2.626631138151811,1.6230035726899255,1.6688103489879265,0,5.123009704664689,0
2,1,1,0.9766133177906767,1.3344552339295146,1.24367729662293,0.12797357060263814,-0.2264562335569006,0.2339879055928247,1.2385017361057051,-0.20822557505178022,0,1.037807833089849,0
5,1,1,1.6892418993660219,1.4008100056469763,-0.8584442736357297,1.3169983229149136,-0.7800575410674583,2.262037883666632,1.9415908087168505,1.3918706224902648,0,4.815441773806289,0
0,0,0,0.050196161742728264,0.4276066871242048,0.54297010653671,0.5049814188967743,0.6808347981965134,-1.0193014066999775,0.469498062937265,-0.1774544943298178,0,-0.04642303989601693,0
4,0,0,0.8340876014756078,0.4718432016025126,0.8933237015798199,1.3633992888588071,1.3728364325847102,2.1025283348293664,0.91991450007878,0.4687382008313927,0,4.864017468324249,0
3,0,1,-1.3750610014079618,-1.3086765061493761,-0.8584442736357297,0.9979916820506445,-1.0414803807252215,-0.9281530930786829,-1.3431534523883442,-1.10058691598869,0,-4.413373842180938,0
1,1,1,-1.4463238595654964,-1.319735634768953,-1.5591514637219497,0.6383841959854686,-1.1337472653103144,-1.0876626419159485,-1.2992103853501475,-1.254442319598502,0,-4.775062612174912,0
3,0,1,1.58234761212972,1.9205890507670929,0.54297010653671,-0.10983137985981693,-0.7185462846773962,2.12531541323469,2.2931353450224234,-0.08514125216393059,0,3.6147632214157865,0
3,1,0,-0.1992238418086425,-0.3797097021049125,1.24367729662293,1.0153920442796047,0.18874474707601765,-0.49519860337753296,-0.2665483099525278,-0.14668341360785542,0,-0.7196855798618986,0
2,0,0,-0.05669812549357349,0.09583282853689633,0.19261651149360004,0.6383841959854686,0.18874474707601765,0.48464576805138515,-0.5631640124603547,0.22256955505569345,0,0.33279605772274146,0
3,1,1,-1.553218146801798,-1.3971495351059917,-0.5080906785926198,-1.6178627730363613,-0.8569466115550357,-0.8597918578627118,-1.474982653502934,-1.408297723208314,1,-4.600018846128996,1
0,0,0,1.5467161830509528,1.4561056487448611,1.5940308916660397,0.9341903538777907,2.3108830925331554,2.2392508052613085,1.7218754735258677,1.5764971068220393,0,7.848506478142371,0
3,1,1,1.154770463184513,1.7989386359517465,-0.8584442736357297,0.429579849237947,-0.9953469384326751,-0.7686435442414171,0.22781119422718377,0.3456538779435431,1,-1.1905254105033651,0
4,0,1,0.19272187805779725,-0.23594103005041214,-1.2087978686788396,1.7346070164099565,0.4655454008312965,0.9403873361578587,-0.4093632778266667,0.4379671201094303,0,1.434536579271919,0
5,1,1,-0.23485527088740973,-0.31335493038745077,-0.5080906785926198,-0.19103307026163086,-0.7800575410674583,-1.0193014066999775,-0.24457677643342954,0.4071960393874679,0,-1.6367396848133975,0
3,0,0,-1.0543781396990566,-1.0764348051382602,-0.5080906785926198,0.9921915613076578,-0.3494787463370245,-0.2901148977296199,-0.9806231493232224,-1.2236712388765396,0,-2.843888032266406,0
1,1,1,-0.23485527088740973,-0.501360116920259,-1.2087978686788396,-1.3916580640598797,-0.13418934897180765,0.6213682384833272,-0.0028899077233483085,0.007171990001956621,1,0.4914609717901279,1
0,1,0,0.442141881609168,0.4939614588416665,-0.8584442736357297,-1.0146502157657435,1.295947362097133,1.2366193554270666,-0.20063370939523295,0.28411171649961825,1,2.6160447246285843,1
4,0,0,1.724873328444789,1.6441108352776692,1.24367729662293,-0.6028416430136873,0.450167586733781,0.6897294736992983,1.5570889721326304,2.7150270935346486,1,5.412013126100359,1
3,1,0,-1.553218146801798,-1.4966816926821844,1.5940308916660397,0.609383592270535,-1.0568581948227371,-0.9281530930786829,-1.409068052945639,-1.3159844810424268,0,-4.710063821889486,0
4,1,0,-0.5199067035175478,-0.30229580176787385,0.54297010653671,-1.00304997427977,0.450167586733781,-0.5863469169988277,-0.6620359132962971,-0.7313339473251411,1,-1.5295491908864849,1
1,1,1,0.19272187805779725,0.6487892595157437,-1.5591514637219497,-0.2780348814064315,-0.6570350282873343,0.30234914080879577,0.7661137654450919,0.3456538779435431,0,0.7570817559100964,0
3,1,1,-1.4463238595654964,-1.2644399916710685,-0.5080906785926198,0.7253860071302691,-0.6877906564823653,-0.8370047794573882,-1.2223100180333035,-1.1313579967106524,0,-3.878463450683709,0
5,0,1,0.47777331068793527,0.05159631405858853,-0.5080906785926198,-0.27223476066344476,1.0345245224393695,-0.4724115249722093,0.5793557305327565,0.9303044116608288,0,2.0717731396607455,0
0,1,0,1.3685590376571166,0.4386658157437818,-1.5591514637219497,0.7253860071302691,0.12723349068595569,2.284824962071956,0.4255549958990684,1.176473057436528,0,4.014086506093508,0
4,0,0,1.724873328444789,1.2128048191141683,-1.5591514637219497,-0.6898434541584878,1.080657964731916,0.006117121539587936,0.9309002668383292,1.3303284610463402,1,3.348003814156173,1
2,0,1,-0.37738098720247876,-0.7225426893117979,-1.2087978686788396,1.4330007377746476,0.41941195853875,-0.5179856817828566,-0.09077604179974148,-0.7928761087690659,0,-0.9822258738129139,0
0,1,1,0.7984561723968405,1.1685683046358604,-0.15773708354950988,0.38317888329405336,1.0037688942443386,-0.4268373681615619,1.524131671853983,0.3148827972215807,0,2.4159459951583404,0
1,1,0,1.0835076050269785,1.1353909187771296,-0.8584442736357297,-0.7130439371304347,-0.4571234450196329,1.8746575507761296,0.8869571998001325,-0.1774544943298178,1,2.1270368112268114,1
4,0,1,0.6202990270030043,0.7704396743310902,-1.2087978686788396,-0.8928476801630226,-0.5801459577997569,-0.08503119208170677,0.41456922913951927,1.2995573803243776,0,1.0489494595824334,1
0,1,1,-0.8762209943052203,-0.7667792037901057,-0.5080906785926198,0.17437453654653182,-0.2264562335569006,-0.016669956865735743,-0.8378081814490834,-0.9159604316569155,0,-1.9968948035286354,0
5,1,1,-1.695743863116867,-1.551977335780069,1.5940308916660397,0.07577248391575776,-1.0568581948227371,-1.0420884851053012,-1.5848403210984254,-1.469839884652239,0,-5.153626885678703,0
2,0,1,-0.9474838524627548,-0.8441931041271443,-1.2087978686788396,1.4562012207465944,-0.6724128423848498,-0.9737272498893302,-1.0465377498805173,-0.7928761087690659,0,-3.485553950923763,0
0,1,0,0.3352475943728663,0.604552745037436,0.19261651149360004,-1.5134605996626005,-0.6262794000923033,1.3049805906430376,0.22781119422718377,0.9918465731047537,1,1.8983589578826718,1
4,0,1,-0.4486438453600132,-0.4460644738223742,0.8933237015798199,1.4910019452045147,0.5885679136114204,0.5530070032673562,-0.3764059775480193,-0.08514125216393059,0,0.6800276871668267,0
0,0,1,0.6915618851605387,0.7704396743310902,0.54297010653671,-0.7710451445603018,0.38865633034371905,0.32513621921411945,1.2055444358270577,0.25334063577765586,1,2.1726776211625523,1
0,0,1,0.12145901990026277,-0.2470001586699891,0.8933237015798199,-1.4206586677748132,0.5731900995139049,-0.4268373681615619,0.33766886182267525,0.7456779273290544,1,1.2296995205040726,1
1,1,0,0.47777331068793527,0.14006934301520413,-0.8584442736357297,-0.9972498535367834,0.7577238686840908,1.350554747453685,0.9638575671169766,1.2072441381584904,1,4.279380321413242,1
5,1,1,0.6915618851605387,0.9805631181030523,0.54297010653671,-0.8696471971910759,0.4347897726362655,0.1656266703768537,0.6562560978496005,-0.08514125216393059,1,1.171531288698789,1
2,1,1,-1.0543781396990566,-1.164907834094876,-1.2087978686788396,-1.4612595129757202,-0.31872311814199356,-1.1332367987265959,-0.8487939482086326,-1.10058691598869,1,-3.401340781065912,1
4,1,1,-0.23485527088740973,-0.014758457658873165,0.19261651149360004,-0.8174461105041955,-0.27258967584944704,-0.9509401714840066,-0.4093632778266667,-0.7928761087690659,1,-2.425769233929186,1
0,1,0,1.0478761759482114,1.7547021214734386,-0.5080906785926198,1.4330007377746476,-0.395612188629571,1.0315356497791535,1.5900462724112778,0.22256955505569345,0,2.4485392886165536,0
2,1,1,-0.413012416281246,-0.7557200751705287,1.24367729662293,-0.4462383829530461,-1.0261025666277062,-1.0648755635106248,-0.574149779219904,-0.8236471894910283,1,-3.4887750988492634,1
0,0,0,-0.127960983651108,0.0073597995802807325,-0.15773708354950988,1.0791933724524585,0.5578122854163894,0.6897294736992983,-0.6071070794985514,-0.5467074629933667,0,0.0937272166237696,0
0,0,0,0.6202990270030043,0.6709075167548977,0.54297010653671,-1.739665308639082,-1.14912507940783,0.849239022536564,0.15091082691033975,1.545726026100077,1,1.3967507961391505,1
0,1,1,-1.1612724269353583,-0.9547843903229138,0.19261651149360004,0.7427863693592293,-0.6109015859947878,-1.1332367987265959,-0.9916089160827715,-0.946731512378878,0,-3.6824788131830326,0
3,1,1,1.2616647504208147,1.8652934076692083,-1.2087978686788396,-0.5970415222707005,0.603945727708936,-0.38126321135091457,0.3816119288608718,-0.023599090720005784,0,0.5806953544988874,0
1,1,1,-0.5199067035175478,-0.15852712971337352,-0.15773708354950988,-0.30123536437837833,0.37327851624620356,-0.5863469169988277,-0.6840074468153954,-0.269767736495705,1,-1.1668435840637246,1
1,0,1,0.6202990270030043,0.8589127032877059,-0.8584442736357297,-0.1388319835747505,-1.0722360089202525,1.3961289042643323,-0.1457048755974872,0.19179847433373107,0,0.3699864940803237,0
3,0,1,-1.410692430486729,-1.2202034771927606,1.5940308916660397,1.525802669662435,-1.0261025666277062,-0.8825789362680355,-1.255267318311951,-1.3467555617643892,0,-4.510704382972081,0
4,0,1,-0.37738098720247876,-0.7446609465509518,-0.5080906785926198,0.6789850411863755,-0.011166836191683719,-0.016669956865735743,-0.354434444028921,-0.30053881721766745,0,-0.6828100543040079,0
1,0,0,-0.9118524233839875,-1.0211391620403756,0.19261651149360004,0.39477912478002675,-0.011166836191683719,-0.9965143282946539,-0.9696373825636732,-0.39285205938355466,0,-2.3701706064335655,0
2,0,0,0.12145901990026277,0.2506606292109736,-0.15773708354950988,-1.5366610826345473,-0.24183404765441607,-0.8142177010520645,0.3266830950631261,-0.20822557505178022,1,-0.9375942286951345,1
5,1,0,0.5490361688454698,-0.16958625833295046,-1.2087978686788396,1.5142024281764617,0.6500791700014824,0.780877787320593,-0.05781874152109404,0.13025631288980624,0,1.5033945286907877,0
4,1,0,0.3352475943728663,-0.025817586278450114,-1.5591514637219497,-1.6178627730363613,-0.08805590667926116,0.6213682384833272,0.31569732830357694,0.4687382008313927,1,1.3177478609390356,1
0,0,1,-1.0187467106202892,-0.7557200751705287,-0.15773708354950988,-0.0866308968878701,-0.5955237718972723,-0.7458564658360934,-1.1893527177546561,-0.946731512378878,0,-3.4774644678669,0
1,0,0,1.3329276085783492,0.37231104402632004,-0.15773708354950988,0.6035834715275483,1.0652801506344005,-0.40405028975623825,1.2604732696248035,1.945750075485588,0,3.8674532059885536,0
0,1,1,-0.37738098720247876,-0.5345375027789898,-1.2087978686788396,1.2705973569710198,0.5578122854163894,-0.8597918578627118,0.008095859036200838,-0.7313339473251411,0,-1.0252176607352628,0
4,1,1,-0.5199067035175478,-0.30229580176787385,1.24367729662293,-0.6144418844996606,-0.33410093223950904,-1.1104497203212722,-0.5411924789412564,-0.946731512378878,1,-2.9324746438809157,1
5,0,1,1.0835076050269785,0.814676188809398,-1.5591514637219497,1.206796028798166,-0.41099000272708647,0.2567749839981484,0.19485389394853633,0.3148827972215807,0,0.35552167244117894,0
3,1,1,0.050196161742728264,-0.4571236024419511,0.19261651149360004,1.3343986851438736,0.21950037527104865,0.028904199944911613,0.095981993112594,0.8072200887729791,0,1.1516066571015333,0
5,0,0,-1.410692430486729,-1.363972149247261,0.54297010653671,-0.7362444201023816,-1.1337472653103144,-1.0193014066999775,-1.2003384845142053,-1.3159844810424268,1,-4.669371637566924,1
2,0,0,0.869719030554375,1.6219925780385154,-1.2087978686788396,-1.2060542002843049,-0.303345304044478,-0.631921073809475,0.6232987975709531,-0.30053881721766745,0,-0.6125063975006675,0
5,1,0,0.9409818887119096,0.5713753591787052,0.19261651149360004,1.1951957873121926,2.126349323362969,1.8974446291814533,0.41456922913951927,1.4226417032122274,0,5.861004884896169,0
0,1,0,0.22835330713656452,0.6930257739940515,-0.5080906785926198,-1.5076604789196137,-0.6570350282873343,-0.7002823090254461,0.22781119422718377,-0.3620809786615922,1,-1.491587121747189,1
3,0,1,-0.02106669641480624,-0.1364088724742196,-0.5080906785926198,-0.2606345191774714,0.7423460545865753,0.39349745443009043,0.3266830950631261,-0.05437017144196819,0,1.4081564326378235,0
5,1,0,-1.6244810049593326,-1.540918207160492,0.8933237015798199,-0.5854412807847271,-1.0568581948227371,-0.9965143282946539,-1.4969541870220322,-1.469839884652239,1,-5.020166594791663,1
3,0,0,1.3685590376571166,0.6819666453744746,-0.15773708354950988,-0.7710451445603018,1.7265261568275665,-0.5407727601881803,1.831733141121359,1.176473057436528,1,4.193959595197273,1
1,1,0,-1.1969038560141254,-0.9437252617033369,-1.2087978686788396,1.1429947006253123,-0.7185462846773962,-0.7002823090254461,-0.9916089160827715,-1.1313579967106524,0,-3.541795506496266,0
4,1,1,-1.6244810049593326,-1.5298590785409152,1.24367729662293,0.9399904746207774,-0.9338356820426131,-1.1332367987265959,-1.485968420262483,-1.4390688039302764,0,-4.992109704961969,0
3,1,1,1.724873328444789,2.362954195550171,0.8933237015798199,-0.2200336739765644,1.5112367594623497,3.0823727062582846,0.7880852989641902,1.484183864656152,0,6.865878629340976,0
1,0,0,1.1904018922632802,0.7372622884723594,-1.5591514637219497,-0.626042125985634,-0.5340125155072104,1.3733418258590087,0.33766886182267525,0.4995092815533551,1,1.6765074537278286,1
3,1,1,-1.6244810049593326,-1.4856225640626073,-1.2087978686788396,1.2995979606859533,-1.0722360089202525,-0.9965143282946539,-1.5079399537815814,-1.408297723208314,0,-4.984988014204801,0
2,0,0,-1.1969038560141254,-1.0432574192795294,-0.15773708354950988,0.011971155742903961,-0.395612188629571,-0.5179856817828566,-1.167381184235558,-0.9775025931008403,0,-3.058481647748826,0
1,1,1,0.5134047397667025,0.35019278678716614,-0.15773708354950988,0.7079856449013091,0.6808347981965134,0.8264519441312403,0.4475265294181667,-0.14668341360785542,0,1.808129858138065,0
1,1,0,1.3685590376571166,1.467164777364438,-0.8584442736357297,0.6325840752424818,2.172482765655516,0.12005251356620632,1.216530202586607,0.8995333309388663,0,4.408598812747195,0
1,1,0,-1.6601124340380997,-1.5187999499213383,-1.2087978686788396,-1.7280650671531088,-1.118369451212799,-1.1104497203212722,-1.4969541870220322,-1.3775266424863517,0,-5.103300001042455,1
3,1,0,0.22835330713656452,-0.31335493038745077,-0.8584442736357297,-1.3684575810879327,0.06572223429589373,1.3733418258590087,0.5354126634945598,0.16102739361176865,1,2.135504117261231,1
0,1,1,1.6179790412084873,0.9584448608638984,0.19261651149360004,-1.2234545625132651,2.7260840731660734,2.4671215893145453,1.3044163366630002,1.022617653826716,1,7.520239652970335,1
0,0,1,1.2260333213420476,0.5381979733199743,0.8933237015798199,1.0791933724524585,0.8961241955617302,0.5530070032673562,0.2827400280249295,1.2072441381584904,0,2.9391153650125066,0
0,0,0,-0.37738098720247876,-0.4018279593440664,-0.5080906785926198,-0.9624491290788632,-0.4571234450196329,-0.49519860337753296,-0.7389362806131411,0.28411171649961825,1,-1.4071466125106886,1
2,1,1,0.442141881609168,0.32807452954801225,-0.8584442736357297,0.4121794870089869,0.06572223429589373,0.7353036305099456,-0.2116194761547821,0.13025631288980624,0,0.7196627015408634,0
3,0,1,-0.37738098720247876,-0.047935843517604014,-0.5080906785926198,-1.2988561321720924,-0.6877906564823653,0.2795620624034721,-0.6840074468153954,-0.23899665577374263,1,-1.3312326966680312,1
4,0,0,1.5467161830509528,1.887411664908362,-0.8584442736357297,1.7288068956669698,3.095151611506445,1.555638453101598,0.48048382969681414,1.1149308959926032,0,6.24620479029746,0
5,0,1,-0.3417495581237115,0.04053718543901158,-0.15773708354950988,1.3691994096017939,0.4655454008312965,-0.8825789362680355,0.008095859036200838,-0.42362314010551705,0,-0.8325608165060552,0
4,0,1,-1.410692430486729,-1.1870260913340298,-0.8584442736357297,-0.4926393488969397,-0.9953469384326751,-0.9737272498893302,-1.1893527177546561,-1.0698158352667275,1,-4.228242741343388,1
3,1,0,1.297296179499582,1.0690361470596679,1.5940308916660397,-1.3916580640598797,2.741461887263589,0.849239022536564,1.754832773804515,-0.20822557505178022,1,5.1373081085528876,1
4,0,1,-0.05669812549357349,-0.25805928728956606,-1.5591514637219497,0.528181901868721,-1.118369451212799,-0.016669956865735743,-0.046832974761544896,0.6225936044412047,0,-0.559278778398875,0
1,1,1,-0.8049581361476857,-0.6672470462139132,0.54297010653671,-0.5216399526118732,-0.7800575410674583,-0.17617950570300148,-0.5192209454221582,-0.6082496244372915,1,-2.0837076166299093,1
0,0,0,1.6179790412084873,0.8920900891464366,1.24367729662293,-1.2234545625132651,-0.9953469384326751,2.8772890006103715,0.7770995322046411,1.176473057436528,1,3.8355146518188654,1
3,0,1,0.6559304560817715,0.4276066871242048,0.54297010653671,-1.4612595129757202,-0.5032568873121794,-0.2901148977296199,0.469498062937265,-0.023599090720005784,1,-0.3474728128245402,1
2,1,1,-0.9831152815415221,-0.7778383324096827,-1.5591514637219497,-0.5564406770697935,-0.8723244256525512,-0.4268373681615619,-1.1563954174760087,-0.5774785437153291,0,-3.033035755005451,0
2,1,0,0.6202990270030043,0.6819666453744746,1.5940308916660397,0.33677791735015966,0.050344420198378245,0.46185868964606147,1.1835729023079595,1.4226417032122274,0,3.1184177153646266,0
1,1,1,-1.0187467106202892,-1.0764348051382602,0.8933237015798199,0.23817586471938562,-0.24183404765441607,-1.1332367987265959,-1.1344238839569103,-1.1621290774326147,0,-3.671623807770537,0
2,1,0,0.299616165294099,0.5160797160808204,1.5940308916660397,-1.583062048578441,0.050344420198378245,-0.7914306226467408,0.5024553632159124,1.0841598152706409,1,0.8455289760381908,1
1,0,1,0.6915618851605387,0.5713753591787052,1.24367729662293,0.7311861278732559,0.6347013559039669,1.851870472370806,0.2168254274676346,1.2380152188804527,0,3.9414124746228603,0
1,0,1,1.6179790412084873,2.097535108680324,1.5940308916660397,1.3227984436579001,2.864484400043713,3.196308098284903,0.6232987975709531,2.2842319634271746,0,8.968323259326745,0
0,0,0,0.5134047397667025,-0.07005410075675791,0.19261651149360004,0.8993896294198704,0.23487818936856414,1.5784255315069218,0.6232987975709531,-0.4851653015494419,0,1.951437216896997,0
2,1,1,-0.4486438453600132,-0.8331339755075674,1.5940308916660397,1.0907936139384318,-0.8877022397500667,0.05169127835023529,-0.651050146536748,0.19179847433373107,0,-1.2952626336028483,0
2,0,0,1.5467161830509528,1.1022135329183986,1.5940308916660397,1.345998926629847,1.834170855510175,-0.6547081522147987,0.7880852989641902,0.28411171649961825,0,2.2516597187591847,0
0,1,0,-1.0543781396990566,-0.7667792037901057,-1.2087978686788396,-0.26643463992045807,-0.5493903296047259,-0.2673278193242962,-1.0135804496018699,-1.0082736738228029,0,-2.838572272353695,0
1,1,1,1.2260333213420476,1.2238639477337452,-0.5080906785926198,1.224196391027126,2.3570165348257017,0.32513621921411945,1.9086335084382031,2.376545205593062,0,6.9673314680710865,0
5,0,1,-0.4486438453600132,-0.34653231624618164,-1.5591514637219497,0.28457683066327927,-0.19570060536186962,0.07447835675555897,-0.5302067121817073,-0.23899665577374263,0,-0.8904256165617606,0
1,1,1,-0.5911695616750823,-0.6008922744964514,1.5940308916660397,1.3343986851438736,-0.6109015859947878,0.32513621921411945,-0.5302067121817073,-0.05437017144196819,0,-0.8703422504043439,0
1,0,1,0.19272187805779725,-0.3797097021049125,-0.8584442736357297,0.6209838337565085,-0.4571234450196329,-0.9509401714840066,0.4255549958990684,-0.33130989793962984,0,-1.3138185185442008,0
0,0,1,1.2260333213420476,2.0532985942020163,-0.15773708354950988,-0.6782432126725144,1.741903970925082,0.8948131793472114,1.524131671853983,2.22268980198325,1,6.383538624109526,1
4,1,1,-1.0543781396990566,-1.0653756765186833,1.24367729662293,-1.4554593922327335,-1.1337472653103144,-1.1332367987265959,-0.9366800822850258,-0.9159604316569155,1,-4.119624577978851,1
4,0,0,-1.6601124340380997,-1.5077408213017613,-1.2087978686788396,1.427200617031661,-1.1029916371152835,-1.1332367987265959,-1.485968420262483,-1.3467555617643892,0,-5.068952417868752,0
4,1,0,1.012244746869444,1.8099977645713234,1.5940308916660397,-1.2408549247422251,1.0499023365368851,-0.2673278193242962,0.9528718003574275,0.7764490080510168,1,2.5118953256210332,1
5,1,0,0.6559304560817715,0.4497249443633587,0.19261651149360004,-1.1132522683965176,0.38865633034371905,0.006117121539587936,1.073715234712468,1.2380152188804527,1,2.706503905476228,1
0,1,1,-1.1612724269353583,-1.2423217344319144,-1.5591514637219497,0.9515907161067508,-0.8108131692624893,-0.9737272498893302,-1.2772388518310493,-1.1621290774326147,0,-4.223908348415483,0
0,0,1,-1.3750610014079618,-1.319735634768953,1.24367729662293,-0.7362444201023816,-0.8261909833600047,-0.9965143282946539,-1.39808228618609,-1.1621290774326147,1,-4.382916675273363,1
3,1,0,-0.5199067035175478,-0.5898331458768745,0.19261651149360004,0.31357743437821284,-1.0568581948227371,-0.8370047794573882,-0.8378081814490834,-0.8544182702129908,0,-3.586089425942199,0
1,0,0,0.7628247433180733,0.8478535746681288,-1.5591514637219497,-0.2838350021494182,1.1575470352194936,0.849239022536564,0.6782276313686988,1.3918706224902648,0,4.0768843116150215,0
5,0,0,1.5467161830509528,0.7372622884723594,-0.8584442736357297,1.450401100003608,0.8961241955617302,1.5328513746962744,1.062729467952919,0.5610514429972799,0,4.0527564812082035,0
5,0,0,1.4041904667358838,1.0026813753422061,-1.2087978686788396,0.26717646843431914,0.7577238686840908,0.12005251356620632,0.3266830950631261,2.1303765598173627,0,3.3348360371307857,0
1,1,1,-1.4463238595654964,-1.4413860495842996,-0.5080906785926198,1.1197942176533655,-0.7031684705798807,-0.8370047794573882,-1.4200538197051882,-1.10058691598869,0,-4.060813985731147,0
3,1,0,0.19272187805779725,0.5271388447003973,0.8933237015798199,-0.2838350021494182,1.0037688942443386,-0.17617950570300148,0.10696775987214316,-0.14668341360785542,0,0.7878737348056248,0
1,0,0,-1.4819552886442635,-1.3860904064864148,-1.2087978686788396,-1.4728597544616935,-1.087613823017768,-0.9737272498893302,-1.3431534523883442,-1.254442319598502,1,-4.658936844893944,1
5,1,1,1.4041904667358838,0.4386658157437818,0.54297010653671,-0.347636330322272,0.5885679136114204,-0.9509401714840066,0.3486546285822244,-0.023599090720005784,1,-0.03731672001036758,1
2,1,0,-0.698063848911384,-0.6783061748334901,1.5940308916660397,1.6940061712090495,-0.3802343745320555,0.14283959197153,-0.88175124848728,-0.30053881721766745,0,-1.419684848265473,0
1,1,1,1.0478761759482114,0.615611873657013,-0.8584442736357297,-0.17363270803267072,-0.9953469384326751,1.5328513746962744,0.8869571998001325,1.945750075485588,0,3.37021171154932,0
4,1,1,-0.555538132596315,-0.4239462165832203,0.8933237015798199,1.589603997835289,-0.9338356820426131,-0.2673278193242962,-0.5521782457008056,-0.39285205938355466,0,-2.1461938064512696,0
4,0,0,-0.413012416281246,-0.28017754452871996,-0.5080906785926198,-0.27223476066344476,0.1118556765884402,-0.563559838593504,-0.31049137699072443,-0.14668341360785542,0,-0.9088789526036436,0
2,0,0,1.6536104702872545,2.1417716231586317,-0.15773708354950988,0.28457683066327927,0.48092321492881196,0.5985811600780035,1.062729467952919,0.28411171649961825,0,2.426345559459352,0
4,0,0,-0.1992238418086425,0.07371457129774242,0.54297010653671,-0.9334485253639296,0.21950037527104865,0.4390716112407378,0.008095859036200838,-0.1774544943298178,1,0.4892133512181695,1
5,1,0,0.6202990270030043,1.0690361470596679,-0.5080906785926198,0.12217344985965144,0.8499907532691837,1.9430187859921006,0.8979429665596818,-0.05437017144196819,0,3.6365823343789976,0
2,1,0,0.442141881609168,0.383370172645897,0.54297010653671,1.5780037563493154,0.37327851624620356,1.5784255315069218,0.10696775987214316,0.7764490080510168,0,2.835120815676285,0
2,0,0,-0.05669812549357349,0.37231104402632004,-0.5080906785926198,-0.626042125985634,0.8346129391716682,0.006117121539587936,-0.5411924789412564,0.25334063577765586,1,0.5528782175476556,1
0,0,0,-0.09232955457234074,0.383370172645897,-0.8584442736357297,0.1047730876306913,0.7423460545865753,0.21120082718750102,0.18386812718898718,-0.30053881721766745,0,0.836876191745396,0
5,0,0,0.869719030554375,0.07371457129774242,1.24367729662293,-0.8232462312471821,0.050344420198378245,0.34792329761944313,0.7990710657237394,1.0533887345486783,1,2.250727518090239,1
5,1,0,0.050196161742728264,-0.1364088724742196,-1.2087978686788396,-1.0320505779947036,0.050344420198378245,-0.10781827048703045,-0.34344867726937184,0.6225936044412047,1,0.22167107688318066,1
3,1,1,1.5467161830509528,1.7436429928538617,1.5940308916660397,1.5838038770923022,2.3570165348257017,2.900076079015695,0.45851229617771583,1.2380152188804527,0,6.953620128899566,0
5,1,0,-0.6624324198326168,-0.5677148886377206,0.54297010653671,0.05837212168679763,-0.7031684705798807,-0.2673278193242962,-0.7169647470940428,-0.4543942208274795,0,-2.141855257825699,0
1,1,1,-0.5199067035175478,-0.21382277281125825,1.5940308916660397,-0.3128356058643518,0.21950037527104865,-0.3129019761349435,-0.13471910883793806,-0.6390207051592539,1,-0.8671414148610869,1
1,1,1,-0.5911695616750823,-0.8773704899858752,-0.5080906785926198,0.8181879390180565,-0.48787907321466395,0.37071037602476675,-0.3983775110671176,-0.33130989793962984,0,-0.8468561061966446,0
3,0,0,-1.0543781396990566,-0.7667792037901057,-0.8584442736357297,0.8935895086768837,-1.0107247525301906,-0.4724115249722093,-1.1234381171973613,-1.2236712388765396,0,-3.8302456335763004,0
1,0,0,0.7628247433180733,-0.0036993290392962164,-0.5080906785926198,-1.2814557699431322,-0.7493019128724273,0.7580907089152693,0.7221706984068954,0.9918465731047537,1,1.7228060675544912,1
5,0,0,-0.1992238418086425,0.19536498611308886,1.24367729662293,-0.8406465934761422,-0.7339240987749118,-0.563559838593504,-0.4862636451435107,0.19179847433373107,1,-1.5919491081781956,1
0,0,1,-0.8762209943052203,-0.6783061748334901,1.5940308916660397,0.08737272540173117,-0.10343372077677666,-1.1332367987265959,-0.7389362806131411,-0.4851653015494419,0,-2.460772101665955,0
4,0,1,0.47777331068793527,0.7262031598527824,-0.15773708354950988,-1.2524551662281986,1.3882142466822258,0.7353036305099456,-0.0028899077233483085,0.22256955505569345,1,2.3431975245245167,1
0,0,0,0.47777331068793527,1.1022135329183986,0.8933237015798199,0.1627742950605584,1.3267029902921639,-0.4724115249722093,0.3266830950631261,0.4379671201094303,0,1.6189416804925112,0
3,0,0,-0.698063848911384,-0.4350053452027972,0.8933237015798199,1.5374029111484084,-0.5955237718972723,-0.08503119208170677,-0.9366800822850258,-0.23899665577374263,0,-1.8562317020377475,0
2,0,0,-1.1612724269353583,-1.0874939337578373,-1.5591514637219497,0.4585804529528806,-0.9953469384326751,-0.8142177010520645,-1.0245662163614189,-1.254442319598502,0,-4.08857317544466,0
1,0,1,1.5110847539721854,0.4276066871242048,0.54297010653671,0.5165816603827477,2.5415503039958875,1.487277217885627,2.194263444186481,1.2380152188804527,0,7.461106184948449,0
5,1,1,0.5134047397667025,-0.14746800109379654,-0.15773708354950988,0.20917526100445208,0.8499907532691837,0.12005251356620632,0.469498062937265,0.9610754923827912,0,2.4006168221554463,0
1,1,0,-0.698063848911384,-0.9437252617033369,1.5940308916660397,1.3749995303447806,-0.5340125155072104,-0.17617950570300148,-0.31049137699072443,-0.20822557505178022,0,-1.2289089732527165,0
3,1,0,-0.9831152815415221,-0.7336018179313748,0.19261651149360004,-0.24903427769149794,-0.5955237718972723,-0.8142177010520645,-0.9806231493232224,-1.1313579967106524,0,-3.521722618983212,0
2,0,0,-1.6244810049593326,-1.4856225640626073,-0.15773708354950988,-1.6004624108074013,-1.1029916371152835,-1.0648755635106248,-1.4639968867433848,-1.3159844810424268,1,-4.94784856841172,1
0,1,1,-0.4842752744387805,-0.6451287889747592,0.54297010653671,-0.3998374170091524,0.12723349068595569,-0.9053660146733592,-0.6840074468153954,-0.946731512378878,1,-2.408871483181677,1
4,1,1,1.2616647504208147,0.6930257739940515,0.54297010653671,-0.7188440578734214,-0.19570060536186962,-0.5179856817828566,1.4142740042584916,2.4073162863150244,1,3.1079040034287897,1
4,0,0,-0.8762209943052203,-0.7336018179313748,-1.2087978686788396,1.0153920442796047,-1.0568581948227371,-0.2673278193242962,-0.5192209454221582,-0.7313339473251411,0,-2.5747409068943328,0
1,1,1,0.727193314239306,0.31701540092843533,1.5940308916660397,-0.7130439371304347,-0.13418934897180765,1.8746575507761296,0.45851229617771583,1.3303284610463402,1,3.529308959028378,1
4,1,1,0.6915618851605387,0.5160797160808204,0.8933237015798199,0.4759808151818407,0.2810116316611106,0.07447835675555897,-0.06880450828064319,0.7149068466070919,0,1.0015923267431184,0
5,1,0,1.154770463184513,0.28383801506970446,0.19261651149360004,-1.542461203377534,1.864926483705206,1.8746575507761296,0.8100568324832885,1.484183864656152,1,6.0338247316207765,1
3,0,1,0.6202990270030043,0.9695039894834753,0.19261651149360004,-0.20263331174760427,1.741903970925082,-0.49519860337753296,0.4035834623799701,0.5302803622753175,0,2.180569192202837,0
1,1,1,1.724873328444789,1.1685683046358604,-1.5591514637219497,-1.5076604789196137,1.2498139198045866,3.1507339414742557,1.5790605056517288,2.0996054790954,1,8.079213846025972,1
2,0,0,0.01456473266396101,-0.4571236024419511,0.54297010653671,-1.6120626522933745,0.06572223429589373,-0.4724115249722093,-0.4862636451435107,0.28411171649961825,1,-0.608841219320208,1
4,0,1,-0.555538132596315,-0.490300988300682,-0.5080906785926198,1.6418050845221692,-1.118369451212799,-0.6091339954041514,-0.7389362806131411,-0.9159604316569155,0,-3.382400158887007,0
3,0,1,-0.27048669996617697,-0.25805928728956606,0.8933237015798199,-1.4728597544616935,-0.6416572141898188,-0.8825789362680355,-0.354434444028921,-0.3620809786615922,1,-2.240751573148368,1
0,0,1,0.0858275908214955,0.5603162305591282,-1.5591514637219497,1.5142024281764617,-1.0722360089202525,-0.9509401714840066,0.15091082691033975,0.3764249586655055,0,-1.4958403948284136,0
5,0,1,0.47777331068793527,0.7483214170919363,0.19261651149360004,0.5745828678126147,1.265191733902102,-1.0193014066999775,0.22781119422718377,-0.3620809786615922,0,0.11162054276771599,0
0,0,0,1.5110847539721854,1.3344552339295146,-0.5080906785926198,0.1685744158035451,-0.4571234450196329,2.12531541323469,1.293430569903451,0.007171990001956621,0,2.9687945281204646,0
3,0,0,-1.410692430486729,-1.3307947633885302,0.54297010653671,-1.3974581848028664,-0.9184578679450977,-0.9053660146733592,-1.2223100180333035,-1.2236712388765396,1,-4.2698051395283,1
2,1,0,0.727193314239306,1.3123369766903608,-0.15773708354950988,-0.98564961205081,2.0340824387778764,0.7580907089152693,1.0297721676742715,-0.23899665577374263,1,3.5829486595936744,1
4,1,0,-1.410692430486729,-1.3086765061493761,1.24367729662293,-1.0610511817096373,-0.9338356820426131,-0.9053660146733592,-1.2003384845142053,-1.3159844810424268,1,-4.355524662272605,1
2,0,0,-1.125640997856591,-1.0985530623774142,-0.8584442736357297,1.7172066541809965,-0.48787907321466395,-1.1104497203212722,-0.9806231493232224,-0.7928761087690659,0,-3.371828051628224,0
0,1,0,-1.3394295723291945,-1.2423217344319144,0.8933237015798199,0.5223817811257344,-0.5955237718972723,-0.7458564658360934,-1.1454096507164595,-1.2852134003204645,0,-3.77200328877029,0
5,0,0,0.869719030554375,0.8478535746681288,0.8933237015798199,-1.467059633718707,1.172924849317009,-0.8597918578627118,0.10696775987214316,1.7611235911538137,1,2.181224342480254,1
4,1,0,-0.9474838524627548,-0.8994887472250291,-1.2087978686788396,-0.3534364510652587,-0.7954353551649738,-1.1332367987265959,-0.6071070794985514,-0.6390207051592539,1,-3.1747999385493753,1
4,0,1,-0.9118524233839875,-0.7888974610292596,-0.5080906785926198,-0.7884455067892618,-0.5340125155072104,-0.4496244465668856,-0.6730216800558463,-0.6082496244372915,1,-2.2649082665672338,1
4,0,0,0.869719030554375,0.11795108577605022,-1.2087978686788396,-1.681664101209215,0.5116788431238429,2.12531541323469,-0.024861441242446602,0.25334063577765586,1,2.8654734508937425,1
3,1,0,1.5110847539721854,2.3740133241697476,-0.8584442736357297,-0.9798494913078233,2.233994022045578,2.193676648450661,1.9525765754763997,1.176473057436528,1,7.556720303409167,1
5,1,0,-0.6268009907538495,-0.5677148886377206,0.19261651149360004,-0.6434424882145942,-0.8415687974575202,-1.0193014066999775,-0.8707654817277308,-0.6697917858812164,1,-3.4014274717664446,1
4,1,1,0.22835330713656452,-0.1364088724742196,0.19261651149360004,1.0153920442796047,-0.9030800538475822,-0.4268373681615619,0.08499622635304487,0.6533646851631671,0,-0.5915565104929321,0
4,1,0,-1.695743863116867,-1.6072729788779538,-0.8584442736357297,-1.3626574603449462,-1.1645028935053454,-1.0420884851053012,-1.5958260878579746,-1.469839884652239,1,-5.27225735112086,1
2,1,1,-1.3750610014079618,-1.175966962714453,-0.15773708354950988,-0.2606345191774714,-1.1337472653103144,-0.8825789362680355,-1.3651249859074426,-1.10058691598869,0,-4.4820381034744825,0
4,0,1,1.119139034105746,1.5998743207993613,-0.15773708354950988,-0.8290463519901689,-0.11881153487429215,0.39349745443009043,0.6892133981282479,1.8534368333197009,1,2.8173361510037473,1
3,1,0,0.15709044897903002,-0.30229580176787385,-0.5080906785926198,-0.11563150060280364,-1.0261025666277062,-0.9281530930786829,0.45851229617771583,0.7149068466070919,0,-0.7808365169215811,0
4,1,0,-1.1612724269353583,-0.8773704899858752,1.5940308916660397,-0.6028416430136873,-0.6877906564823653,-0.8825789362680355,-0.8707654817277308,-0.9159604316569155,1,-3.357095506135047,1
0,1,0,-0.555538132596315,-0.4128870879636433,0.8933237015798199,1.3749995303447806,-0.5801459577997569,-0.6547081522147987,-0.5631640124603547,-0.7005628666031787,0,-2.4985809890780892,0
4,1,1,0.3352475943728663,-0.21382277281125825,-0.8584442736357297,-0.8406465934761422,-0.02654465028919921,0.21120082718750102,0.15091082691033975,0.6533646851631671,1,0.9889316889718087,1
0,0,1,-0.840589565226453,-0.6008922744964514,1.5940308916660397,-0.2838350021494182,-0.9492134961401286,-0.8370047794573882,-0.88175124848728,-1.0390447545447652,0,-3.707014278629562,0
4,1,1,0.299616165294099,0.615611873657013,-0.15773708354950988,1.30539808142894,0.6500791700014824,0.6669423952939746,0.6452703310900514,1.0841598152706409,0,3.0464517116561494,0
1,1,1,-1.0543781396990566,-1.2091443485731836,1.24367729662293,-0.26643463992045807,-0.6262794000923033,-0.9509401714840066,-0.9586516158041241,-1.0698158352667275,0,-3.6056870226471616,0
0,1,1,-1.0900095687778237,-1.0985530623774142,1.24367729662293,-1.1596532343404113,-0.8569466115550357,-0.7914306226467408,-1.112452350437812,-1.0698158352667275,1,-3.830645419906316,1
5,1,0,1.4041904667358838,2.119653365919478,-0.15773708354950988,1.467801462232568,2.3108830925331554,1.5784255315069218,1.8756762081595557,1.5764971068220393,0,7.341481939021672,0
1,1,1,0.9053504596331423,0.4054884298850509,0.54297010653671,-1.142252872111451,2.064838066972907,-0.0622441136763831,1.0517437011933697,1.545726026100077,1,4.600063680589971,1
3,0,0,-1.6244810049593326,-1.5077408213017613,-0.8584442736357297,-1.2060542002843049,-0.9338356820426131,-1.0876626419159485,-1.4639968867433848,-1.3467555617643892,1,-4.8322507724663355,1
1,0,0,0.442141881609168,0.4276066871242048,1.5940308916660397,0.4237797284949603,1.0960357788294317,0.712516552104622,0.095981993112594,-0.23899665577374263,0,1.665537668272905,0
0,0,1,-0.698063848911384,-0.8884296186054521,-0.15773708354950988,-0.5912414015277138,-0.5647681437022414,-0.8825789362680355,-0.32147714375027353,-0.20822557505178022,1,-1.9770497987723306,1
1,1,0,-1.410692430486729,-1.3860904064864148,-0.8584442736357297,1.4968020659475014,-0.8723244256525512,-0.7002823090254461,-1.3651249859074426,-1.3467555617643892,0,-4.284487282349829,0
4,0,1,-0.413012416281246,-0.09217235799591181,1.5940308916660397,-0.7130439371304347,-0.9953469384326751,-0.08503119208170677,-0.6620359132962971,-0.6390207051592539,1,-2.381434748969933,1
4,1,1,1.297296179499582,1.445046520125284,0.19261651149360004,-0.30123536437837833,0.6654569840989979,1.1226839634004482,0.5134411299754615,1.0841598152706409,1,3.3857418927455485,1
4,1,1,0.47777331068793527,0.9695039894834753,-0.8584442736357297,-1.739665308639082,1.3420808043896792,1.5100642962909507,1.073715234712468,0.6225936044412047,1,4.548453939834303,1
2,0,1,-1.7313752921956342,-1.5851547216388,0.19261651149360004,-0.6782432126725144,-1.1337472653103144,-1.0876626419159485,-1.5958260878579746,-1.4390688039302764,1,-5.256304799014513,1
1,0,0,-0.9474838524627548,-1.0321982906599525,1.5940308916660397,-1.2524551662281986,-0.8877022397500667,-0.563559838593504,-0.7389362806131411,-0.5774785437153291,1,-2.767676902672041,1
3,1,0,1.3685590376571166,2.2191855234956703,-0.15773708354950988,1.705606412695023,1.4804811312673187,0.14283959197153,1.3813167039798442,1.484183864656152,0,4.488821291874845,0
3,1,0,0.37087902345163354,-0.03687671489802706,-0.15773708354950988,-0.626042125985634,-0.11881153487429215,-0.3356890545402672,0.3047115615440278,0.3456538779435431,1,0.19586485007301152,1
5,1,1,0.9053504596331423,1.1685683046358604,-1.2087978686788396,0.04097175945783751,0.8346129391716682,1.9658058643974243,1.5351174386135322,-0.023599090720005784,0,4.31193715146262,0
3,1,0,-1.4819552886442635,-1.4082086637255689,0.8933237015798199,0.5861831092985882,-1.0414803807252215,-1.1332367987265959,-1.4420253532242866,-1.408297723208314,0,-5.025040255884417,0
2,1,1,0.727193314239306,0.5050205874612435,1.5940308916660397,1.6824059297230762,0.9883910801468232,-0.24454074091897252,0.7770995322046411,-0.30053881721766745,0,1.2204110542148243,0
2,1,1,-0.02106669641480624,-0.05899497213718096,-0.15773708354950988,1.206796028798166,-0.4725012591171484,-0.3356890545402672,0.23879696098673292,-0.5774785437153291,0,-1.1468718963860118,0
4,0,1,-1.0900095687778237,-0.8552522327467212,1.5940308916660397,-0.022829568715016294,-1.0568581948227371,-0.6091339954041514,-1.1234381171973613,-0.7621050280471036,0,-3.5515353354713532,0
4,0,1,-0.8762209943052203,-0.9879617761816447,0.54297010653671,-1.0378506987376903,-0.7646797269699428,-0.631921073809475,-0.6840074468153954,-0.4851653015494419,1,-2.5657735491442546,1
2,0,1,0.6915618851605387,-0.025817586278450114,1.5940308916660397,-0.6086417637566739,0.37327851624620356,0.8720261009418877,-0.12373334207838892,1.6072681875440018,1,2.7288394626537045,1
3,0,0,-0.413012416281246,-0.5898331458768745,-0.8584442736357297,0.02357139722887738,0.5270566572213584,0.5302199248620325,-0.8158366479299851,-0.5159363822714043,0,-0.27449644811799845,0
3,0,0,1.1904018922632802,1.9316481793866698,-1.2087978686788396,-0.52744007335486,2.341638720728186,1.7379350803441875,1.8976477416786541,1.1457019767145655,0,7.122923519465594,0
0,0,1,-1.7313752921956342,-1.6072729788779538,-0.5080906785926198,1.4620013414895812,-1.0722360089202525,-1.1332367987265959,-1.6177976213770728,-1.469839884652239,0,-5.29311031367616,0
2,1,1,-1.125640997856591,-0.9326661330837599,0.8933237015798199,1.6998062919520363,-0.28796748994696253,-0.3129019761349435,-0.9696373825636732,-1.0390447545447652,0,-2.6095516031903445,0
2,1,1,1.4754533248934183,1.9758846938649777,0.54297010653671,1.589603997835289,-0.5493903296047259,1.0771098065898008,1.7658185405640643,0.4995092815533551,0,2.7930472991024944,0
3,1,1,-1.695743863116867,-1.6183321074975308,-0.8584442736357297,-1.2408549247422251,-1.0261025666277062,-1.0876626419159485,-1.5299114873006796,-1.5006109653742012,1,-5.144287661218535,1
5,0,0,0.442141881609168,0.32807452954801225,-1.2087978686788396,-0.057630293172936546,-0.31872311814199356,1.350554747453685,0.7990710657237394,1.1149308959926032,0,2.945833591028034,0
2,1,0,0.37087902345163354,0.9252674750051675,0.54297010653671,-0.5216399526118732,0.23487818936856414,1.0315356497791535,-0.2995056102311753,-0.4851653015494419,1,0.4817429273671004,1
3,0,1,0.9766133177906767,1.1575091760162834,-0.8584442736357297,-0.4462383829530461,0.9422576378542767,0.48464576805138515,0.6232987975709531,1.2995573803243776,1,3.349759583800992,1
0,0,1,-1.0900095687778237,-0.9326661330837599,-0.5080906785926198,-0.805845869018222,-0.395612188629571,-0.631921073809475,-0.8707654817277308,-0.7313339473251411,1,-2.629632691491918,1
4,1,0,-1.125640997856591,-1.0543165478991063,-1.5591514637219497,1.345998926629847,-0.7339240987749118,-0.38126321135091457,-0.88175124848728,-0.7928761087690659,0,-2.7898146673821724,0
2,1,1,-0.6268009907538495,-0.6119514031160284,1.24367729662293,1.7172066541809965,0.37327851624620356,-0.9281530930786829,-0.3324629105098227,-0.023599090720005784,0,-0.9109365780623078,0
0,1,1,1.58234761212972,1.2017456904945911,-1.5591514637219497,0.7659868523311761,2.3108830925331554,2.421547432503898,0.5793557305327565,1.3303284610463402,0,6.64211471661615,0
0,0,1,-0.555538132596315,-0.1364088724742196,0.8933237015798199,-1.7338651878960956,0.4347897726362655,-1.1104497203212722,-0.7059789803344937,-0.7005628666031787,1,-2.082201794622679,1
5,0,0,-0.23485527088740973,0.07371457129774242,-1.2087978686788396,0.5861831092985882,-0.5186347014096949,0.30234914080879577,0.2168254274676346,-0.269767736495705,0,-0.26922786962896955,0
2,1,0,-1.0900095687778237,-1.2312626058123375,0.54297010653671,-0.568040918555767,-0.395612188629571,-0.7914306226467408,-1.0685092833996155,-1.1313579967106524,1,-3.3869100913865795,1
3,1,0,1.4754533248934183,0.48290233022208956,0.19261651149360004,0.8239880597610433,1.6650149004375046,1.1226839634004482,0.48048382969681414,2.684256012812686,0,5.952438706347452,0
1,1,0,-1.0187467106202892,-1.120671319616568,-1.5591514637219497,0.8993896294198704,-0.9799691243351596,-0.563559838593504,-0.9256943155254767,-0.5467074629933667,0,-3.015930741447507,0
1,1,0,-1.125640997856591,-0.8884296186054521,-1.5591514637219497,1.3575991681158204,-0.5493903296047259,-0.6091339954041514,-1.0245662163614189,-1.10058691598869,0,-3.283677457358986,0
5,0,1,1.297296179499582,0.3612519154067431,0.19261651149360004,-1.1944539587983316,1.741903970925082,-0.40405028975623825,1.0407579344338207,2.161147640539325,1,4.5397592561419895,1
3,0,1,1.6536104702872545,0.5050205874612435,-1.2087978686788396,0.36577852106509323,1.4189698748772568,-0.631921073809475,2.3151068785415214,0.06871415144588143,0,3.170869831055185,0
3,0,0,1.5467161830509528,0.5713753591787052,-0.15773708354950988,0.28457683066327927,1.864926483705206,0.39349745443009043,2.3041211117819724,1.545726026100077,0,6.1082710760173455,0
4,1,1,1.0478761759482114,0.8920900891464366,0.54297010653671,0.8007875767890964,0.5270566572213584,1.6239996883175691,0.5244268967350108,0.13025631288980624,0,2.8057395551637447,0
5,1,0,-1.4463238595654964,-1.4524451782038765,-1.2087978686788396,-0.44043826221005933,-0.7339240987749118,-0.7230693874307698,-1.4200538197051882,-1.3159844810424268,1,-4.193031786953297,1
5,1,0,0.0858275908214955,-0.05899497213718096,0.8933237015798199,1.4794017037185414,-0.5032568873121794,-0.7686435442414171,-0.431334811345765,0.7456779273290544,0,-0.957557315570307,0
3,0,1,-1.3037981432504273,-1.0764348051382602,1.5940308916660397,-1.7164648256671353,-0.8877022397500667,-0.8370047794573882,-1.3431534523883442,-1.2852134003204645,1,-4.353073871916264,1
2,0,1,-1.2325352850928928,-1.2533808630514915,0.19261651149360004,-0.3940372962661657,-0.6570350282873343,-0.8142177010520645,-1.0685092833996155,-1.1929001581545773,1,-3.7326621708935916,1
3,0,1,-0.5911695616750823,-0.7336018179313748,-0.8584442736357297,-0.0924310176308568,-0.5032568873121794,-0.0622441136763831,-0.9147085487659274,-0.39285205938355466,0,-1.8730616091380445,0
3,0,0,0.9766133177906767,1.5003421632231688,-1.2087978686788396,-0.887047559420036,-0.0419224643867147,1.0315356497791535,0.5463984302541091,1.945750075485588,0,3.481761691132136,0
4,1,0,0.727193314239306,0.5271388447003973,0.54297010653671,1.4620013414895812,-0.42636781682460195,-0.40405028975623825,0.5024553632159124,0.8072200887729791,0,0.4792573454080513,0
1,1,1,0.3352475943728663,-0.2248819014308352,-1.5591514637219497,-1.345257098115986,0.37327851624620356,-0.631921073809475,-0.15669064235703636,-0.023599090720005784,1,-0.4389322906403136,1
3,1,1,1.119139034105746,1.5224604204623227,-0.15773708354950988,-0.887047559420036,-0.4725012591171484,2.216463726855985,1.5680747388921796,0.5610514429972799,1,3.873088649628296,1
4,0,0,-0.413012416281246,-0.4128870879636433,1.5940308916660397,1.549003152634382,-0.5647681437022414,-0.8825789362680355,-0.16767640911658552,-0.5467074629933667,0,-2.161730952080229,0
5,1,1,1.1904018922632802,0.2727788864501275,0.19261651149360004,-1.1770535965693714,0.9115020096592457,2.1708895700453374,1.0297721676742715,0.8995333309388663,1,5.011697078317721,1
4,0,0,1.6536104702872545,0.4718432016025126,1.5940308916660397,1.148794821368299,-0.16494497716683862,1.988592942802748,0.5683699637732073,2.4073162863150244,0,4.799334215724141,0
1,1,1,1.154770463184513,1.234923076353322,1.5940308916660397,-0.4056375377521391,2.3570165348257017,1.3733418258590087,1.9855338757550471,0.9303044116608288,1,6.646196648100586,1
4,0,0,-0.9118524233839875,-0.5787740172572976,0.8933237015798199,-1.4148585470318265,-0.303345304044478,-0.5407727601881803,-0.9916089160827715,-0.8236471894910283,1,-2.6593741698064584,1
3,0,0,0.37087902345163354,0.9805631181030523,1.24367729662293,0.6847851619293622,-0.5186347014096949,-0.3584761329455909,0.1618965936698889,0.5610514429972799,0,-0.15416279768811703,0
3,1,0,-0.02106669641480624,-0.23594103005041214,-0.15773708354950988,-0.8174461105041955,-0.7031684705798807,-0.3584761329455909,0.33766886182267525,0.6841357658851296,1,-0.03983997581766674,1
3,1,0,1.58234761212972,0.7814988029506672,-0.5080906785926198,-0.16783258728968403,-0.4725012591171484,0.8264519441312403,1.0187864009147223,1.699581429709889,0,3.0723185156387034,0
2,0,0,0.22835330713656452,0.593493616417859,-0.5080906785926198,-1.0900517854245708,-0.25721186175193156,-0.1533924272976778,0.6672418646091496,-0.023599090720005784,1,0.23303848483953446,1
1,0,1,-0.02106669641480624,-0.2912366731482969,1.5940308916660397,0.02357139722887738,-0.5186347014096949,-1.1104497203212722,-0.32147714375027353,0.7456779273290544,0,-1.2048836381521864,0
4,1,1,1.2616647504208147,0.604552745037436,0.8933237015798199,-0.8754473179340625,0.5116788431238429,1.282193512237714,1.4911743715753356,0.13025631288980624,1,3.4153030398266986,1
5,1,0,-1.3037981432504273,-1.0874939337578373,0.19261651149360004,1.0327924065085647,-0.9030800538475822,-0.9737272498893302,-1.178366950995107,-1.3159844810424268,0,-4.371158735774446,0
3,0,0,0.299616165294099,0.6709075167548977,0.8933237015798199,-0.7188440578734214,0.6500791700014824,-0.03945703527105942,-0.03584720800199575,0.8379911694949416,1,1.4127660962233688,1
4,0,1,-0.3417495581237115,-0.5234783741594128,0.19261651149360004,0.7369862486162426,0.6808347981965134,0.21120082718750102,0.1399250601507906,-0.1774544943298178,0,0.8545061912049872,0
3,0,0,0.8340876014756078,0.37231104402632004,-0.5080906785926198,1.264797236228033,0.450167586733781,0.8720261009418877,1.4142740042584916,1.0533887345486783,0,3.7898564264828387,0
1,0,1,0.727193314239306,0.46078407298293567,0.8933237015798199,0.8007875767890964,-0.0419224643867147,-1.1332367987265959,1.007800634155173,-0.42362314010551705,0,-0.5909817690636545,0
5,0,1,0.0858275908214955,0.3391336581675892,0.8933237015798199,-0.3128356058643518,1.0960357788294317,0.6669423952939746,-0.1896479426356838,-0.30053881721766745,1,1.272791414270055,1
2,1,0,0.5490361688454698,-0.1142906152350657,-1.5591514637219497,-0.7478446615883549,0.5116788431238429,1.4644901394803034,0.6123130308114039,0.3148827972215807,1,2.903364810637131,1
3,1,0,-0.8049581361476857,-0.501360116920259,-1.2087978686788396,1.508402307433475,-0.3494787463370245,-0.0622441136763831,-0.9256943155254767,-0.6390207051592539,0,-1.9764378806981382,0
1,1,1,-1.2325352850928928,-1.1870260913340298,-1.2087978686788396,-1.3684575810879327,-0.7646797269699428,-0.9737272498893302,-1.1893527177546561,-0.7928761087690659,1,-3.720635803382995,1
0,0,1,1.2260333213420476,1.1243317901575527,1.5940308916660397,-0.24903427769149794,0.8499907532691837,0.028904199944911613,0.9638575671169766,0.6533646851631671,0,2.4961172054942393,0
1,1,1,0.050196161742728264,0.615611873657013,0.19261651149360004,0.06997236317277106,-0.8108131692624893,-0.5407727601881803,0.15091082691033975,-0.5467074629933667,0,-1.7473825655336968,0
2,1,1,0.47777331068793527,0.46078407298293567,-0.8584442736357297,-1.0784515439385973,-0.0419224643867147,-0.7230693874307698,0.4365407626586176,-0.33130989793962984,1,-0.6597609870984966,1
5,0,0,-1.3394295723291945,-1.352913020627684,-1.2087978686788396,-1.3220566151440392,-0.8877022397500667,-1.1104497203212722,-1.3541392191478934,-1.3467555617643892,1,-4.699046740983622,0
0,0,0,0.19272187805779725,-0.3907688307244894,0.19261651149360004,-0.7768452653032885,1.1575470352194936,0.5530070032673562,0.7331564651664445,0.7764490080510168,1,3.220159511704311,1
3,0,1,1.4041904667358838,0.5160797160808204,1.5940308916660397,-1.4612595129757202,0.17336693297850217,0.9631744145631824,1.1176583017506647,0.3148827972215807,1,2.56908244651393,1
1,1,1,0.9766133177906767,0.2285423719718197,-1.2087978686788396,-0.017029447972029585,-0.5801459577997569,1.7607221587495112,0.24978272774628207,1.0841598152706409,0,2.5145187439666774,0
4,1,1,-0.37738098720247876,-0.4571236024419511,-0.5080906785926198,1.108193976167392,-1.0722360089202525,-0.0622441136763831,-0.5302067121817073,-0.6082496244372915,0,-2.2729364592156345,0
0,0,1,-1.553218146801798,-1.4745634354430304,0.19261651149360004,-1.1596532343404113,-0.9184578679450977,-0.8825789362680355,-1.4200538197051882,-1.4390688039302764,1,-4.660159427848598,1
5,0,1,0.7984561723968405,0.39442930126547393,0.8933237015798199,1.2357966325130996,-0.13418934897180765,0.7353036305099456,0.5354126634945598,0.25334063577765586,0,1.3898675808103538,0
0,1,1,0.050196161742728264,0.02947805681943463,-1.2087978686788396,0.4353799699809337,1.20368047751204,0.8720261009418877,-0.25556254319297866,-0.6390207051592539,0,1.1811233301016952,0
1,1,0,0.40651045253040075,0.3391336581675892,1.24367729662293,-1.6004624108074013,-0.6724128423848498,1.6012126099122455,0.4475265294181667,-0.4851653015494419,1,0.8911609953961204,1
4,0,0,-1.410692430486729,-1.2754991202906454,-0.5080906785926198,0.5397821433546945,-0.7800575410674583,-0.8370047794573882,-1.244281551552402,-1.0698158352667275,0,-3.931159707343976,0
1,1,1,0.19272187805779725,-0.15852712971337352,-0.5080906785926198,-0.6318422467286208,0.40403414444123453,-0.2901148977296199,0.37062616210132265,-0.23899665577374263,1,0.24554875303919466,1
5,0,1,-0.5911695616750823,-0.5898331458768745,-0.5080906785926198,-0.23743403620552453,-0.6109015859947878,-0.4724115249722093,-0.7499220473726903,-0.8544182702129908,0,-2.687653428552678,0
4,0,0,-1.26816671417166,-1.131730448236145,0.8933237015798199,-1.2060542002843049,-0.8723244256525512,-0.8825789362680355,-1.332167685628795,-0.9159604316569155,1,-4.003031479206297,1
2,1,0,0.26398473621533175,0.383370172645897,1.24367729662293,-0.3940372962661657,0.5270566572213584,-0.9281530930786829,-0.31049137699072443,0.5302803622753175,1,-0.18130745057273134,1
4,1,0,1.6892418993660219,1.5777560635602075,-0.5080906785926198,-0.04603005168696313,3.3258188229691776,2.6722052949624584,2.282149578262874,1.2380152188804527,0,9.518188915074962,0
5,1,0,1.154770463184513,0.8810309605268597,-1.2087978686788396,-0.8174461105041955,-0.303345304044478,2.12531541323469,1.4582170712966882,0.16102739361176865,1,3.441214574098669,1
4,0,1,-1.6244810049593326,-1.540918207160492,-1.2087978686788396,0.15697417431757169,-1.14912507940783,-1.0193014066999775,-1.4639968867433848,-1.3159844810424268,0,-4.948407853893619,0
4,0,0,-1.125640997856591,-0.9990209048012216,-1.5591514637219497,-0.8000457482752353,-0.8261909833600047,-0.38126321135091457,-1.0685092833996155,-0.7621050280471036,0,-3.0380685061576385,0
1,1,1,1.6536104702872545,1.057977018440091,0.54297010653671,0.00037091425693054283,0.9422576378542767,2.056954178018719,2.2382065112246776,0.5302803622753175,0,5.767698689372991,0
5,1,0,-1.1612724269353583,-0.9879617761816447,1.24367729662293,-1.3568573396019594,-0.6109015859947878,-0.5863469169988277,-0.9696373825636732,-1.1313579967106524,1,-3.2982438822679407,1
0,0,1,-0.6268009907538495,-0.6008922744964514,0.54297010653671,-1.4148585470318265,0.3579007021486881,-0.03945703527105942,-0.6290786130176497,-0.946731512378878,1,-1.257366458518899,1
5,0,0,-1.4819552886442635,-1.4192677923451458,0.8933237015798199,-0.057630293172936546,-0.9645913102376441,-0.7914306226467408,-1.4310395864647374,-1.254442319598502,0,-4.441503838947624,0
5,0,1,1.119139034105746,1.5224604204623227,-1.2087978686788396,-0.666642971186541,1.3882142466822258,-0.4496244465668856,0.469498062937265,0.5610514429972799,0,1.9691393060498852,0
1,1,1,-1.6244810049593326,-1.4856225640626073,1.24367729662293,0.0989729668877046,-1.087613823017768,-1.1104497203212722,-1.5079399537815814,-1.3775266424863517,0,-5.083530139606974,0
5,0,1,-1.4463238595654964,-1.3860904064864148,-0.5080906785926198,0.3715786418080799,-1.0107247525301906,-0.8597918578627118,-1.2772388518310493,-1.254442319598502,0,-4.402197781822453,0
3,1,0,0.727193314239306,1.4118691342665532,-0.5080906785926198,-0.09823113837384351,0.21950037527104865,0.5985811600780035,0.4914695964563633,0.4071960393874679,0,1.7167471711928834,0
1,0,1,-1.7313752921956342,-1.6293912361171077,1.24367729662293,1.5026021866904882,-1.1029916371152835,-1.1104497203212722,-1.6177976213770728,-1.469839884652239,0,-5.301078863465867,0
2,0,0,-0.698063848911384,-0.8663113613662983,0.54297010653671,-0.5564406770697935,-0.6570350282873343,-1.1332367987265959,-0.8707654817277308,-1.0698158352667275,1,-3.7308531440083885,1
4,0,0,-1.553218146801798,-1.4192677923451458,0.8933237015798199,0.5107815396397609,-0.9184578679450977,-1.0648755635106248,-1.4530111199838356,-1.408297723208314,0,-4.844642274647872,0
3,1,0,-1.1612724269353583,-1.0432574192795294,-1.5591514637219497,-1.0320505779947036,-0.41099000272708647,-1.1332367987265959,-1.255267318311951,-0.8236471894910283,0,-3.6231413092566616,0
3,1,1,1.1904018922632802,1.3123369766903608,-0.5080906785926198,0.84718854273299,1.1575470352194936,0.780877787320593,1.3044163366630002,2.315003044149137,0,5.557844203352223,0
3,0,0,0.8340876014756078,0.26171975783055057,1.5940308916660397,-1.641063256008308,1.5727480158524116,2.056954178018719,1.3044163366630002,1.3918706224902648,1,6.325989153024396,1
2,1,1,0.5846675979242371,0.5603162305591282,-0.8584442736357297,0.5861831092985882,0.20412256117353314,1.6467867667228928,-0.13471910883793806,0.9918465731047537,0,2.7080367921632416,0
1,0,1,-1.1969038560141254,-1.0100800334207987,0.8933237015798199,0.8935895086768837,-0.5493903296047259,-0.7914306226467408,-0.9586516158041241,-0.9775025931008403,0,-3.276975161156431,0
3,1,1,-1.695743863116867,-1.6072729788779538,-0.15773708354950988,-0.4926393488969397,-1.1029916371152835,-1.0876626419159485,-1.551883020819778,-1.469839884652239,1,-5.212377184503249,1
1,0,1,-0.4486438453600132,-0.700424432072644,0.19261651149360004,0.4063793662660002,-0.3494787463370245,-0.0622441136763831,-0.32147714375027353,-0.3620809786615922,0,-1.0952809824252734,0
5,0,1,-1.3394295723291945,-1.2312626058123375,-0.5080906785926198,-1.1190523891395043,-0.5647681437022414,-0.8370047794573882,-1.2772388518310493,-1.1929001581545773,1,-3.871911933145256,1
5,1,1,-0.698063848911384,-0.4681827310615281,0.19261651149360004,1.647605205265156,-0.2110784194593851,-0.2901148977296199,-0.31049137699072443,-0.269767736495705,0,-1.0814524306754345,0
1,0,1,-1.7313752921956342,-1.6293912361171077,1.5940308916660397,1.6360049637791825,-1.087613823017768,-1.1104497203212722,-1.628783388136622,-1.5313820460961636,0,-5.358228977571827,0
2,1,1,1.0835076050269785,1.057977018440091,-0.8584442736357297,-0.028629689458003003,-0.303345304044478,2.12531541323469,1.3373736369416476,0.4687382008313927,0,3.6280819469632526,0
1,1,1,1.3685590376571166,0.8589127032877059,-1.2087978686788396,0.9109898709058438,0.1118556765884402,1.5100642962909507,0.29372579478447863,0.868762250216904,0,2.7844080178807737,0
5,0,1,-0.30611812904494423,-0.7336018179313748,-1.2087978686788396,-1.2408549247422251,0.18874474707601765,-0.08503119208170677,-0.508235178662609,0.3148827972215807,1,-0.08963882644671745,1
5,1,1,-0.3417495581237115,-0.4460644738223742,1.24367729662293,0.9051897501628572,-0.8877022397500667,-0.4496244465668856,-0.4752778783839616,-0.6082496244372915,0,-2.4208541891382054,0
3,1,0,1.154770463184513,1.1685683046358604,0.19261651149360004,-0.8522468349621157,2.5415503039958875,2.193676648450661,0.5793557305327565,0.22256955505569345,1,5.537152238035,1
3,1,0,0.869719030554375,1.1132726615379755,-0.5080906785926198,-1.6468633767512948,-0.9953469384326751,-0.9509401714840066,0.3486546285822244,1.2380152188804527,1,-0.3596172624540044,1
3,0,0,-1.0543781396990566,-0.8220748468879905,-0.8584442736357297,0.5977833507845616,-1.0414803807252215,-0.22175366251364884,-0.7609078141322394,-1.1313579967106524,0,-3.1554998540817625,0
3,0,0,-1.3037981432504273,-1.319735634768953,-0.5080906785926198,0.8877893879338971,-0.8108131692624893,-0.6774952306201224,-1.2662530850715001,-0.9159604316569155,0,-3.6705219166110274,0
0,1,0,0.6559304560817715,0.9252674750051675,-1.5591514637219497,0.12217344985965144,0.050344420198378245,0.5302199248620325,0.8759714330405834,1.3610995417683025,0,2.8176353198692965,0
0,0,1,-0.9118524233839875,-0.6672470462139132,-0.15773708354950988,1.4620013414895812,-0.3802343745320555,-0.0622441136763831,-0.8487939482086326,-1.0698158352667275,0,-2.3610882716837986,0
3,1,1,-0.4486438453600132,-0.6340696603551823,0.19261651149360004,-1.7338651878960956,0.050344420198378245,-0.49519860337753296,-0.024861441242446602,0.007171990001956621,1,-0.4625436344196447,1
3,1,1,0.9409818887119096,1.5666969349406306,-0.15773708354950988,-1.3974581848028664,-0.10343372077677666,0.2567749839981484,0.7441422319259936,-0.23899665577374263,1,0.6584868393736227,1
1,1,0,-0.6624324198326168,-0.9437252617033369,0.8933237015798199,-0.38243705478019224,0.20412256117353314,-0.5407727601881803,-0.9476658490445748,-0.9775025931008403,1,-2.2618186411600623,1
0,1,1,1.2616647504208147,0.5381979733199743,-0.15773708354950988,0.6035834715275483,2.7568397013611046,1.1454710418057719,1.7218754735258677,1.6380392682659641,0,7.262225484958708,0
3,1,1,-0.4486438453600132,-0.15852712971337352,0.8933237015798199,0.3599784003221065,-0.41099000272708647,-1.0420884851053012,-0.2995056102311753,0.09948523216784384,0,-1.653098865895719,0
3,0,0,1.1904018922632802,1.7657612500930155,1.24367729662293,-0.0054292064860561665,2.018704624680361,2.0797412564240427,0.5903414972923056,1.0841598152706409,0,5.77294719366735,0
1,0,0,-1.2325352850928928,-1.0764348051382602,-1.2087978686788396,-1.6294630145223348,-0.5032568873121794,-0.631921073809475,-1.2003384845142053,-1.0390447545447652,0,-3.374561200180625,0
2,1,0,0.9766133177906767,0.4718432016025126,0.8933237015798199,-0.29543524363539164,1.7111483427300511,1.8974446291814533,0.9858291006360749,0.5918225237192424,1,5.186244596266822,1
1,0,1,1.5467161830509528,0.6487892595157437,0.19261651149360004,-0.9102480423919828,1.0191467083418542,-0.5179856817828566,0.8869571998001325,0.19179847433373107,1,1.5799167006928612,1
3,1,1,1.724873328444789,1.2791595908316298,-0.15773708354950988,-0.2896351228924049,2.2647496502406086,2.489908667719869,2.3810214790988167,0.4995092815533551,0,7.63518907861265,0
4,1,0,-0.9474838524627548,-0.7888974610292596,1.24367729662293,-1.2002540795413181,-1.1645028935053454,-1.0876626419159485,-0.8268224146895343,-0.6082496244372915,1,-3.6872375745481194,1
2,0,1,0.869719030554375,-0.0036993290392962164,-0.5080906785926198,-0.6492426089575809,1.895682111900237,-1.1332367987265959,1.4692028380562374,0.5302803622753175,1,2.761928513505196,1
5,0,0,-0.6268009907538495,-0.36865057348533553,0.8933237015798199,1.4214004962886744,-0.2264562335569006,-0.7914306226467408,-0.651050146536748,-0.7313339473251411,0,-2.4002709500655306,0
2,0,0,0.15709044897903002,0.4276066871242048,-1.5591514637219497,-1.2640554077141721,0.7731016827816063,-0.9053660146733592,0.008095859036200838,0.9610754923827912,0,0.8369070195272391,0
5,1,0,-0.9474838524627548,-0.8441931041271443,0.19261651149360004,-1.4090584262888397,-0.7493019128724273,-0.4724115249722093,-0.9916089160827715,-1.1313579967106524,1,-3.3446803506380602,1
1,1,1,1.297296179499582,1.3676326197882456,0.8933237015798199,1.247396873999073,0.08110004839340923,1.920231707586777,0.9309002668383292,0.28411171649961825,0,3.2163437393181336,0
1,1,0,1.6179790412084873,1.2017456904945911,0.8933237015798199,-1.345257098115986,1.6957705286325355,2.6494182165571347,1.6230035726899255,1.0533887345486783,1,7.0215810524282745,1
0,0,0,1.1904018922632802,0.5160797160808204,0.8933237015798199,0.429579849237947,-1.0722360089202525,1.6467867667228928,1.3483594037011968,1.7611235911538137,0,3.6840337526576508,0
5,1,0,1.4754533248934183,0.9695039894834753,-0.15773708354950988,-1.5366610826345473,-0.25721186175193156,2.353186197287927,2.2272207444651286,1.7611235911538137,1,6.0843186711549375,1
2,0,1,-0.16359241272987524,-0.28017754452871996,-1.5591514637219497,-1.4206586677748132,-0.1803227912643541,0.4390716112407378,-0.03584720800199575,0.4687382008313927,1,0.6916398128057806,1
5,1,0,0.9053504596331423,0.26171975783055057,-0.8584442736357297,-0.5216399526118732,0.2502560034660796,-0.3356890545402672,0.06302469283394657,1.484183864656152,1,1.461775506415911,1
4,0,0,1.2260333213420476,0.2948971436892814,-1.2087978686788396,0.5687827470696281,-0.11881153487429215,-0.1533924272976778,1.4801886048157864,0.9303044116608288,0,2.1382890543046456,0
4,1,1,-0.698063848911384,-0.7667792037901057,1.24367729662293,-1.1132522683965176,-0.7031684705798807,-0.2673278193242962,-0.4752778783839616,-0.5774785437153291,1,-2.023252712003468,1
3,0,1,-0.05669812549357349,-0.2248819014308352,1.24367729662293,-1.1538531135974246,-0.27258967584944704,-0.19896658410832516,0.1399250601507906,-0.42362314010551705,1,-0.7552543399124987,1
5,1,1,0.26398473621533175,-0.12534974385464265,0.54297010653671,-1.0552510609666506,-0.5493903296047259,1.2366193554270666,-0.0028899077233483085,0.5610514429972799,1,1.2453905610962723,1
0,1,0,0.22835330713656452,0.6819666453744746,-1.2087978686788396,0.5629826263266413,-0.6877906564823653,0.4162845328354141,0.5354126634945598,0.16102739361176865,0,0.42493393345937736,0
4,0,0,-0.6624324198326168,-0.32441405900702774,0.54297010653671,0.4817809359248274,-1.1645028935053454,-0.8825789362680355,-0.8378081814490834,-0.6390207051592539,1,-3.5239107163817183,1
4,1,1,1.0478761759482114,1.8099977645713234,0.8933237015798199,0.9457905953637641,1.142169221121978,0.8720261009418877,0.2717542612653803,1.2072441381584904,0,3.493193721487737,0
4,1,0,-0.02106669641480624,-0.4128870879636433,-0.8584442736357297,-1.5308609618915607,-0.9030800538475822,-0.22175366251364884,0.04105315931484828,-0.7621050280471036,1,-1.8458855850934863,1
2,1,1,-0.7693267070689185,-0.7557200751705287,-0.15773708354950988,0.5397821433546945,0.004210977905831773,-0.7002823090254461,-0.5961213127390023,-0.20822557505178022,0,-1.500418218910397,0
2,1,0,0.47777331068793527,0.9695039894834753,1.24367729662293,0.8413884219900034,1.1267914070244627,-0.22175366251364884,0.12893929339124144,0.6225936044412047,0,1.6565706423432602,0
5,0,0,0.442141881609168,0.814676188809398,1.24367729662293,0.1685744158035451,-1.1029916371152835,-0.24454074091897252,0.8759714330405834,0.9303044116608288,0,0.45874346666715615,0
0,1,0,0.299616165294099,0.9031492177660136,0.8933237015798199,-0.10983137985981693,-0.8108131692624893,0.712516552104622,-0.024861441242446602,0.25334063577765586,0,0.13018257737734196,0
1,0,0,1.0835076050269785,1.5998743207993613,-1.2087978686788396,0.4179796077519736,0.1118556765884402,0.028904199944911613,0.6562560978496005,0.13025631288980624,0,0.9272722872727586,0
5,0,1,0.727193314239306,0.5492571019395512,-1.2087978686788396,0.5803829885556014,1.4497255030722878,-0.4724115249722093,0.052038926074397425,-0.14668341360785542,0,0.8826694905666206,0
1,1,0,-1.3037981432504273,-1.1870260913340298,0.54297010653671,1.0849934931954452,-0.9030800538475822,-0.8597918578627118,-1.2003384845142053,-1.2852134003204645,0,-4.248423796544964,0
3,0,1,-0.9831152815415221,-0.7888974610292596,-0.5080906785926198,-1.739665308639082,-0.5032568873121794,-0.2673278193242962,-0.8597797149681817,-1.1621290774326147,1,-2.7924934990372723,1
1,0,0,0.8340876014756078,0.10689195715647327,-1.2087978686788396,0.31937755512119953,2.233994022045578,1.8062963155601586,1.1176583017506647,-0.20822557505178022,0,4.949723064304621,0
0,0,1,0.0858275908214955,-0.2027636441916813,0.19261651149360004,-0.1620324665466973,-0.5032568873121794,-0.563559838593504,0.31569732830357694,0.6533646851631671,0,-0.0977547124389393,0
5,0,1,0.9409818887119096,0.14006934301520413,-1.5591514637219497,0.36577852106509323,-0.9799691243351596,2.2392508052613085,0.07401045959349571,-0.33130989793962984,0,1.0019822425800147,0
0,1,0,-0.02106669641480624,-0.490300988300682,0.8933237015798199,0.7311861278732559,-0.9030800538475822,-0.8825789362680355,0.06302469283394657,-0.05437017144196819,0,-1.7770044687236393,0
5,1,1,0.3352475943728663,-0.31335493038745077,0.19261651149360004,0.46438057369586727,0.603945727708936,0.07447835675555897,-0.1457048755974872,0.7149068466070919,0,1.2476260554740994,0
0,0,0,-1.3037981432504273,-1.3750312778668379,-1.5591514637219497,0.49338117741080084,-0.6262794000923033,-0.9509401714840066,-1.0685092833996155,-1.1313579967106524,0,-3.777086851686578,0
5,1,1,1.5467161830509528,0.8810309605268597,-0.8584442736357297,0.9399904746207774,0.7577238686840908,1.1910451986164192,0.7880852989641902,0.4995092815533551,0,3.2363636478180555,0
3,1,0,0.050196161742728264,0.2285423719718197,1.24367729662293,0.9747911990786977,0.2656338175635951,0.12005251356620632,-0.3764059775480193,-0.3620809786615922,0,-0.3528006250798101,0
0,0,0,-0.698063848911384,-0.4460644738223742,-0.5080906785926198,-0.5564406770697935,-0.6109015859947878,-0.08503119208170677,-0.4093632778266667,-0.9775025931008403,1,-2.0827986490040016,1
3,1,1,1.1904018922632802,0.593493616417859,0.19261651149360004,1.1371945798823255,2.3723943489232173,1.2594064338323903,0.2717542612653803,1.9149789947636258,0,5.818534038784614,0
0,1,0,-1.3750610014079618,-1.352913020627684,1.24367729662293,-1.4612595129757202,-1.087613823017768,-0.8597918578627118,-1.3431534523883442,-1.3467555617643892,1,-4.637314695033213,1
5,1,1,-0.09232955457234074,-0.2248819014308352,-0.8584442736357297,0.6789850411863755,0.12723349068595569,0.8948131793472114,0.3486546285822244,-0.6697917858812164,0,0.7009095127341751,0
5,1,1,1.4754533248934183,2.108594237299901,-1.2087978686788396,-0.20263331174760427,-1.0722360089202525,2.0341670996133954,0.9309002668383292,2.253460882705212,0,4.146292240236685,0
2,1,0,0.0858275908214955,-0.4681827310615281,-0.8584442736357297,0.2729765891773059,1.0960357788294317,-0.3356890545402672,0.39259769562042096,-0.5467074629933667,0,0.6062369569162188,0
3,0,0,-0.127960983651108,-0.4681827310615281,-1.5591514637219497,0.15117405357458497,0.2656338175635951,-0.6091339954041514,-0.05781874152109404,0.06871415144588143,0,-0.3326047679157689,0
0,1,0,0.5134047397667025,1.057977018440091,-0.8584442736357297,-0.26643463992045807,-0.7339240987749118,-0.8825789362680355,0.8320283660023868,1.4226417032122274,0,0.6381670341716668,0
4,0,1,-0.6624324198326168,-0.4018279593440664,1.5940308916660397,1.5316027904054217,0.18874474707601765,0.006117121539587936,-0.3324629105098227,-0.269767736495705,0,-0.40736877838992214,0
4,0,0,-0.16359241272987524,-0.2912366731482969,-0.8584442736357297,-1.124852509882491,0.5116788431238429,-1.0876626419159485,-0.12373334207838892,0.5610514429972799,1,-0.1386656978732146,1
5,0,0,-1.553218146801798,-1.4745634354430304,-0.15773708354950988,0.290376951406266,-0.9492134961401286,-1.1104497203212722,-1.4969541870220322,-1.4390688039302764,0,-4.995686207413709,0
5,1,1,0.9053504596331423,0.15112847163478108,-0.5080906785926198,-0.38243705478019224,0.21950037527104865,1.213832277021743,1.073715234712468,1.022617653826716,1,3.5296655408319753,1
4,0,0,-1.3750610014079618,-1.3860904064864148,-0.5080906785926198,1.5780037563493154,-0.9030800538475822,-0.6547081522147987,-1.3651249859074426,-1.254442319598502,0,-4.177355511568326,0
2,0,0,0.01456473266396101,0.15112847163478108,0.19261651149360004,1.4214004962886744,0.7115904263915444,0.9176002577525351,-0.4093632778266667,0.22256955505569345,0,1.4423969613731062,0
1,1,1,-0.27048669996617697,0.12901021439562718,0.54297010653671,1.1139940969103788,-1.087613823017768,-1.0420884851053012,-0.5411924789412564,-0.30053881721766745,1,-2.971433604281993,1
4,0,0,-1.695743863116867,-1.540918207160492,1.24367729662293,-0.32443584735032516,-1.0414803807252215,-1.1104497203212722,-1.5738545543388762,-1.5006109653742012,1,-5.226395620759571,1
2,0,1,-0.37738098720247876,-0.23594103005041214,-0.15773708354950988,-0.2780348814064315,-0.5801459577997569,-0.7686435442414171,0.052038926074397425,-0.4851653015494419,0,-1.7819158775162185,0
5,1,0,-0.413012416281246,-0.025817586278450114,0.19261651149360004,1.3749995303447806,-0.9799691243351596,-1.0193014066999775,-0.07979027504019233,-0.42362314010551705,0,-2.5026839461808463,0
0,1,1,0.6559304560817715,0.6819666453744746,1.24367729662293,1.4214004962886744,1.5266145735598653,0.14283959197153,0.6892133981282479,0.4995092815533551,0,2.858176845212998,0
4,1,1,0.6915618851605387,0.9916222467226292,-0.15773708354950988,0.44698021146690714,1.741903970925082,0.2339879055928247,0.7111849316473462,0.4071960393874679,0,3.094272847552721,0
1,0,0,0.442141881609168,0.35019278678716614,1.5940308916660397,-0.98564961205081,0.8499907532691837,-0.8370047794573882,0.8649856662810342,1.2995573803243776,1,2.1775290204172073,1
3,0,1,1.3685590376571166,0.814676188809398,0.19261651149360004,1.665005567494116,2.4339056053132793,1.3277676690483613,2.0184911760336948,1.3918706224902648,0,7.1720350728856,0
0,1,1,0.22835330713656452,0.4718432016025126,-0.5080906785926198,-0.32443584735032516,-0.48787907321466395,0.32513621921411945,0.5244268967350108,0.25334063577765586,1,0.6150246785121221,1
4,1,1,0.050196161742728264,0.35019278678716614,-0.15773708354950988,-1.4206586677748132,-1.087613823017768,-0.2673278193242962,-0.4972494119030599,-0.4851653015494419,1,-2.337356355794566,1
4,0,0,0.8340876014756078,0.26171975783055057,-1.2087978686788396,-0.347636330322272,0.20412256117353314,0.5985811600780035,0.3047115615440278,-0.42362314010551705,1,0.6837921426900473,1
5,0,0,0.5134047397667025,0.09583282853689633,0.54297010653671,-0.9044479216489961,-0.9799691243351596,0.6669423952939746,0.8759714330405834,0.8995333309388663,1,1.4624780349382647,1
3,0,0,0.40651045253040075,-0.025817586278450114,0.54297010653671,-0.19103307026163086,-0.9645913102376441,0.9403873361578587,0.6232987975709531,1.176473057436528,0,1.7755678809276958,0
5,1,1,-0.9474838524627548,-0.9547843903229138,1.5940308916660397,-0.5042395903829131,-0.16494497716683862,-0.6547081522147987,-1.090480816918714,-0.7313339473251411,1,-2.6414678936254923,1
0,1,0,-0.9118524233839875,-0.8884296186054521,-0.15773708354950988,-0.057630293172936546,-0.5340125155072104,-0.9509401714840066,-0.9916089160827715,-0.7313339473251411,0,-3.2078955503991295,0
2,0,1,-0.840589565226453,-0.7336018179313748,1.5940308916660397,-1.345257098115986,-0.395612188629571,-0.10781827048703045,-1.0135804496018699,-0.8851893509349531,1,-2.4022002596534247,1
5,1,0,-0.7336952779901512,-0.8331339755075674,-0.8584442736357297,-1.084251664681584,-0.7954353551649738,-0.3356890545402672,-0.4093632778266667,-1.0082736738228029,1,-2.5487613613547104,1
4,0,1,0.37087902345163354,-0.16958625833295046,-1.2087978686788396,-1.1538531135974246,0.49630102902632744,-0.6774952306201224,0.5903414972923056,-0.33130989793962984,1,0.07783739775888077,1
3,0,0,-1.26816671417166,-1.0764348051382602,1.24367729662293,0.5049814188967743,-1.118369451212799,-1.0420884851053012,-1.167381184235558,-1.0082736738228029,0,-4.3361127943764615,0
2,0,0,0.5134047397667025,-0.1142906152350657,0.54297010653671,-0.13303186283176377,-0.44174563092211744,1.6012126099122455,1.0956867682315663,-0.33130989793962984,0,1.9238438492820644,0
4,1,0,-1.7313752921956342,-1.596213850258377,-0.15773708354950988,-0.1388319835747505,-1.0722360089202525,-1.1104497203212722,-1.6177976213770728,-1.4390688039302764,0,-5.239552154548874,0
1,1,0,1.724873328444789,0.9142083463855906,0.8933237015798199,0.5049814188967743,3.187418496091538,-0.2901148977296199,1.5900462724112778,0.9918465731047537,0,5.4791964438779495,0
4,0,0,0.15709044897903002,-0.3907688307244894,0.19261651149360004,-0.7304442993593948,-0.8723244256525512,-0.5863469169988277,0.5463984302541091,0.19179847433373107,1,-0.7204744380635387,1
4,0,0,-1.3750610014079618,-1.1870260913340298,-0.8584442736357297,0.6325840752424818,-0.7185462846773962,-0.6091339954041514,-1.2113242512737543,-1.0082736738228029,0,-3.547278205178105,0
4,0,1,0.6559304560817715,0.5603162305591282,1.24367729662293,-0.9392486461069164,0.32714507395365705,0.2795620624034721,1.2824448031439017,0.22256955505569345,1,2.111721494556724,1
3,0,1,1.0478761759482114,1.1243317901575527,-1.2087978686788396,-1.7048645841811618,2.280127464338124,0.5302199248620325,1.0187864009147223,0.4995092815533551,0,4.3286430716682345,0
3,1,1,-0.3417495581237115,-0.1364088724742196,1.5940308916660397,-1.2582552869711854,-0.8569466115550357,-0.6091339954041514,0.07401045959349571,-0.3620809786615922,1,-1.7541511260272837,1
2,0,0,-1.3037981432504273,-1.1538487054752988,1.5940308916660397,-0.2142335532335777,-1.087613823017768,-0.6091339954041514,-1.3541392191478934,-1.10058691598869,0,-4.151473953558503,0
4,1,1,-1.2325352850928928,-1.319735634768953,1.5940308916660397,-1.327856735887026,-0.9030800538475822,-0.6091339954041514,-1.1563954174760087,-1.2236712388765396,1,-3.892280705604282,1
1,0,0,-1.0543781396990566,-1.2091443485731836,0.19261651149360004,-1.2814557699431322,-0.7339240987749118,-0.6547081522147987,-0.7718935808917886,-0.7621050280471036,1,-2.922630859928603,1
1,1,0,1.3329276085783492,1.666229092516823,1.24367729662293,1.7230067749239832,1.4804811312673187,0.6669423952939746,1.4911743715753356,1.8842079140416634,0,5.522805812178293,0
3,1,1,0.727193314239306,1.1353909187771296,-0.15773708354950988,0.7253860071302691,2.018704624680361,0.07447835675555897,0.095981993112594,1.1149308959926032,0,3.3040958705411168,0
1,1,0,1.2616647504208147,1.8099977645713234,0.8933237015798199,0.45278033220989383,1.8803042978027216,1.920231707586777,0.7770995322046411,0.09948523216784384,0,4.677120769761983,0
2,1,1,0.12145901990026277,-0.03687671489802706,-0.8584442736357297,0.7195858863872825,-0.9953469384326751,-1.0420884851053012,-0.22260524291433123,0.13025631288980624,0,-2.129784353562501,0
3,0,1,-1.4463238595654964,-1.3971495351059917,-0.8584442736357297,1.206796028798166,-0.7031684705798807,-0.9965143282946539,-1.4420253532242866,-1.3775266424863517,0,-4.519234794585173,0
0,0,0,0.12145901990026277,0.3612519154067431,-0.5080906785926198,0.14537393283159827,0.7115904263915444,-0.4496244465668856,-0.23359100967388038,-0.05437017144196819,0,-0.02599520129118983,0
2,0,0,-0.30611812904494423,0.18430585749351192,-1.2087978686788396,0.9921915613076578,-0.14956716306932313,-0.10781827048703045,-0.508235178662609,0.25334063577765586,0,-0.5122799764413067,0
2,1,0,0.869719030554375,0.803617060189821,0.54297010653671,0.5513823848406679,0.09647786249092472,-0.24454074091897252,0.019081625795749985,1.3610995417683025,0,1.2321182891360047,0
4,0,0,-1.3750610014079618,-1.3086765061493761,-1.5591514637219497,-0.208433432490591,-0.8108131692624893,-1.0193014066999775,-1.1454096507164595,-1.1929001581545773,0,-4.168424384833504,0
4,0,1,0.442141881609168,-0.07005410075675791,-0.15773708354950988,-1.4554593922327335,-0.5647681437022414,1.6695738451282165,0.15091082691033975,0.22256955505569345,1,1.4782860833920082,1
4,0,1,-1.695743863116867,-1.574095593019223,-1.2087978686788396,1.1429947006253123,-1.1029916371152835,-1.0420884851053012,-1.5958260878579746,-1.408297723208314,0,-5.1492039332868735,0
3,0,0,0.8340876014756078,1.5114012918427457,-0.5080906785926198,-1.2118543210272916,1.926437740095268,0.6669423952939746,0.9309002668383292,0.6841357658851296,1,4.208416168112701,1
5,1,0,-1.0187467106202892,-1.0764348051382602,0.19261651149360004,1.3517990473728339,-0.395612188629571,-0.38126321135091457,-0.8927370152468291,-1.0390447545447652,0,-2.7086571697720796,0
5,0,0,-0.37738098720247876,-0.6672470462139132,-0.15773708354950988,-0.4926393488969397,-1.0568581948227371,0.32513621921411945,-0.574149779219904,0.16102739361176865,1,-1.144844361216753,1
4,0,1,-0.840589565226453,-0.5234783741594128,0.8933237015798199,0.4121794870089869,-0.2110784194593851,-0.2901148977296199,-1.0465377498805173,-0.30053881721766745,0,-1.8482698842871899,0
0,1,1,-1.0900095687778237,-0.9105478758446061,-1.2087978686788396,-1.1364527513684644,-0.395612188629571,-0.7686435442414171,-1.2003384845142053,-0.6082496244372915,0,-2.972843841822485,0
4,1,0,0.47777331068793527,-0.03687671489802706,-0.8584442736357297,-0.3650366925512321,-0.7954353551649738,-0.2901148977296199,0.3816119288608718,0.4687382008313927,1,-0.2352001232023292,1
5,1,1,-1.3037981432504273,-1.1096121909969912,-1.2087978686788396,-1.4612595129757202,-0.8261909833600047,-0.9281530930786829,-1.2223100180333035,-1.1313579967106524,0,-4.108012091182643,0
0,1,1,-0.8049581361476857,-0.9769026475620677,0.19261651149360004,0.2729765891773059,-0.5186347014096949,-1.1332367987265959,-0.7059789803344937,-0.8236471894910283,0,-3.181497669961813,0
2,1,1,1.119139034105746,1.5003421632231688,0.54297010653671,-1.6468633767512948,2.4339056053132793,2.5354828245305163,0.2827400280249295,-0.20822557505178022,1,5.043902882816945,1
3,1,0,1.4041904667358838,1.2791595908316298,0.54297010653671,0.2207755024904255,-0.33410093223950904,-1.1332367987265959,1.7768043073236135,0.06871415144588143,0,0.37818072780339007,0
5,1,1,-1.5175867177230307,-1.4413860495842996,0.19261651149360004,-1.3742577018309194,-0.9645913102376441,-0.9053660146733592,-1.321181918869246,-1.254442319598502,1,-4.4455815633787505,1
4,1,1,0.37087902345163354,0.6709075167548977,-0.8584442736357297,1.206796028798166,-1.0414803807252215,0.5074328464567088,0.7880852989641902,0.3456538779435431,0,0.5996916426392206,0
4,1,1,-0.9474838524627548,-0.6340696603551823,-1.5591514637219497,1.5722036356063287,-0.5801459577997569,-1.0648755635106248,-0.88175124848728,-0.4543942208274795,0,-2.9811669906251415,0
4,0,1,0.3352475943728663,0.2064241147326658,0.19261651149360004,0.04097175945783751,1.20368047751204,-0.40405028975623825,0.7661137654450919,-0.33130989793962984,0,1.2344340552612638,0
2,1,1,1.012244746869444,0.814676188809398,-0.8584442736357297,-0.16783258728968403,0.09647786249092472,0.07447835675555897,0.3047115615440278,0.9610754923827912,0,1.4367432731733027,0
3,0,1,1.58234761212972,1.1685683046358604,1.24367729662293,-0.8928476801630226,1.4497255030722878,1.9658058643974243,1.5570889721326304,1.5764971068220393,1,6.549117446424382,1
3,1,1,-1.1612724269353583,-0.9658435189424908,1.5940308916660397,-0.9508488875928898,-0.9184578679450977,-0.4724115249722093,-1.178366950995107,-1.1313579967106524,1,-3.7005943406230664,1
3,1,1,0.26398473621533175,-0.1142906152350657,0.19261651149360004,0.8007875767890964,0.6500791700014824,-0.13060534889235412,0.03006739255529913,1.0533887345486783,0,1.6029299482131059,0
3,0,0,-0.8049581361476857,-0.6340696603551823,-0.15773708354950988,-0.4694388659249929,-0.07267809258174568,-0.3356890545402672,-0.8158366479299851,-1.0698158352667275,1,-2.2940196303187257,1
3,0,1,-0.37738098720247876,-0.7557200751705287,-0.5080906785926198,-0.3998374170091524,-0.5801459577997569,0.5530070032673562,0.008095859036200838,0.28411171649961825,1,0.26506862100341844,1
1,1,0,-1.4463238595654964,-1.2976173775297992,1.24367729662293,-0.12723174208877705,-0.7954353551649738,-1.0420884851053012,-1.321181918869246,-1.1621290774326147,0,-4.320834836572136,0
0,0,0,1.4398218958146511,0.6598483881353208,1.5940308916660397,-0.12723174208877705,-0.24183404765441607,0.2795620624034721,2.0404627095527927,0.19179847433373107,0,2.26998919863558,0
0,0,0,-0.16359241272987524,0.32807452954801225,0.54297010653671,-0.9160481631349695,-0.7185462846773962,-1.0876626419159485,0.052038926074397425,-0.5159363822714043,1,-2.2701063827903516,1
2,1,0,0.9766133177906767,0.19536498611308886,-0.8584442736357297,0.8761891464479236,1.5266145735598653,0.30234914080879577,0.5793557305327565,2.0688343983734376,0,4.477153843274856,0
4,0,1,0.5490361688454698,0.4054884298850509,-0.15773708354950988,-1.4322589092607867,1.3882142466822258,1.0315356497791535,0.5354126634945598,0.3764249586655055,1,3.3315875186214443,1
5,1,0,1.6892418993660219,1.2681004622120529,0.19261651149360004,0.3715786418080799,-0.3494787463370245,-0.4724115249722093,0.8100568324832885,2.8073403357005358,0,2.7955068968745906,0
1,0,0,0.8340876014756078,1.2681004622120529,1.24367729662293,-0.5506405563268069,-0.8108131692624893,-0.5863469169988277,0.7990710657237394,-0.33130989793962984,1,-0.9293989184772073,1
3,0,1,-0.27048669996617697,0.16218760025435802,-0.15773708354950988,-0.16783258728968403,-0.27258967584944704,-0.2901148977296199,-0.25556254319297866,0.25334063577765586,0,-0.5649264809943898,0
2,1,1,1.6892418993660219,2.152830751778209,0.8933237015798199,0.8935895086768837,0.7577238686840908,2.262037883666632,2.1503203771482844,0.3456538779435431,0,5.515736007442551,0
5,1,0,-1.410692430486729,-1.2423217344319144,1.5940308916660397,1.4968020659475014,-0.6570350282873343,-0.8597918578627118,-1.244281551552402,-1.1929001581545773,0,-3.9540085958570255,0
3,0,1,1.2616647504208147,0.7372622884723594,1.5940308916660397,0.23817586471938562,-0.33410093223950904,0.8720261009418877,0.9748433338765258,1.2687862996024153,0,2.78155480218132,0
0,1,1,1.5467161830509528,2.2523629093544013,0.8933237015798199,-0.04603005168696313,0.2810116316611106,1.555638453101598,1.6889181732472203,0.25334063577765586,0,3.7789088937875848,0
3,0,1,0.0858275908214955,0.5713753591787052,0.54297010653671,-0.9740493705648365,1.1575470352194936,-1.1332367987265959,0.22781119422718377,0.28411171649961825,1,0.5362331472196997,1
1,1,1,1.297296179499582,2.0643577228215935,1.24367729662293,-0.24323415694851125,1.6650149004375046,1.487277217885627,1.7987758408427117,0.28411171649961825,0,5.235179675665462,0
3,0,1,-0.09232955457234074,-0.10323148661548875,0.19261651149360004,-0.307035485121365,0.450167586733781,-0.9737272498893302,-0.585135545979453,-0.7928761087690659,1,-1.901571317904068,1
4,1,0,-0.23485527088740973,-0.5898331458768745,1.24367729662293,0.7659868523311761,-0.7800575410674583,-0.5863469169988277,-0.0028899077233483085,-0.1774544943298178,0,-1.5467488601194521,0
1,0,1,0.12145901990026277,0.46078407298293567,0.19261651149360004,1.067593130966485,-0.3802343745320555,-0.7230693874307698,0.5683699637732073,0.4687382008313927,0,-0.06619559735822522,0
5,1,1,1.1904018922632802,1.8542342790496311,-0.15773708354950988,0.02937151797186409,1.7572817850225975,1.213832277021743,0.7551279986855428,1.2687862996024153,0,4.995028360332299,0
1,0,1,0.12145901990026277,0.48290233022208956,1.24367729662293,0.5107815396397609,0.7115904263915444,-0.9509401714840066,0.2058396607080855,-0.4543942208274795,0,-0.48790430521185624,0
3,1,1,1.5467161830509528,1.8763525362887852,-0.15773708354950988,0.0989729668877046,2.341638720728186,0.18841374878217737,1.5680747388921796,1.9765211562075506,0,6.074648364610094,0
0,1,1,-1.5175867177230307,-1.4082086637255689,-1.2087978686788396,-0.4752389866679796,-1.0722360089202525,-0.9509401714840066,-1.3541392191478934,-1.3775266424863517,0,-4.754842042038504,0
0,1,0,-0.4486438453600132,-0.03687671489802706,-0.15773708354950988,-1.2176544417702784,-0.24183404765441607,0.1656266703768537,-0.6180928462581005,-0.115912332885893,1,-0.8102125564215558,1
4,0,0,-0.698063848911384,-0.9769026475620677,-1.2087978686788396,-1.3336568566300127,0.17336693297850217,-0.19896658410832516,-0.6949932135749445,-0.6697917858812164,1,-1.3903846505859838,1
3,1,1,0.3352475943728663,0.6819666453744746,-1.2087978686788396,1.1719953043402458,-0.42636781682460195,0.8948131793472114,0.23879696098673292,0.8072200887729791,0,1.5144624122823216,0
2,1,1,0.6202990270030043,0.04053718543901158,0.19261651149360004,-1.5192607204055872,0.37327851624620356,-0.8597918578627118,0.7331564651664445,1.0841598152706409,1,1.330802938820577,1
5,1,0,0.050196161742728264,-0.3797097021049125,-0.8584442736357297,0.33677791735015966,0.09647786249092472,0.028904199944911613,-0.4093632778266667,0.19179847433373107,0,-0.09218274105709931,0
0,1,0,-1.125640997856591,-0.9326661330837599,0.19261651149360004,-0.028629689458003003,-0.6877906564823653,-0.40405028975623825,-1.1234381171973613,-1.0082736738228029,0,-3.2235527372587676,0
5,0,1,-0.5199067035175478,-0.7336018179313748,1.5940308916660397,-0.03442981020098971,-0.4725012591171484,0.32513621921411945,-0.8487939482086326,-0.14668341360785542,0,-1.1428424017195171,0
3,0,1,-1.26816671417166,-1.2202034771927606,0.54297010653671,0.06417224242978434,-1.0568581948227371,-0.6774952306201224,-1.1344238839569103,-0.8851893509349531,0,-3.753966660334723,0
3,1,0,-1.0900095687778237,-1.0321982906599525,-0.5080906785926198,1.1545949421112855,-0.6877906564823653,-0.4268373681615619,-1.0575235166400663,-1.2236712388765396,0,-3.3958227801605325,0
5,0,0,1.4754533248934183,0.383370172645897,1.5940308916660397,-0.5970415222707005,-0.9953469384326751,-1.0648755635106248,0.996814867395624,1.7611235911538137,1,0.6977159566061377,1
0,1,1,0.37087902345163354,0.08477369991731938,1.24367729662293,-0.8348464727331556,0.8346129391716682,1.3277676690483613,0.4365407626586176,1.176473057436528,1,3.7753944283151752,1
5,1,0,-1.695743863116867,-1.6183321074975308,-0.5080906785926198,-1.182853717312358,-1.087613823017768,-1.0648755635106248,-1.5299114873006796,-1.469839884652239,1,-5.1522407584813115,1
1,0,0,-1.5175867177230307,-1.4192677923451458,-0.15773708354950988,0.9863914405646711,-1.0107247525301906,-0.9281530930786829,-1.3431534523883442,-1.1929001581545773,0,-4.474931456151795,0
0,1,0,-0.6268009907538495,-0.6783061748334901,0.8933237015798199,1.1429947006253123,-0.6877906564823653,0.32513621921411945,-0.5302067121817073,-0.5159363822714043,0,-1.4087975317213575,0
1,1,0,0.26398473621533175,0.39442930126547393,1.5940308916660397,-0.08083077614488339,1.0191467083418542,-0.4496244465668856,0.052038926074397425,0.3148827972215807,0,0.9364439850709467,0
5,1,0,1.2260333213420476,0.9142083463855906,0.8933237015798199,0.02357139722887738,2.7107062590685578,2.626631138151811,1.0297721676742715,-0.05437017144196819,0,6.312739393452672,0
0,1,1,-0.3417495581237115,-0.25805928728956606,-0.5080906785926198,1.1545949421112855,-0.5801459577997569,-0.9737272498893302,-0.6290786130176497,-0.7005628666031787,0,-2.8835146873099156,0
2,0,0,0.9766133177906767,1.245982204972899,-1.2087978686788396,0.9457905953637641,-0.8108131692624893,0.780877787320593,0.1618965936698889,0.5302803622753175,0,0.6622415740033101,0
0,0,0,0.869719030554375,0.8699718319072828,0.54297010653671,0.7253860071302691,0.21950037527104865,-0.03945703527105942,0.5573841970136582,0.6533646851631671,0,1.3907922221768145,0
2,0,0,-0.9831152815415221,-0.700424432072644,1.24367729662293,-1.5308609618915607,-0.8723244256525512,-0.9509401714840066,-1.090480816918714,-1.0698158352667275,1,-3.983561249321999,1
4,0,1,-1.5888495758805652,-1.4192677923451458,-0.8584442736357297,-0.6086417637566739,-0.8877022397500667,-0.9965143282946539,-1.4420253532242866,-1.4390688039302764,1,-4.765310725199283,1
1,1,0,-0.7693267070689185,-0.4018279593440664,1.5940308916660397,-0.9798494913078233,-0.5955237718972723,-0.2673278193242962,-1.0135804496018699,-0.5774785437153291,1,-2.4539105845387676,1
5,1,0,-1.4819552886442635,-1.4303269209647227,-1.5591514637219497,-1.0726514231956106,-1.0568581948227371,-0.7458564658360934,-1.3431534523883442,-1.3159844810424268,1,-4.461852594089602,1
5,0,1,1.4041904667358838,0.5824344877982821,-0.8584442736357297,-0.8638470764480891,-0.3494787463370245,1.4644901394803034,1.4362455377775898,1.2380152188804527,1,3.7892721498013215,1
1,1,0,-0.09232955457234074,-0.09217235799591181,-1.2087978686788396,-0.6434424882145942,0.7577238686840908,0.6669423952939746,0.2827400280249295,-0.42362314010551705,1,1.2837831518974778,1
1,0,0,-1.2325352850928928,-1.164907834094876,0.19261651149360004,-1.0726514231956106,-1.0261025666277062,-0.9965143282946539,-1.2332957847928527,-1.0698158352667275,1,-4.3257285149819396,1
3,1,0,-0.8762209943052203,-0.7778383324096827,0.19261651149360004,-1.0146502157657435,-0.02654465028919921,-0.7002823090254461,-0.9147085487659274,-0.8544182702129908,1,-2.4959537782935635,1
4,0,1,-1.1612724269353583,-1.164907834094876,0.54297010653671,-0.8522468349621157,-0.8877022397500667,-0.5863469169988277,-1.1454096507164595,-1.0390447545447652,1,-3.658503562010119,1
5,0,1,-0.23485527088740973,-0.36865057348533553,1.5940308916660397,0.19757501951847864,-0.24183404765441607,0.5302199248620325,0.008095859036200838,-0.20822557505178022,0,0.08825616119203708,0
2,1,0,-1.7313752921956342,-1.6404503647366846,1.5940308916660397,-0.4694388659249929,-1.14912507940783,-1.1332367987265959,-1.6177976213770728,-1.4390688039302764,1,-5.339228303441775,1
4,1,1,-1.5175867177230307,-1.4413860495842996,-0.8584442736357297,-1.4322589092607867,-1.0414803807252215,-1.0648755635106248,-1.3431534523883442,-1.1621290774326147,1,-4.6116384740568055,1
3,0,0,-1.26816671417166,-1.319735634768953,-1.2087978686788396,0.968991078335711,-0.8415687974575202,-1.0420884851053012,-1.255267318311951,-1.10058691598869,0,-4.2395115168634625,0
0,1,1,0.9409818887119096,0.19536498611308886,0.54297010653671,-0.7362444201023816,2.2493718361430934,-0.22175366251364884,1.524131671853983,0.4379671201094303,1,3.9897169655928577,1
5,0,1,0.7628247433180733,0.6819666453744746,-1.5591514637219497,1.166195183597259,0.37327851624620356,-0.7458564658360934,0.5793557305327565,0.6841357658851296,0,0.8909135468279962,0
4,0,0,-1.4463238595654964,-1.4192677923451458,0.8933237015798199,-0.33023596809331185,-1.118369451212799,-1.1104497203212722,-1.4420253532242866,-1.2236712388765396,1,-4.894515763634897,1
1,0,0,0.442141881609168,0.2285423719718197,0.19261651149360004,0.6615846789574154,0.40403414444123453,-0.17617950570300148,1.0517437011933697,1.0841598152706409,0,2.3637581552022437,0
3,0,0,-1.125640997856591,-1.2202034771927606,0.19261651149360004,1.3343986851438736,-0.44174563092211744,-0.8825789362680355,-1.0794950501591647,-0.8851893509349531,0,-3.289008968284271,0
5,0,0,-0.23485527088740973,0.018418928199857684,-1.2087978686788396,-1.1538531135974246,-1.118369451212799,0.09726543516088265,0.2607684945058312,-0.7928761087690659,0,-1.553211630315151,0
0,1,0,1.4398218958146511,1.245982204972899,-0.8584442736357297,-0.4752389866679796,1.2805695479996175,-0.8825789362680355,2.216234977705579,0.22256955505569345,1,2.8367951444928545,1
2,0,1,-1.4819552886442635,-1.4192677923451458,1.5940308916660397,-1.3510572188589727,-1.14912507940783,-0.8597918578627118,-1.2882246185905983,-1.1313579967106524,1,-4.428499552571792,1
0,0,1,-0.16359241272987524,-0.34653231624618164,0.19261651149360004,-0.6202420052426473,-0.4571234450196329,-0.9737272498893302,0.1179535266316923,-0.42362314010551705,1,-1.736520308382788,1
2,0,1,1.5467161830509528,0.8367944460485519,0.54297010653671,-0.5506405563268069,-0.5340125155072104,2.7177794517731058,1.0517437011933697,2.007292236929513,1,5.242802874388778,1
5,0,0,0.6559304560817715,1.257041333592476,0.8933237015798199,-1.6120626522933745,2.0033268105828452,1.0998968849951245,0.2168254274676346,1.3610995417683025,1,4.681148664813907,1
2,0,0,-1.695743863116867,-1.574095593019223,-0.5080906785926198,0.7833872145601363,-1.0261025666277062,-1.0420884851053012,-1.6068118546175236,-1.5006109653742012,0,-5.175613871724732,0
5,0,1,-1.125640997856591,-0.9326661330837599,-1.5591514637219497,0.12797357060263814,-0.5032568873121794,-1.0876626419159485,-1.2332957847928527,-1.0082736738228029,0,-3.8324889878437833,0
4,0,1,-0.23485527088740973,0.14006934301520413,-0.8584442736357297,-0.5042395903829131,-0.31872311814199356,0.5757940816726799,-0.22260524291433123,0.22256955505569345,1,0.25703527567204854,1
4,1,1,-1.3750610014079618,-1.2202034771927606,0.8933237015798199,-0.0866308968878701,-1.0107247525301906,-0.9281530930786829,-1.409068052945639,-1.254442319598502,0,-4.602388218153014,0
1,0,1,-1.4463238595654964,-1.3418538920081071,-0.15773708354950988,1.2357966325130996,-0.7031684705798807,-1.0193014066999775,-1.2992103853501475,-1.2852134003204645,0,-4.30689366295047,0
0,0,0,-0.698063848911384,-0.5234783741594128,1.24367729662293,0.12797357060263814,-0.9492134961401286,0.006117121539587936,-0.8707654817277308,-1.0390447545447652,0,-2.8529066108730365,0
1,0,1,-1.0543781396990566,-0.9769026475620677,0.8933237015798199,1.7346070164099565,-0.7800575410674583,-0.631921073809475,-1.178366950995107,-0.8544182702129908,0,-3.4447638360850306,0
0,1,0,-1.0543781396990566,-1.1538487054752988,-1.5591514637219497,-0.8174461105041955,-0.5340125155072104,-0.8370047794573882,-0.7718935808917886,-1.1621290774326147,1,-3.305039953289002,1
4,0,0,1.5467161830509528,2.0090620797237086,1.24367729662293,-1.3394569773729992,2.018704624680361,0.14283959197153,1.8756762081595557,0.6841357658851296,1,4.721356190696576,1
2,1,0,1.6536104702872545,2.4956637389850944,-0.8584442736357297,0.006171034999917252,-1.1029916371152835,-0.4268373681615619,0.9528718003574275,2.0996054790954,0,1.5226482741759821,0
4,0,0,-1.3037981432504273,-1.3750312778668379,1.24367729662293,0.5977833507845616,-1.0568581948227371,-0.8370047794573882,-1.0685092833996155,-1.254442319598502,0,-4.216814577278242,0
2,1,0,-0.127960983651108,-0.05899497213718096,1.5940308916660397,-0.017029447972029585,0.1118556765884402,0.2339879055928247,-0.11274757531883978,0.5610514429972799,0,0.794147449859705,0
3,1,1,-0.3417495581237115,-0.2027636441916813,-0.15773708354950988,0.4063793662660002,-0.8569466115550357,0.12005251356620632,-0.2116194761547821,0.3456538779435431,0,-0.6028596962000684,0
4,1,1,-1.3750610014079618,-1.363972149247261,-0.8584442736357297,-1.3568573396019594,-0.6416572141898188,-1.0648755635106248,-1.2003384845142053,-1.10058691598869,1,-4.007458178203339,1
5,1,0,1.012244746869444,1.4008100056469763,0.8933237015798199,1.4910019452045147,2.4339056053132793,1.7151480019388639,0.22781119422718377,1.7303525104318513,0,6.107217311911178,0
2,1,0,0.5490361688454698,-0.014758457658873165,0.8933237015798199,-1.1538531135974246,0.9422576378542767,0.37071037602476675,0.91991450007878,-0.5159363822714043,1,1.7169461316864192,1
0,1,0,-1.0187467106202892,-0.700424432072644,-1.2087978686788396,-0.945048766849903,-0.9030800538475822,-0.6091339954041514,-0.7499220473726903,-0.9159604316569155,0,-3.1780965282813396,0
3,1,0,0.15709044897903002,0.2727788864501275,-0.5080906785926198,1.6360049637791825,-0.25721186175193156,0.6441553168886509,0.5683699637732073,-0.5774785437153291,0,0.37783487519459746,0
4,0,0,0.01456473266396101,0.04053718543901158,-0.5080906785926198,-1.2060542002843049,-0.11881153487429215,0.712516552104622,-0.16767640911658552,0.5302803622753175,1,0.9563089703890617,1
2,1,1,-0.413012416281246,-0.8220748468879905,-0.15773708354950988,-1.0378506987376903,0.34252288805117254,0.5757940816726799,-0.11274757531883978,-0.8851893509349531,1,-0.07961995652994047,1
5,0,0,-1.7313752921956342,-1.6293912361171077,-0.8584442736357297,0.7079856449013091,-1.1029916371152835,-1.0648755635106248,-1.6177976213770728,-1.5006109653742012,0,-5.286275787377182,0
4,0,0,0.26398473621533175,-0.047935843517604014,-0.15773708354950988,0.5339820226117078,-0.7954353551649738,1.1682581202110955,0.2827400280249295,-0.33130989793962984,0,0.3242528951314214,0
5,1,0,1.154770463184513,0.615611873657013,-1.5591514637219497,-0.3650366925512321,0.1426113047834712,2.12531541323469,0.5024553632159124,0.868762250216904,1,3.6391443314509777,1
5,0,1,-0.8762209943052203,-1.0653756765186833,-0.5080906785926198,0.44118009072392045,-0.11881153487429215,-0.9509401714840066,-0.8707654817277308,-1.1313579967106524,0,-3.071875184796682,0
1,0,0,-1.0543781396990566,-0.7778383324096827,-0.8584442736357297,1.2589971154850463,-0.44174563092211744,-0.4724115249722093,-1.1234381171973613,-0.6390207051592539,0,-2.676615978250942,0
4,1,0,-0.413012416281246,-0.479241859681105,1.5940308916660397,-0.9682492498218499,-0.42636781682460195,-0.7686435442414171,-0.06880450828064319,-0.8236471894910283,1,-2.087463058837691,1
1,0,1,0.050196161742728264,0.12901021439562718,-0.8584442736357297,-0.44043826221005933,0.5424344713188739,-0.3584761329455909,0.6123130308114039,-0.115912332885893,1,0.6803590362987939,1
3,1,1,0.9766133177906767,1.02479963258136,1.5940308916660397,-0.6376423674716074,-0.11881153487429215,0.028904199944911613,0.2827400280249295,-0.269767736495705,1,-0.07693504340015606,1
3,1,1,0.12145901990026277,-0.09217235799591181,-1.2087978686788396,-0.028629689458003003,-0.5186347014096949,-0.49519860337753296,0.45851229617771583,-0.023599090720005784,0,-0.5789200993295178,0
2,1,0,-0.7693267070689185,-0.4571236024419511,-1.5591514637219497,1.3633992888588071,-0.395612188629571,-0.40405028975623825,-0.3983775110671176,-1.10058691598869,0,-2.298626905441617,0
4,0,0,0.727193314239306,1.4561056487448611,-0.8584442736357297,1.450401100003608,-0.28796748994696253,0.48464576805138515,1.1945586690675087,1.4534127839341897,0,2.844649731106121,0
1,0,1,-1.5175867177230307,-1.3971495351059917,-1.2087978686788396,-1.1074521476535308,-0.9492134961401286,-0.9053660146733592,-1.321181918869246,-1.254442319598502,0,-4.430203749281235,0
5,0,1,-0.5911695616750823,-0.25805928728956606,-0.15773708354950988,0.928390233134804,0.3579007021486881,-0.1533924272976778,-0.4533063448648633,-0.115912332885893,0,-0.36471040289974604,0
1,0,1,0.6202990270030043,0.2727788864501275,0.54297010653671,-1.484459995947667,-0.303345304044478,0.14283959197153,0.3266830950631261,0.8379911694949416,1,1.0041685524851196,1
4,0,1,0.6915618851605387,1.3233961053099377,0.19261651149360004,1.6302048430361957,0.12723349068595569,1.0087485713738298,0.22781119422718377,1.3918706224902648,0,2.7556638787772343,0
0,0,1,1.5110847539721854,1.035858761200937,-0.15773708354950988,0.00037091425693054283,1.9571933682902989,-0.9737272498893302,1.9196192751977523,0.13025631288980624,0,3.0333417064885273,0
2,0,0,0.869719030554375,0.5271388447003973,-0.15773708354950988,1.1023938554244053,-0.6109015859947878,1.8290833939654823,0.5244268967350108,0.28411171649961825,0,2.026720421205323,0
3,0,1,1.0478761759482114,1.7768203787125927,1.5940308916660397,-1.2060542002843049,-0.02654465028919921,0.780877787320593,0.095981993112594,0.3148827972215807,1,1.1651979273655686,1
5,0,1,-1.2325352850928928,-1.2202034771927606,-1.5591514637219497,0.8587887842189635,-0.9338356820426131,-0.9053660146733592,-1.2003384845142053,-1.2236712388765396,0,-4.2632114201067175,0
1,0,1,0.5846675979242371,0.4054884298850509,-0.8584442736357297,1.148794821368299,0.18874474707601765,0.21120082718750102,0.31569732830357694,0.3456538779435431,0,1.0612967805106388,0
3,1,0,-0.4486438453600132,-0.4128870879636433,-1.2087978686788396,-1.6062625315503878,-0.25721186175193156,-0.22175366251364884,-0.6071070794985514,-0.1774544943298178,0,-1.2635270980939495,0
1,1,1,-0.840589565226453,-1.0764348051382602,-0.8584442736357297,-1.084251664681584,-0.41099000272708647,-0.7914306226467408,-0.9916089160827715,-0.7313339473251411,1,-2.92536348878174,1
3,0,0,-1.3394295723291945,-1.352913020627684,-0.5080906785926198,0.7717869730741629,-0.5647681437022414,-0.7002823090254461,-1.244281551552402,-0.9775025931008403,0,-3.4868345973809296,0
4,1,0,-0.5911695616750823,-0.5124192455398359,0.8933237015798199,-0.33023596809331185,-0.6724128423848498,-0.10781827048703045,-0.44232057810531417,-0.14668341360785542,1,-1.3692351045850497,1
3,0,0,-0.5911695616750823,-0.4681827310615281,0.54297010653671,0.9109898709058438,-0.31872311814199356,-0.7686435442414171,-0.8158366479299851,-0.6082496244372915,0,-2.5114529347506873,0
5,0,1,-0.9474838524627548,-0.921607004464183,-0.5080906785926198,-0.7884455067892618,-0.8569466115550357,-0.8370047794573882,-0.6180928462581005,-0.946731512378878,1,-3.258775749649402,1
0,1,0,-1.125640997856591,-0.9105478758446061,-1.2087978686788396,0.8645889049619502,-0.8261909833600047,-0.2901148977296199,-1.1893527177546561,-0.8544182702129908,0,-3.1600768690572716,0
4,0,0,-1.553218146801798,-1.4303269209647227,-0.8584442736357297,0.46438057369586727,-1.1029916371152835,-1.0876626419159485,-1.3870965194265408,-1.4390688039302764,0,-5.016819602388049,0
1,1,0,0.6559304560817715,0.6377301308961668,-1.2087978686788396,-0.1504322250607239,-0.6570350282873343,-0.7230693874307698,1.084701001472017,0.06871415144588143,0,-0.22668926280020563,0
5,0,1,-1.695743863116867,-1.5851547216388,1.24367729662293,1.009591923536618,-1.087613823017768,-1.0876626419159485,-1.562868787579327,-1.408297723208314,0,-5.1464429757213574,0
3,1,0,0.3352475943728663,0.39442930126547393,-0.15773708354950988,-1.2350548039992384,-0.13418934897180765,0.2795620624034721,0.8979429665596818,0.5302803622753175,1,1.5735960422666637,1
1,1,0,-0.27048669996617697,0.14006934301520413,1.5940308916660397,-1.1770535965693714,-0.11881153487429215,0.2795620624034721,-0.5411924789412564,0.22256955505569345,1,-0.15787239635638303,1
4,0,0,0.26398473621533175,-0.1806453869525274,0.54297010653671,1.2531969947420598,0.9730132660493077,0.9859614929685061,0.5793557305327565,0.8995333309388663,0,3.437863820489437,0
2,0,1,-0.6268009907538495,-0.9326661330837599,-0.5080906785926198,1.4214004962886744,-0.9492134961401286,-0.08503119208170677,-0.31049137699072443,-0.5467074629933667,0,-1.8914435282059268,0
2,1,0,-1.6601124340380997,-1.5077408213017613,-1.2087978686788396,0.8297881805040299,-1.0414803807252215,-1.0193014066999775,-1.5299114873006796,-1.4390688039302764,0,-5.029762078656155,0
5,1,0,-1.695743863116867,-1.6072729788779538,-1.2087978686788396,-1.0552510609666506,-1.0722360089202525,-1.0876626419159485,-1.5848403210984254,-1.469839884652239,1,-5.214578856586865,1
1,1,0,-0.30611812904494423,-0.490300988300682,-0.8584442736357297,-0.7768452653032885,-0.011166836191683719,0.46185868964606147,-0.12373334207838892,-0.08514125216393059,1,0.2418172592120582,1
2,1,1,-1.5888495758805652,-1.4192677923451458,0.19261651149360004,-1.5366610826345473,-1.087613823017768,-0.9281530930786829,-1.5299114873006796,-1.408297723208314,1,-4.953976126605444,1
5,1,1,-0.23485527088740973,0.0073597995802807325,-0.8584442736357297,-0.8928476801630226,0.31176725985614157,-0.631921073809475,0.17288236042943803,0.25334063577765586,1,0.10606918225376041,1
0,0,1,1.4754533248934183,1.5777560635602075,-1.5591514637219497,1.5548032733773687,0.2656338175635951,2.0113800212080717,1.8537046746404575,0.09948523216784384,0,4.230203745579968,0
2,0,1,0.6559304560817715,1.1243317901575527,-1.2087978686788396,0.9457905953637641,0.23487818936856414,-0.3129019761349435,0.6782276313686988,0.16102739361176865,0,0.7612312382140881,0
5,1,1,0.01456473266396101,-0.15852712971337352,0.54297010653671,-0.4230378999810992,0.7115904263915444,0.8948131793472114,0.469498062937265,-0.08514125216393059,1,1.9907604165120902,1
4,0,0,-0.5911695616750823,-0.269118415909143,-1.5591514637219497,0.8181879390180565,-0.6416572141898188,0.2567749839981484,-0.8158366479299851,-0.39285205938355466,0,-1.5935709375052103,0
4,1,1,1.2616647504208147,1.290218719451207,0.19261651149360004,1.1719953043402458,-0.011166836191683719,-0.49519860337753296,1.8646904414000065,2.0688343983734376,0,3.4271594002042276,0
3,1,1,1.4754533248934183,1.5224604204623227,-0.5080906785926198,-0.3592365718082454,0.9883910801468232,0.7580907089152693,1.8976477416786541,-0.023599090720005784,1,3.620530440020741,1
5,0,1,-0.09232955457234074,0.12901021439562718,-1.2087978686788396,-0.4462383829530461,0.20412256117353314,-0.6091339954041514,-0.5631640124603547,-0.6697917858812164,0,-1.6379672325721892,0
4,1,0,-0.8049581361476857,-0.7557200751705287,0.54297010653671,-1.2698555284571587,-0.6570350282873343,-0.8825789362680355,-0.6620359132962971,-1.0698158352667275,1,-3.2714657131183946,1
1,0,1,-0.5911695616750823,-0.8994887472250291,-1.2087978686788396,-0.38243705478019224,-0.6724128423848498,-0.7686435442414171,-0.23359100967388038,-0.30053881721766745,1,-1.9751862135178149,1
5,1,1,-1.5175867177230307,-1.4303269209647227,0.54297010653671,-0.1504322250607239,-0.8108131692624893,-0.8597918578627118,-1.474982653502934,-1.1929001581545773,0,-4.338487838782712,0
1,1,0,-0.3417495581237115,-0.4460644738223742,-0.8584442736357297,-1.1306526306254778,0.6962126122940289,-0.4724115249722093,-0.6730216800558463,0.28411171649961825,1,-0.16510887623440845,1
0,1,0,-1.125640997856591,-1.2533808630514915,0.8933237015798199,-0.3360360888362986,-1.0261025666277062,-1.0193014066999775,-1.2223100180333035,-0.8851893509349531,1,-4.15290334229594,1
5,0,1,0.5846675979242371,1.1353909187771296,0.54297010653671,1.2763974777140066,0.4347897726362655,0.712516552104622,0.37062616210132265,-0.33130989793962984,0,1.1866225889025803,0
0,0,0,0.050196161742728264,-0.19170451557210436,-1.5591514637219497,-0.5506405563268069,0.6962126122940289,0.6669423952939746,0.5793557305327565,0.3764249586655055,1,2.3189356967862658,1
3,0,1,0.5846675979242371,0.14006934301520413,-1.5591514637219497,-0.5332401940978467,-0.4725012591171484,1.350554747453685,1.1176583017506647,1.2995573803243776,1,3.295269170411579,1
1,1,1,-0.127960983651108,-0.014758457658873165,1.5940308916660397,1.3633992888588071,-0.8261909833600047,-0.563559838593504,-0.5521782457008056,-0.3620809786615922,0,-2.3040100463159066,0
0,1,0,0.3352475943728663,0.7593805457115133,0.19261651149360004,1.3111982021719268,-0.9338356820426131,-0.6774952306201224,-0.11274757531883978,0.6225936044412047,0,-1.1014848835403708,0
5,1,1,0.5134047397667025,0.4165475585046278,0.19261651149360004,-1.00304997427977,-0.36485656043454,-0.7002823090254461,0.33766886182267525,0.868762250216904,1,0.14129224257959316,1
3,0,0,-1.6244810049593326,-1.4524451782038765,0.19261651149360004,1.6824059297230762,-1.0261025666277062,-0.9737272498893302,-1.4639968867433848,-1.408297723208314,0,-4.872124426468735,0
4,1,0,0.22835330713656452,-0.2027636441916813,-1.5591514637219497,-1.5482613241205208,0.2963894457586261,-0.4496244465668856,-0.36542021078847015,0.9918465731047537,1,0.473191361508024,1
4,1,1,0.6202990270030043,0.5381979733199743,0.19261651149360004,0.4585804529528806,1.9571933682902989,1.350554747453685,1.293430569903451,0.4995092815533551,0,5.10068796720079,0
5,1,0,-0.698063848911384,-0.31335493038745077,1.24367729662293,1.1893956665692058,-0.395612188629571,-0.7002823090254461,-0.9916089160827715,-0.6697917858812164,0,-2.757295199619005,0
3,1,0,0.01456473266396101,-0.4571236024419511,0.8933237015798199,1.3111982021719268,0.6654569840989979,-0.4724115249722093,-0.24457677643342954,-0.7005628666031787,0,-0.7520941839098196,0
1,1,1,0.442141881609168,0.9695039894834753,-0.15773708354950988,1.4156003755456876,1.3574586184871948,-0.016669956865735743,0.18386812718898718,-0.14668341360785542,0,1.3779733752025909,0
5,0,1,-0.23485527088740973,-0.1142906152350657,-0.15773708354950988,0.36577852106509323,-0.33410093223950904,-0.016669956865735743,0.2607684945058312,-0.7313339473251411,0,-0.8213363419245547,0
1,1,0,1.0835076050269785,0.7483214170919363,-0.8584442736357297,1.647605205265156,1.172924849317009,0.09726543516088265,1.3593451704607458,0.4995092815533551,0,3.1290447364919927,0
1,1,0,-1.410692430486729,-1.2644399916710685,-1.5591514637219497,-0.5332401940978467,-1.118369451212799,-1.1332367987265959,-1.4200538197051882,-1.1313579967106524,0,-4.803018066355236,0
0,0,1,-0.9474838524627548,-0.9105478758446061,-1.2087978686788396,-0.10983137985981693,-0.36485656043454,-0.10781827048703045,-1.0025946828423207,-0.4851653015494419,0,-1.960434815313333,0
3,0,1,0.6915618851605387,1.234923076353322,0.19261651149360004,-0.6898434541584878,1.0499023365368851,1.783509237154835,-0.0028899077233483085,1.5149549453781146,1,4.345476611346486,1
1,0,1,1.297296179499582,1.6441108352776692,0.19261651149360004,-0.33023596809331185,2.2186162079480622,1.7607221587495112,1.6999039400067695,2.376545205593062,1,8.055787512297405,1
0,1,1,-0.555538132596315,-0.28017754452871996,-0.15773708354950988,-0.8812474386770492,-0.9645913102376441,-0.563559838593504,-0.5192209454221582,-0.42362314010551705,1,-2.4709952343588233,1
1,0,1,-1.2325352850928928,-1.0874939337578373,-1.2087978686788396,0.6557845582144287,-0.9338356820426131,-0.8142177010520645,-1.1234381171973613,-1.1313579967106524,0,-4.002849497002691,0
5,1,1,0.9766133177906767,0.23960150059139665,0.8933237015798199,-0.6202420052426473,-1.0261025666277062,-0.10781827048703045,0.12893929339124144,1.3303284610463402,1,0.32534691732284493,1
2,1,0,-0.4842752744387805,-0.6561879175943363,-0.15773708354950988,1.2705973569710198,0.15798911888098668,-0.6774952306201224,-0.5411924789412564,-0.5774785437153291,0,-1.6381771343957212,0
4,0,0,-1.6601124340380997,-1.5187999499213383,1.24367729662293,1.3169983229149136,-1.1645028935053454,-1.1332367987265959,-1.562868787579327,-1.3467555617643892,0,-5.207364041575657,0
0,1,0,-0.09232955457234074,0.06265544267816547,-0.15773708354950988,-1.1712534758263846,-0.395612188629571,0.5530070032673562,0.2168254274676346,0.4379671201094303,1,0.8121873622148501,1
0,0,1,-0.7693267070689185,-0.8441931041271443,1.24367729662293,0.5339820226117078,-0.6570350282873343,-1.0648755635106248,-0.8378081814490834,-0.30053881721766745,0,-2.86025759046471,0
5,0,1,-0.02106669641480624,-0.05899497213718096,1.24367729662293,-0.52744007335486,0.6654569840989979,-0.563559838593504,0.5134411299754615,-0.023599090720005784,1,0.5917391847609497,1
0,0,1,0.9053504596331423,0.32807452954801225,0.8933237015798199,-0.9334485253639296,0.8192351250741527,0.21120082718750102,1.6120178059303762,1.7303525104318513,1,4.372806268623881,1
1,0,0,-0.7336952779901512,-0.6340696603551823,-1.2087978686788396,0.12797357060263814,-1.0568581948227371,-0.3356890545402672,-0.6071070794985514,-0.9159604316569155,0,-2.9156147605184715,0
3,1,1,-1.7313752921956342,-1.596213850258377,1.24367729662293,-0.42883802072408594,-1.087613823017768,-1.1104497203212722,-1.6068118546175236,-1.5313820460961636,1,-5.336257444052727,1
5,1,1,0.6202990270030043,0.4276066871242048,-0.5080906785926198,1.5374029111484084,0.31176725985614157,0.5074328464567088,1.084701001472017,0.4071960393874679,0,2.3110971471723354,0
5,1,1,1.6536104702872545,1.3565734911686684,-1.5591514637219497,-1.5772619278354543,-1.14912507940783,3.059585627852961,0.7551279986855428,0.8995333309388663,1,3.56512187806954,0
0,0,1,-1.3750610014079618,-1.2091443485731836,-1.2087978686788396,0.9747911990786977,-0.7185462846773962,-0.631921073809475,-1.3541392191478934,-1.0698158352667275,0,-3.7744224129014925,0
5,1,1,0.8340876014756078,0.9805631181030523,0.8933237015798199,1.4736015829755547,-0.48787907321466395,0.39349745443009043,0.6013272640518548,1.1457019767145655,0,1.652647621981847,0
4,0,0,0.6559304560817715,0.6266710022765899,-1.2087978686788396,1.3865997718307541,-0.7493019128724273,-0.5863469169988277,0.10696775987214316,0.7456779273290544,0,-0.4830031426700574,0
0,1,1,1.4398218958146511,0.9031492177660136,1.24367729662293,-1.0784515439385973,1.5727480158524116,-0.563559838593504,2.051448476312342,0.4379671201094303,1,3.49860377368068,1
0,0,1,-1.3394295723291945,-1.1538487054752988,0.8933237015798199,-0.4056375377521391,-0.6570350282873343,-0.9053660146733592,-1.244281551552402,-1.2852134003204645,1,-4.0918959948335605,1
3,0,0,0.5490361688454698,-0.05899497213718096,-0.15773708354950988,1.3982000133167274,1.20368047751204,1.6239996883175691,-0.03584720800199575,0.3148827972215807,0,3.106715755049194,0
3,1,1,-1.1612724269353583,-1.0432574192795294,0.54297010653671,0.4063793662660002,-0.33410093223950904,-0.4268373681615619,-1.2772388518310493,-0.7005628666031787,0,-2.738740018835299,0
5,1,1,1.119139034105746,0.6377301308961668,0.54297010653671,0.7311861278732559,0.603945727708936,-0.03945703527105942,1.1945586690675087,1.0533887345486783,0,2.8124360960540637,0
4,1,0,-0.8049581361476857,-0.7557200751705287,0.54297010653671,-1.4380590300037732,-0.395612188629571,-0.5407727601881803,-0.88175124848728,-0.39285205938355466,1,-2.210988256688586,1
1,0,1,0.6915618851605387,0.09583282853689633,-1.2087978686788396,-0.26643463992045807,0.8499907532691837,0.8264519441312403,1.2604732696248035,0.8995333309388663,0,3.8364492979640943,0
4,0,0,-1.553218146801798,-1.4745634354430304,1.24367729662293,0.7427863693592293,-1.087613823017768,-0.8370047794573882,-1.4200538197051882,-1.3467555617643892,0,-4.691427983944733,0
0,1,0,0.8340876014756078,1.1464500473967065,-0.8584442736357297,-0.7942456275322486,-0.7954353551649738,0.14283959197153,1.2824448031439017,1.0533887345486783,1,1.6832377744991363,1
5,1,1,-0.9831152815415221,-1.120671319616568,-0.15773708354950988,-0.9798494913078233,-1.1029916371152835,-0.2901148977296199,-0.7059789803344937,-0.6390207051592539,1,-2.738106220338651,1
1,0,1,-1.5888495758805652,-1.4635043068234534,-0.5080906785926198,-0.8986478009060094,-0.9645913102376441,-1.1104497203212722,-1.485968420262483,-1.4390688039302764,1,-5.000078254751676,1
5,0,0,-1.4463238595654964,-1.3418538920081071,-1.2087978686788396,1.7172066541809965,-0.7185462846773962,-0.8825789362680355,-1.4420253532242866,-1.1929001581545773,0,-4.236050732324296,0
1,1,1,-1.0187467106202892,-1.0985530623774142,-0.5080906785926198,-1.043650819480677,-0.7031684705798807,-1.1104497203212722,-1.112452350437812,-0.8236471894910283,1,-3.7497177308299934,1
1,1,0,1.0478761759482114,1.7436429928538617,-1.5591514637219497,-1.6526634974942815,2.46466123350831,-0.8597918578627118,0.48048382969681414,0.7149068466070919,0,2.800260051949504,0
4,1,0,1.2616647504208147,0.6377301308961668,-0.15773708354950988,1.549003152634382,2.587683746288434,0.5074328464567088,0.9418860335978783,1.5149549453781146,0,5.551957571721136,0
3,1,1,0.869719030554375,1.2017456904945911,-1.5591514637219497,-1.4960602374336405,0.9883910801468232,-0.7002823090254461,1.293430569903451,1.9149789947636258,0,3.496518335788454,0
5,1,1,0.050196161742728264,-0.36865057348533553,1.24367729662293,0.6441843167284552,1.0499023365368851,0.028904199944911613,0.04105315931484828,-0.14668341360785542,0,0.9731762821887895,0
2,1,0,1.012244746869444,0.6377301308961668,-1.5591514637219497,0.7137857656442957,-0.8877022397500667,-0.7230693874307698,0.12893929339124144,0.6533646851631671,0,-0.8284676486264277,0
1,0,1,-0.30611812904494423,-0.4239462165832203,-1.2087978686788396,0.6035834715275483,-0.42636781682460195,-0.49519860337753296,-0.024861441242446602,-0.30053881721766745,0,-1.246966678662249,0
0,0,0,0.5134047397667025,0.5603162305591282,0.8933237015798199,1.4040001340597141,0.12723349068595569,1.6467867667228928,-0.09077604179974148,1.4226417032122274,0,3.1058859188213344,0
0,0,1,0.8340876014756078,0.0073597995802807325,0.19261651149360004,0.00037091425693054283,-0.19570060536186962,0.8036648657259167,0.4035834623799701,-0.269767736495705,0,0.7417799862483123,0
3,1,0,1.4398218958146511,1.1575091760162834,0.19261651149360004,0.5107815396397609,0.21950037527104865,2.5810569813411637,1.4032882374989424,1.8842079140416634,0,6.088053508152818,0
0,1,0,-1.5175867177230307,-1.4192677923451458,0.8933237015798199,0.8065876975320831,-0.8723244256525512,-0.9965143282946539,-1.4420253532242866,-1.408297723208314,0,-4.7191618303798055,0
1,0,1,-1.5175867177230307,-1.363972149247261,-0.15773708354950988,1.148794821368299,-0.9492134961401286,-0.8370047794573882,-1.3870965194265408,-1.408297723208314,0,-4.5816125182323715,0
5,0,1,-0.3417495581237115,-0.5787740172572976,-1.2087978686788396,-1.6294630145223348,0.019588792003347264,0.5530070032673562,-0.34344867726937184,0.16102739361176865,1,0.3901745116131003,1
5,0,1,-0.30611812904494423,-0.711483560692221,-0.8584442736357297,-0.09823113837384351,-0.2264562335569006,-0.9509401714840066,-0.727950513853592,-0.7621050280471036,0,-2.6674519469416027,0
3,0,1,-0.09232955457234074,-0.4018279593440664,0.19261651149360004,-0.37663693403720555,-0.5955237718972723,0.6897294736992983,0.052038926074397425,0.13025631288980624,1,0.27650094076622955,1
3,1,1,1.154770463184513,1.1906865618750142,-0.5080906785926198,0.5571825055836546,1.0652801506344005,1.6467867667228928,0.91991450007878,0.6533646851631671,0,4.285346102599241,0
4,1,0,0.9053504596331423,0.9695039894834753,-0.5080906785926198,0.4179796077519736,-0.7646797269699428,-0.7686435442414171,0.5573841970136582,0.5302803622753175,0,-0.44565871192238415,0
4,0,0,0.01456473266396101,-0.31335493038745077,1.5940308916660397,-1.101652026910544,0.2656338175635951,0.9631744145631824,0.39259769562042096,0.19179847433373107,1,1.8132044020809295,1
5,0,0,-0.5199067035175478,-0.3907688307244894,0.54297010653671,-0.3128356058643518,0.15798911888098668,-1.0648755635106248,-0.34344867726937184,-0.05437017144196819,1,-1.3047052933409782,1
3,1,1,0.12145901990026277,0.18430585749351192,0.8933237015798199,-0.2896351228924049,0.49630102902632744,0.32513621921411945,-0.1896479426356838,0.6225936044412047,0,1.2543829100459676,0
5,1,0,-1.553218146801798,-1.5187999499213383,-1.2087978686788396,-1.484459995947667,-0.9184578679450977,-0.9509401714840066,-1.3761107526669916,-1.4390688039302764,1,-4.684577596026372,1
2,1,1,1.6892418993660219,2.5509593820829792,-0.15773708354950988,0.8297881805040299,-0.31872311814199356,2.2392508052613085,1.007800634155173,0.09948523216784384,0,3.0278135534423316,0
4,0,0,1.6536104702872545,2.351895066930594,-1.2087978686788396,0.9979916820506445,0.9730132660493077,1.4417030610749797,2.5238364469729553,2.6227138513687613,0,7.561266625466004,0
0,0,1,1.5467161830509528,1.6330517066580923,0.19261651149360004,-1.7280650671531088,0.7423460545865753,-0.7914306226467408,2.260178044743776,0.9918465731047537,1,3.2029400497883644,1
3,0,1,-0.6624324198326168,-0.6672470462139132,1.24367729662293,-1.2988561321720924,-0.4571234450196329,-0.9509401714840066,-0.6730216800558463,-1.0082736738228029,1,-3.0893589703822886,1
0,0,1,-0.4842752744387805,-0.3907688307244894,-0.15773708354950988,0.8529886634759768,-1.14912507940783,-0.10781827048703045,-0.6730216800558463,-0.4543942208274795,0,-2.3843592507781866,0
2,0,1,-0.30611812904494423,0.07371457129774242,-0.8584442736357297,0.6383841959854686,0.7423460545865753,-0.2901148977296199,-0.27753407671207697,-0.115912332885893,0,0.05878474725898544,0
2,1,0,0.6915618851605387,1.0026813753422061,-0.8584442736357297,1.6940061712090495,2.018704624680361,-1.0193014066999775,0.6892133981282479,1.2995573803243776,0,2.9881739964330087,0
3,1,0,-0.6624324198326168,-0.4018279593440664,0.8933237015798199,-0.626042125985634,-0.41099000272708647,-0.6091339954041514,-0.5192209454221582,-0.5467074629933667,1,-2.086052406546763,1
5,0,0,1.012244746869444,0.28383801506970446,-1.5591514637219497,-0.23743403620552453,1.8803042978027216,-0.49519860337753296,1.5131459050944338,0.13025631288980624,0,3.0285079124094287,0
3,1,0,-1.0187467106202892,-0.7557200751705287,1.24367729662293,-1.6584636182372683,-0.9799691243351596,-0.9281530930786829,-1.0245662163614189,-0.9159604316569155,1,-3.8486488654321773,1
0,0,1,-0.840589565226453,-0.7446609465509518,-0.8584442736357297,0.8355883012470167,-0.9645913102376441,-0.19896658410832516,-0.8378081814490834,-0.9159604316569155,0,-2.9173265074519685,0
5,1,0,0.6202990270030043,0.31701540092843533,0.19261651149360004,0.5223817811257344,1.5881258299499272,1.555638453101598,1.084701001472017,1.3303284610463402,0,5.558793745569883,0
3,0,1,0.442141881609168,0.9031492177660136,-1.2087978686788396,-1.467059633718707,1.6650149004375046,1.6467867667228928,0.6562560978496005,0.9610754923827912,0,4.929133257392789,0
5,0,1,1.4041904667358838,1.7989386359517465,-1.5591514637219497,0.44698021146690714,0.6962126122940289,1.3277676690483613,0.6123130308114039,1.1457019767145655,0,3.7819952888683597,0
1,0,0,-0.127960983651108,0.06265544267816547,-1.2087978686788396,-0.7652450238173151,0.8961241955617302,0.028904199944911613,0.1179535266316923,-0.42362314010551705,0,0.619358782032817,1
2,1,0,1.0835076050269785,0.26171975783055057,-1.2087978686788396,0.429579849237947,0.5116788431238429,1.7607221587495112,0.8869571998001325,1.3303284610463402,0,4.489686662719827,0
2,1,0,1.4041904667358838,1.3455143625490915,0.54297010653671,-1.4322589092607867,2.3262609066306705,-0.13060534889235412,1.293430569903451,0.6841357658851296,1,4.173221893526897,1
4,1,0,-0.4486438453600132,-0.1142906152350657,-0.5080906785926198,0.7369862486162426,-0.5493903296047259,-0.016669956865735743,-0.7609078141322394,0.13025631288980624,0,-1.1967117877128948,0
4,1,1,1.3329276085783492,0.7814988029506672,-0.15773708354950988,-0.5100397111258999,-0.10343372077677666,-0.22175366251364884,1.8427189078809083,1.5149549453781146,1,3.0324864699685974,1
3,1,1,1.297296179499582,1.3344552339295146,1.24367729662293,-0.846446714219129,0.2502560034660796,0.9859614929685061,1.7328612402854169,2.161147640539325,1,5.130226377259328,1
5,1,0,-0.02106669641480624,-0.30229580176787385,0.54297010653671,-1.6526634974942815,-0.011166836191683719,0.8264519441312403,0.2058396607080855,-0.30053881721766745,1,0.7205859514299746,1
0,1,1,0.3352475943728663,0.8367944460485519,-0.15773708354950988,-0.6956435749014745,-1.118369451212799,1.5784255315069218,-0.15669064235703636,1.1457019767145655,1,1.449067414651652,1
2,0,1,1.4398218958146511,1.0026813753422061,0.8933237015798199,0.49338117741080084,2.7875953295561353,-0.7002823090254461,1.754832773804515,1.2687862996024153,0,5.1109320939376195,0
1,0,0,0.8340876014756078,0.30595627230885836,-0.8584442736357297,-0.8116459897612087,-0.7493019128724273,-0.8370047794573882,1.1835729023079595,0.007171990001956621,1,-0.3955618000198993,1
1,1,1,1.154770463184513,1.467164777364438,0.8933237015798199,0.6035834715275483,-0.9338356820426131,1.5328513746962744,0.19485389394853633,1.9765211562075506,0,2.7703907428097483,0
1,0,1,0.9053504596331423,0.9695039894834753,0.19261651149360004,0.5339820226117078,-1.0722360089202525,1.6467867667228928,1.3044163366630002,0.007171990001956621,0,1.8861390844675971,0
1,1,1,-0.555538132596315,-0.6119514031160284,-1.2087978686788396,-1.1712534758263846,-0.8877022397500667,0.2339879055928247,-0.7938651144108868,-0.115912332885893,1,-1.563491781454022,1
5,0,1,-1.4463238595654964,-1.2865582489102223,1.24367729662293,1.6360049637791825,-1.0107247525301906,-1.0193014066999775,-1.3431534523883442,-1.3467555617643892,0,-4.719935173382901,0
5,0,1,1.724873328444789,1.1906865618750142,-1.2087978686788396,1.508402307433475,0.050344420198378245,-1.0876626419159485,2.5128506802134063,0.13025631288980624,0,1.6057887713856422,0
2,0,1,0.22835330713656452,-0.0036993290392962164,1.24367729662293,-1.565661686349481,-0.24183404765441607,-0.2673278193242962,0.1618965936698889,0.3764249586655055,1,0.029159685356682064,1
5,0,0,-1.553218146801798,-1.4082086637255689,0.8933237015798199,-0.887047559420036,-0.9492134961401286,-0.9737272498893302,-1.3761107526669916,-1.2852134003204645,1,-4.584264899016915,1
0,1,1,1.6179790412084873,0.9584448608638984,0.19261651149360004,1.0907936139384318,0.37327851624620356,2.1481024916400138,0.6672418646091496,1.6688103489879265,0,4.857433221483293,0
1,1,0,1.5110847539721854,1.5224604204623227,-0.8584442736357297,-0.42883802072408594,0.5578122854163894,-0.7686435442414171,0.5024553632159124,1.8534368333197009,1,2.1450609377105856,1
0,0,0,1.58234761212972,1.467164777364438,1.24367729662293,-0.13303186283176377,-0.19570060536186962,1.213832277021743,1.6559608729685729,2.8073403357005358,0,5.481432880328982,0
4,0,1,1.297296179499582,0.9142083463855906,0.8933237015798199,-1.3220566151440392,0.48092321492881196,1.5328513746962744,0.5354126634945598,0.9303044116608288,1,3.4794916647804746,1
5,0,1,0.7984561723968405,0.6487892595157437,0.54297010653671,0.9225901123918173,1.234436105707071,0.6897294736992983,0.5683699637732073,1.7918946718757762,0,4.284430215055353,0
3,0,1,-0.3417495581237115,-0.269118415909143,-0.15773708354950988,-0.7826453860462752,-0.16494497716683862,-0.7002823090254461,-0.11274757531883978,-0.5467074629933667,1,-1.5246823245044911,1
2,0,0,-0.7693267070689185,-0.5455966313985667,-1.2087978686788396,1.0965937346814185,-0.9645913102376441,-0.19896658410832516,-0.9916089160827715,-0.42362314010551705,0,-2.5787899505342575,0
3,0,1,0.869719030554375,0.30595627230885836,-1.5591514637219497,0.46438057369586727,-0.07267809258174568,1.555638453101598,1.084701001472017,0.4071960393874679,0,2.9748574013793374,0
1,0,0,1.012244746869444,1.1685683046358604,1.5940308916660397,0.47018069443885396,1.142169221121978,-0.4496244465668856,0.3266830950631261,1.176473057436528,0,2.1957009270547467,0
1,0,1,0.6559304560817715,0.7925579315702441,0.8933237015798199,0.4237797284949603,1.5266145735598653,-1.1104497203212722,0.6782276313686988,1.2380152188804527,0,2.3324077034877444,0
0,1,0,0.6559304560817715,0.8589127032877059,-0.15773708354950988,-1.664263738980255,-0.28796748994696253,0.9859614929685061,1.216530202586607,0.9303044116608288,1,2.8448286172689796,1
0,1,0,-0.09232955457234074,0.4054884298850509,0.8933237015798199,-0.2838350021494182,0.06572223429589373,1.0087485713738298,0.23879696098673292,0.16102739361176865,0,1.474295160268225,0
5,0,1,0.9409818887119096,1.02479963258136,-0.5080906785926198,-0.8522468349621157,-0.9338356820426131,0.6213682384833272,0.7551279986855428,1.545726026100077,1,1.988386581226334,1
3,1,0,0.6559304560817715,0.8367944460485519,-1.2087978686788396,0.290376951406266,-1.0107247525301906,1.920231707586777,0.04105315931484828,0.4379671201094303,0,1.388527234480865,0
1,1,0,-1.3750610014079618,-1.175966962714453,-1.2087978686788396,-0.9334485253639296,-0.6570350282873343,-0.7230693874307698,-1.3431534523883442,-1.1621290774326147,0,-3.885386945539063,0
1,0,0,-0.7693267070689185,-0.6119514031160284,-1.2087978686788396,0.33677791735015966,0.1118556765884402,-0.1533924272976778,-0.8927370152468291,-0.7005628666031787,0,-1.6348366325592454,0
4,0,1,0.15709044897903002,0.4165475585046278,-0.8584442736357297,-1.2814557699431322,0.9883910801468232,0.9403873361578587,0.37062616210132265,-0.5774785437153291,1,1.7219260346906753,1
4,0,1,-0.6624324198326168,-0.490300988300682,-1.2087978686788396,-0.8696471971910759,-0.02654465028919921,-0.4496244465668856,-0.7609078141322394,-0.9775025931008403,0,-2.2145795040891647,0
5,1,0,-0.8762209943052203,-0.7667792037901057,-1.2087978686788396,1.4446009792606211,-0.011166836191683719,-0.6774952306201224,-0.6840074468153954,-0.7005628666031787,0,-2.07323238023038,0
0,0,0,-1.6244810049593326,-1.4966816926821844,1.24367729662293,1.5374029111484084,-0.9338356820426131,-1.0420884851053012,-1.551883020819778,-1.469839884652239,0,-4.997647072619931,0
0,0,0,-1.1612724269353583,-0.9105478758446061,-0.15773708354950988,1.467801462232568,-1.0107247525301906,-1.0420884851053012,-1.255267318311951,-1.0082736738228029,1,-4.316354229770246,1
0,1,0,-1.3394295723291945,-1.131730448236145,0.19261651149360004,-0.2606345191774714,-0.7800575410674583,-0.8597918578627118,-1.2113242512737543,-1.0082736738228029,0,-3.8594473240267275,0
1,1,0,1.724873328444789,0.615611873657013,1.5940308916660397,1.2821975984569933,0.8038573109766373,0.7353036305099456,2.5238364469729553,1.8842079140416634,0,5.947205302501201,0
0,1,0,-1.0900095687778237,-1.1538487054752988,-1.5591514637219497,1.2763974777140066,-0.42636781682460195,-1.0193014066999775,-0.7938651144108868,-1.1621290774326147,0,-3.401663415368081,0
1,1,0,0.01456473266396101,0.018418928199857684,-1.2087978686788396,0.7021855241583224,-0.07267809258174568,0.2567749839981484,0.019081625795749985,0.28411171649961825,0,0.48729023371177094,0
4,0,1,1.119139034105746,0.9805631181030523,1.5940308916660397,1.3401988058868604,2.3877721630207325,-0.4496244465668856,1.062729467952919,0.13025631288980624,0,3.1311334972965716,0
5,1,0,-0.30611812904494423,-0.28017754452871996,1.24367729662293,-0.16783258728968403,0.21950037527104865,-0.40405028975623825,-0.3764059775480193,0.3764249586655055,0,-0.18453093336770343,0
2,1,1,-1.3394295723291945,-1.131730448236145,-0.5080906785926198,-0.10403125911683023,-0.8261909833600047,-0.7230693874307698,-1.2882246185905983,-1.0082736738228029,0,-3.8457586632041756,0
1,1,1,-0.16359241272987524,-0.16958625833295046,1.24367729662293,-0.6550427297005675,0.5731900995139049,0.8036648657259167,0.04105315931484828,0.13025631288980624,1,1.548164437444476,1
1,1,0,0.5490361688454698,0.5050205874612435,0.19261651149360004,0.9167899916488306,1.3113251761946483,-0.13060534889235412,0.4035834623799701,1.3918706224902648,0,2.976173912172529,0
2,0,1,1.154770463184513,1.6551699638972461,0.8933237015798199,0.20917526100445208,-0.3494787463370245,0.028904199944911613,1.9745481089954982,0.6841357658851296,0,2.338109328488515,0
0,0,0,0.6559304560817715,0.615611873657013,0.8933237015798199,1.4910019452045147,1.4804811312673187,1.988592942802748,-0.05781874152109404,1.176473057436528,0,4.5877283899855,0
4,0,1,-0.127960983651108,-0.2912366731482969,-0.5080906785926198,0.45278033220989383,0.9576354519517922,-1.0876626419159485,-0.585135545979453,0.6225936044412047,0,-0.09256913150240464,0
1,0,0,1.012244746869444,0.07371457129774242,-0.5080906785926198,-0.2838350021494182,-1.0261025666277062,-0.3356890545402672,0.39259769562042096,1.022617653826716,0,0.05342372827916364,0
3,1,0,1.3329276085783492,1.0800952756792448,0.8933237015798199,0.39477912478002675,1.4189698748772568,2.786140686989077,1.6339893394494744,1.699581429709889,0,7.538681331025697,0
1,0,0,0.5134047397667025,0.9142083463855906,-1.5591514637219497,0.4179796077519736,-0.3802343745320555,1.2366193554270666,0.17288236042943803,0.8072200887729791,0,1.8364874300974283,0
3,1,0,-0.555538132596315,-0.15852712971337352,-1.2087978686788396,-0.9334485253639296,-0.3494787463370245,-0.49519860337753296,-0.23359100967388038,-0.1774544943298178,0,-1.2557228537182556,0
2,1,1,1.119139034105746,0.4939614588416665,0.8933237015798199,0.20917526100445208,0.6193235418064514,-0.6091339954041514,1.5021601383348848,1.7611235911538137,0,3.2734732758909986,0
0,1,1,-1.0900095687778237,-1.0100800334207987,0.54297010653671,-1.2002540795413181,-0.9184578679450977,-0.8142177010520645,-1.0135804496018699,-0.6390207051592539,1,-3.3852767237582864,1
5,1,0,-0.840589565226453,-0.7667792037901057,-1.5591514637219497,1.4388008585176344,-0.07267809258174568,-0.9053660146733592,-0.9806231493232224,-1.0698158352667275,0,-3.0284830918450547,0
0,0,1,0.0858275908214955,0.2727788864501275,-1.2087978686788396,1.1023938554244053,-0.8415687974575202,1.1910451986164192,0.5024553632159124,0.8379911694949416,0,1.689922933869753,0
2,1,0,1.724873328444789,0.5271388447003973,-0.8584442736357297,-1.6700638597232418,2.1417271374604847,-0.631921073809475,1.7877900740831625,1.8534368333197009,1,5.151032971053873,1
2,1,1,-0.02106669641480624,0.48290233022208956,0.54297010653671,1.0153920442796047,-0.6724128423848498,-0.0622441136763831,-0.574149779219904,0.4687382008313927,0,-0.840068534449744,0
2,1,0,1.4398218958146511,0.383370172645897,1.5940308916660397,-1.142252872111451,1.6803927145350201,1.5328513746962744,0.5683699637732073,1.2995573803243776,1,5.08117143332888,1
3,1,1,0.9053504596331423,1.245982204972899,0.54297010653671,1.549003152634382,0.2656338175635951,-0.9737272498893302,1.4032882374989424,0.7456779273290544,0,1.4408727325022617,0
0,0,0,0.050196161742728264,0.2948971436892814,1.24367729662293,-0.24323415694851125,0.12723349068595569,0.09726543516088265,-0.23359100967388038,-0.5774785437153291,0,-0.5865706275423712,0
5,0,0,-1.1612724269353583,-1.0100800334207987,-1.2087978686788396,-0.30123536437837833,-0.9338356820426131,-0.5863469169988277,-0.9476658490445748,-0.7313339473251411,0,-3.1991823954111567,0
0,1,0,0.7984561723968405,1.445046520125284,0.8933237015798199,-0.6608428504435543,1.20368047751204,0.8720261009418877,0.1399250601507906,0.8379911694949416,1,3.05362280809966,1
4,0,0,-0.6624324198326168,-0.3907688307244894,-0.8584442736357297,0.20337514026146536,-0.6416572141898188,-0.08503119208170677,-0.9476658490445748,-0.33130989793962984,0,-2.00566415325573,0
5,0,0,0.050196161742728264,0.615611873657013,-1.5591514637219497,-0.3592365718082454,-0.6570350282873343,-0.6774952306201224,-0.05781874152109404,-0.42362314010551705,0,-1.8159721405340679,0
4,1,0,0.727193314239306,1.445046520125284,0.54297010653671,-0.6028416430136873,-0.1803227912643541,1.350554747453685,1.3813167039798442,-0.115912332885893,1,2.435636327283282,1
4,0,1,-1.3037981432504273,-1.142789576855722,-0.8584442736357297,-1.0958519061675576,-0.9338356820426131,-1.0648755635106248,-1.178366950995107,-1.0390447545447652,1,-4.2161229510931095,1
4,1,0,-0.840589565226453,-0.490300988300682,-0.8584442736357297,1.4910019452045147,-0.011166836191683719,-0.17617950570300148,-0.7609078141322394,-0.6697917858812164,0,-1.618045941908141,0
5,0,1,0.5134047397667025,0.32807452954801225,-0.15773708354950988,-1.3916580640598797,1.265191733902102,1.282193512237714,0.5573841970136582,0.3456538779435431,1,3.450423321097017,1
4,0,0,1.5110847539721854,2.296599423832709,1.24367729662293,-0.805845869018222,0.3579007021486881,1.7607221587495112,1.216530202586607,1.9765211562075506,1,5.311674219692357,1
0,0,1,0.5846675979242371,-0.025817586278450114,0.8933237015798199,0.2207755024904255,-0.6416572141898188,0.4390716112407378,0.7880852989641902,0.9610754923827912,0,1.5465751883979004,0
5,0,0,0.6202990270030043,0.46078407298293567,-0.8584442736357297,1.5374029111484084,0.7115904263915444,-1.1104497203212722,0.8539998995214851,1.2380152188804527,0,1.69315582447221,0
5,1,0,0.19272187805779725,-0.16958625833295046,-1.2087978686788396,-0.8754473179340625,-0.24183404765441607,0.1656266703768537,0.4035834623799701,-0.20822557505178022,1,0.11915051005062752,1
1,1,1,-1.125640997856591,-1.1538487054752988,-1.5591514637219497,1.566403514863342,-0.42636781682460195,-0.6091339954041514,-1.2332957847928527,-0.8236471894910283,0,-3.0924447865126345,0
5,1,0,1.1904018922632802,0.48290233022208956,-0.8584442736357297,1.247396873999073,-0.33410093223950904,-0.563559838593504,0.9748433338765258,0.6841357658851296,0,0.7613183289286423,0
2,1,1,-0.9118524233839875,-0.8773704899858752,0.8933237015798199,-0.846446714219129,-0.5032568873121794,-0.9053660146733592,-0.88175124848728,-0.8851893509349531,1,-3.1755635014077717,1
1,1,1,-0.7693267070689185,-0.5787740172572976,1.24367729662293,1.0617930102234983,-0.9492134961401286,-1.1104497203212722,-0.4533063448648633,-0.7313339473251411,0,-3.2443035086514054,0
3,0,1,-0.6624324198326168,-0.8552522327467212,-1.5591514637219497,-0.33023596809331185,-0.5955237718972723,-0.10781827048703045,-0.431334811345765,-0.115912332885893,1,-1.2505891866159609,1
4,1,1,-0.7336952779901512,-0.4681827310615281,-1.5591514637219497,1.0791933724524585,0.019588792003347264,-0.38126321135091457,-0.7828793476513377,-0.5467074629933667,0,-1.6912612299922718,0
3,0,1,-1.5175867177230307,-1.3971495351059917,1.5940308916660397,-1.1886538380553449,-0.9184578679450977,-1.0648755635106248,-1.485968420262483,-1.3775266424863517,1,-4.846828494204557,1
2,1,1,-1.6601124340380997,-1.5298590785409152,-1.5591514637219497,1.6534053260081427,-1.118369451212799,-1.0648755635106248,-1.5408972540602288,-1.3775266424863517,0,-5.101668911270004,0
2,1,0,-0.23485527088740973,-0.501360116920259,1.5940308916660397,-0.6492426089575809,0.5116788431238429,-0.5863469169988277,-0.2116194761547821,-0.115912332885893,1,-0.4021998829156599,1
2,1,1,1.297296179499582,0.5271388447003973,-0.15773708354950988,1.3285985644008869,0.004210977905831773,1.2594064338323903,0.5573841970136582,1.0533887345486783,0,2.8743903433005586,0
4,1,0,0.8340876014756078,0.02947805681943463,-0.8584442736357297,0.44698021146690714,2.233994022045578,1.9430187859921006,1.5131459050944338,0.7456779273290544,0,6.435836640461167,0
4,1,1,0.22835330713656452,-0.08111322937633486,0.19261651149360004,0.26137634769133244,1.080657964731916,0.8264519441312403,-0.24457677643342954,-0.08514125216393059,0,1.5773918802657965,0
5,1,1,1.6536104702872545,1.3786917484078225,-0.15773708354950988,1.0907936139384318,0.2963894457586261,-0.4268373681615619,1.831733141121359,1.7303525104318513,0,3.4316377291502747,0
2,1,0,0.6915618851605387,0.803617060189821,-0.8584442736357297,0.28457683066327927,0.7269682404890598,1.1226839634004482,0.29372579478447863,1.2072441381584904,0,3.3506221368324773,0
2,1,0,1.3685590376571166,0.8810309605268597,-1.2087978686788396,-0.4694388659249929,2.3570165348257017,-1.0193014066999775,1.1066725349911155,-0.08514125216393059,1,2.3592464109529088,1
3,0,1,-0.698063848911384,-0.4350053452027972,0.54297010653671,0.9979916820506445,-0.6262794000923033,0.18841374878217737,-0.7499220473726903,-0.8851893509349531,0,-2.0729770496177693,0
4,0,0,-1.0187467106202892,-0.9990209048012216,0.19261651149360004,-1.565661686349481,-0.303345304044478,-0.4724115249722093,-1.112452350437812,-0.8544182702129908,1,-2.7426274496674905,1
5,1,1,0.727193314239306,0.7040849026136285,-1.2087978686788396,-0.24903427769149794,0.21950037527104865,0.6897294736992983,1.2385017361057051,-0.30053881721766745,0,1.8471927678583844,0
4,0,1,1.119139034105746,0.4276066871242048,-0.8584442736357297,-1.542461203377534,2.618439374483465,0.4162845328354141,1.4801886048157864,1.6072681875440018,1,6.122180699678668,1
3,0,1,1.6892418993660219,1.467164777364438,0.19261651149360004,-0.6550427297005675,0.21950037527104865,2.3759732756932506,1.7218754735258677,1.8842079140416634,1,6.20155703853183,1
2,0,1,-0.413012416281246,-0.6008922744964514,-0.5080906785926198,-0.3534364510652587,-0.4725012591171484,0.5985811600780035,-0.7938651144108868,0.037943070723919024,1,-0.6298421427261127,1
2,0,1,-1.0187467106202892,-0.7778383324096827,-0.5080906785926198,0.6383841959854686,-1.0722360089202525,-0.4724115249722093,-0.8597797149681817,-1.2236712388765396,0,-3.6280984877371827,0
5,1,1,-1.5888495758805652,-1.4856225640626073,1.5940308916660397,1.6186046015502225,-0.9799691243351596,-1.1104497203212722,-1.409068052945639,-1.3159844810424268,0,-4.815471378644498,0
4,1,1,0.6559304560817715,0.7593805457115133,-0.15773708354950988,-0.5100397111258999,-0.2110784194593851,0.9403873361578587,0.6013272640518548,-0.33130989793962984,1,0.9993262828106986,1
2,0,1,0.8340876014756078,1.3455143625490915,1.24367729662293,-0.22583379471955112,0.7884794968791218,-1.0420884851053012,1.3154021034225494,1.4226417032122274,0,2.484434818408597,0
3,1,1,-0.37738098720247876,-0.3907688307244894,-0.8584442736357297,-0.3534364510652587,-0.24183404765441607,-0.5407727601881803,-0.3324629105098227,-0.08514125216393059,1,-1.2002109705163495,1
3,1,1,-1.553218146801798,-1.4524451782038765,1.24367729662293,-0.32443584735032516,-1.0261025666277062,-0.8370047794573882,-1.4969541870220322,-1.408297723208314,1,-4.76835925631544,1
2,1,1,-1.125640997856591,-1.164907834094876,0.8933237015798199,0.18017465728951854,-0.6570350282873343,-0.5179856817828566,-1.167381184235558,-0.7005628666031787,0,-3.042964760908928,0
2,0,0,-1.0187467106202892,-0.921607004464183,1.5940308916660397,-0.3128356058643518,-0.44174563092211744,-1.0876626419159485,-1.167381184235558,-0.8544182702129908,1,-3.5512077272866147,1
1,0,1,-1.0900095687778237,-1.0543165478991063,0.54297010653671,-0.17943282877565744,-0.3802343745320555,-0.8825789362680355,-0.7938651144108868,-1.0390447545447652,0,-3.095723179755743,0
4,1,0,0.8340876014756078,0.30595627230885836,-0.8584442736357297,-1.2524551662281986,0.9115020096592457,1.6695738451282165,0.7990710657237394,-0.08514125216393059,1,3.295005668347271,1
2,1,1,-0.9831152815415221,-0.6783061748334901,-0.8584442736357297,-0.09823113837384351,-0.5955237718972723,-0.8370047794573882,-0.9037227820063783,-0.4851653015494419,0,-2.821416634910481,0
5,1,1,-0.37738098720247876,0.04053718543901158,0.19261651149360004,-0.48103910741096634,-1.14912507940783,-0.9965143282946539,-0.3324629105098227,-0.4543942208274795,1,-2.932496539039786,1
3,0,1,-1.26816671417166,-1.0321982906599525,1.24367729662293,-1.043650819480677,-1.0261025666277062,-0.7002823090254461,-1.2113242512737543,-1.10058691598869,1,-4.038296042915596,1
2,1,1,0.050196161742728264,-0.2470001586699891,1.24367729662293,0.25557622694834575,-1.087613823017768,0.006117121539587936,-0.34344867726937184,0.7764490080510168,0,-0.6484963706965353,0
2,0,0,0.12145901990026277,-0.07005410075675791,-0.5080906785926198,-1.4554593922327335,0.5116788431238429,-0.03945703527105942,0.6562560978496005,0.4995092815533551,1,1.627987187255739,1
3,0,0,0.9409818887119096,1.1243317901575527,1.24367729662293,0.3599784003221065,-0.6262794000923033,1.4644901394803034,0.4365407626586176,1.5149549453781146,0,2.789706447424732,0
0,1,1,-1.125640997856591,-0.9658435189424908,1.5940308916660397,0.6035834715275483,-1.0107247525301906,-0.3584761329455909,-1.0794950501591647,-0.946731512378878,0,-3.395427448013824,0
4,1,1,0.47777331068793527,0.04053718543901158,-1.5591514637219497,-1.6004624108074013,1.6803927145350201,1.3961289042643323,-0.13471910883793806,-0.14668341360785542,1,2.795119096353559,1
5,0,0,-1.553218146801798,-1.4856225640626073,1.24367729662293,0.9109898709058438,-0.8569466115550357,-1.0876626419159485,-1.4310395864647374,-1.3467555617643892,0,-4.7224044017001106,0
3,0,1,0.26398473621533175,0.8699718319072828,0.8933237015798199,-1.385857943316893,-0.2264562335569006,1.1682581202110955,0.8649856662810342,-0.6697917858812164,1,1.1369957670540127,1
1,0,0,-1.1612724269353583,-1.0764348051382602,-1.2087978686788396,-1.0726514231956106,-0.4725012591171484,-0.6774952306201224,-1.0465377498805173,-0.9775025931008403,0,-3.1740368327186284,0
5,0,1,-0.27048669996617697,-0.14746800109379654,1.24367729662293,0.1047730876306913,0.32714507395365705,-0.9509401714840066,-0.12373334207838892,-0.7928761087690659,0,-1.5404045483778042,0
4,0,0,1.0478761759482114,1.3233961053099377,-0.5080906785926198,-0.44043826221005933,1.4497255030722878,1.350554747453685,1.1506156020293121,1.0533887345486783,1,5.004284587103964,1
0,1,0,-1.410692430486729,-1.2202034771927606,1.24367729662293,1.665005567494116,-1.087613823017768,-0.8370047794573882,-1.3761107526669916,-1.1313579967106524,0,-4.4320873518528,0
2,1,1,1.3329276085783492,1.7657612500930155,0.19261651149360004,0.748586490102216,0.7423460545865753,-0.5863469169988277,0.7441422319259936,1.3610995417683025,0,2.2612409112820435,0
4,0,0,-0.09232955457234074,0.383370172645897,0.54297010653671,1.009591923536618,0.5116788431238429,0.18841374878217737,-0.2665483099525278,0.4687382008313927,0,0.9022824827848852,0
0,1,1,-1.7313752921956342,-1.596213850258377,1.5940308916660397,0.7195858863872825,-1.0568581948227371,-1.1332367987265959,-1.6068118546175236,-1.4390688039302764,0,-5.2359756520971334,0
5,0,1,-1.3037981432504273,-1.3750312778668379,0.8933237015798199,-1.623662893779348,-1.0107247525301906,-0.563559838593504,-1.3651249859074426,-0.9159604316569155,1,-3.8553700086880527,1
5,0,0,-0.9118524233839875,-0.9658435189424908,0.8933237015798199,-0.057630293172936546,-0.6570350282873343,-0.24454074091897252,-1.0245662163614189,-0.4543942208274795,0,-2.380536206395205,0
5,0,0,1.0835076050269785,1.1243317901575527,-0.5080906785926198,1.1371945798823255,1.295947362097133,1.7379350803441875,0.7001991648877971,0.868762250216904,0,4.602843857546022,0
0,0,1,0.37087902345163354,0.4497249443633587,-0.8584442736357297,1.6824059297230762,0.9883910801468232,0.21120082718750102,0.17288236042943803,0.8072200887729791,0,2.1796943565367415,0
0,1,1,-1.0900095687778237,-1.164907834094876,0.8933237015798199,0.2961770721492527,-0.8261909833600047,-0.5863469169988277,-0.8707654817277308,-1.0390447545447652,0,-3.3223481366313283,0
4,1,0,-0.09232955457234074,-0.5566557600181437,0.19261651149360004,0.19757501951847864,0.2656338175635951,-1.0648755635106248,-0.013875674482897454,0.5918225237192424,0,-0.22129489671068492,0
4,0,1,-1.4819552886442635,-1.363972149247261,-1.5591514637219497,0.3483781588361331,-0.9645913102376441,-0.8142177010520645,-1.39808228618609,-1.254442319598502,0,-4.4313336170743005,0
4,1,0,-1.3394295723291945,-1.2865582489102223,0.19261651149360004,-0.5100397111258999,-0.6416572141898188,-0.8142177010520645,-1.3101961521096968,-1.3159844810424268,1,-4.082055548394007,1
4,1,1,-0.30611812904494423,-0.6672470462139132,-1.5591514637219497,1.7404071371529433,-0.11881153487429215,0.07447835675555897,-0.4642921116244125,0.28411171649961825,0,-0.22451357324352744,0
2,0,1,-0.6268009907538495,-0.4460644738223742,1.5940308916660397,1.2937978399429666,-0.44174563092211744,-0.7914306226467408,-0.3764059775480193,-0.6390207051592539,0,-2.2486029362761313,0
2,1,1,1.297296179499582,1.467164777364438,0.19261651149360004,1.624404722293209,0.08110004839340923,-0.7230693874307698,0.469498062937265,-0.1774544943298178,0,-0.34992577042991335,0
1,1,1,-1.5175867177230307,-1.3860904064864148,-1.5591514637219497,-0.9334485253639296,-1.0568581948227371,-1.1332367987265959,-1.4639968867433848,-1.408297723208314,0,-5.062389603501032,0
5,0,1,0.8340876014756078,0.21748324335224276,-1.5591514637219497,-0.9218482838779563,1.111413592926947,-0.7686435442414171,0.6013272640518548,1.7918946718757762,1,2.735991984613161,1
3,1,0,0.6559304560817715,0.37231104402632004,-0.8584442736357297,-1.3916580640598797,1.0037688942443386,-1.1332367987265959,0.4035834623799701,1.4226417032122274,1,1.6967572611099402,1
1,0,1,1.3329276085783492,2.0532985942020163,0.54297010653671,-0.22583379471955112,0.41941195853875,0.48464576805138515,1.161601368788861,2.1303765598173627,0,4.19603565519636,0
2,0,1,1.2616647504208147,1.9205890507670929,-1.2087978686788396,0.9167899916488306,2.064838066972907,-0.9965143282946539,0.31569732830357694,0.5918225237192424,0,1.9758435907010723,0
2,0,0,0.12145901990026277,0.604552745037436,1.24367729662293,0.12217344985965144,0.5731900995139049,-0.631921073809475,-0.38739174430756845,0.16102739361176865,0,-0.28509532499136997,0
4,0,1,-0.7693267070689185,-1.0211391620403756,1.24367729662293,0.12217344985965144,-1.118369451212799,-0.4268373681615619,-0.727950513853592,-0.4543942208274795,0,-2.7275515540554327,0
3,0,0,1.6892418993660219,0.6487892595157437,0.19261651149360004,-1.4960602374336405,2.7568397013611046,2.6494182165571347,1.293430569903451,0.6225936044412047,1,7.3222820922628955,1
4,0,0,-0.6268009907538495,-0.479241859681105,-1.2087978686788396,-0.2780348814064315,-0.5032568873121794,-0.9281530930786829,-0.7169647470940428,-0.5159363822714043,0,-2.664311109756309,0
0,1,0,-1.695743863116867,-1.6183321074975308,1.24367729662293,-1.2988561321720924,-1.1029916371152835,-1.1332367987265959,-1.5738545543388762,-1.4390688039302764,1,-5.249151794111032,1
0,0,0,-1.26816671417166,-1.1980852199536067,0.19261651149360004,1.166195183597259,-0.4725012591171484,-0.631921073809475,-1.2992103853501475,-1.1929001581545773,0,-3.5965328764313482,0
3,1,1,0.12145901990026277,0.12901021439562718,-1.2087978686788396,-0.5100397111258999,-0.9030800538475822,-0.3584761329455909,-0.22260524291433123,0.3148827972215807,0,-1.1692786324859237,0
0,0,0,0.5490361688454698,0.0073597995802807325,1.24367729662293,-0.5970415222707005,-0.9184578679450977,0.4390716112407378,-0.06880450828064319,1.3303284610463402,1,0.7821376960613371,1
0,0,0,0.22835330713656452,0.2285423719718197,-0.5080906785926198,-1.2408549247422251,-0.5032568873121794,0.48464576805138515,-0.07979027504019233,-0.6390207051592539,1,-0.7374220994602405,1
3,1,1,1.2260333213420476,1.2128048191141683,-1.5591514637219497,0.4817809359248274,-0.13418934897180765,1.2366193554270666,0.9858291006360749,0.22256955505569345,0,2.3108286621470273,0
0,0,0,0.8340876014756078,0.9916222467226292,0.8933237015798199,1.0385925272515515,-1.0261025666277062,-0.4724115249722093,1.5131459050944338,-0.023599090720005784,0,-0.008967277225487309,0
3,1,1,0.9766133177906767,0.28383801506970446,-0.8584442736357297,1.6012042393212622,1.2498139198045866,2.330399118882603,1.0956867682315663,1.7918946718757762,0,6.4677944787945325,0
3,0,1,0.7628247433180733,0.15112847163478108,1.24367729662293,-0.4926393488969397,0.050344420198378245,0.30234914080879577,0.23879696098673292,1.7303525104318513,1,2.3218430324257584,1
2,1,0,0.9053504596331423,0.46078407298293567,0.19261651149360004,-0.7942456275322486,-0.31872311814199356,-0.7914306226467408,0.095981993112594,1.4226417032122274,1,0.4084699555360871,1
4,1,1,0.6915618851605387,1.2791595908316298,-1.2087978686788396,-0.6608428504435543,0.48092321492881196,1.6467867667228928,0.4035834623799701,0.3148827972215807,0,2.8461762412532554,0
0,1,0,0.22835330713656452,-0.23594103005041214,-0.8584442736357297,-1.5772619278354543,0.050344420198378245,0.5757940816726799,0.6123130308114039,0.9918465731047537,1,2.2302981057872158,1
2,1,0,1.119139034105746,1.710465606995131,-0.15773708354950988,-1.4902601166906537,0.3579007021486881,1.487277217885627,0.19485389394853633,0.6225936044412047,1,2.662625418424056,1
0,0,1,1.4041904667358838,1.4008100056469763,-0.5080906785926198,0.649984437471442,-1.0107247525301906,0.39349745443009043,1.0187864009147223,0.25334063577765586,0,0.654899738592278,0
3,1,0,-0.413012416281246,-0.3575914448657586,-0.8584442736357297,0.04097175945783751,-0.13418934897180765,0.2339879055928247,-0.6949932135749445,-0.9159604316569155,0,-1.5111550886108431,0
0,0,0,0.5134047397667025,0.11795108577605022,-1.2087978686788396,1.2299965117701128,1.495858945364834,1.3049805906430376,0.5573841970136582,0.3764249586655055,0,3.7346486916870356,0
4,1,1,-0.9831152815415221,-0.8220748468879905,0.8933237015798199,-0.06343041391592326,-0.2264562335569006,-0.13060534889235412,-0.9696373825636732,-0.8236471894910283,0,-2.150346154503956,0
1,1,0,0.22835330713656452,0.7372622884723594,1.24367729662293,0.33097779660717297,1.0191467083418542,-0.40405028975623825,0.7331564651664445,-0.5467074629933667,0,0.8015454207586937,0
4,1,0,-1.5175867177230307,-1.363972149247261,0.19261651149360004,-0.8522468349621157,-0.9184578679450977,-1.0648755635106248,-1.3431534523883442,-1.3467555617643892,1,-4.673242445608455,1
4,1,1,1.1904018922632802,0.5050205874612435,0.54297010653671,1.6766058089800895,2.29550527843564,0.18841374878217737,0.7551279986855428,2.1919187212612874,0,5.430965747164647,0
1,0,1,-0.27048669996617697,0.2285423719718197,-1.2087978686788396,-0.208433432490591,0.450167586733781,0.37071037602476675,-0.3983775110671176,-0.8544182702129908,0,-0.43191781852156064,0
1,1,1,-1.695743863116867,-1.574095593019223,1.5940308916660397,-1.0494509402236638,-1.0261025666277062,-1.1332367987265959,-1.5958260878579746,-1.4390688039302764,1,-5.194234257142552,1
1,0,0,1.297296179499582,2.0864759800607473,0.8933237015798199,0.36577852106509323,-0.31872311814199356,1.3049805906430376,0.29372579478447863,0.9610754923827912,0,2.241058759668314,0
1,1,0,-0.23485527088740973,-0.33547318762660466,-1.2087978686788396,1.647605205265156,0.3579007021486881,0.34792329761944313,-0.013875674482897454,0.3148827972215807,0,1.0068311225068145,0
1,0,1,0.19272187805779725,0.18430585749351192,0.8933237015798199,-0.4172377792381125,0.004210977905831773,0.34792329761944313,-0.31049137699072443,-0.33130989793962984,1,-0.2896669994050794,1
2,0,0,-1.5888495758805652,-1.5298590785409152,0.19261651149360004,-0.7246441786164081,-1.1337472653103144,-0.8825789362680355,-1.409068052945639,-1.3467555617643892,1,-4.772149816288378,1
4,1,1,-0.9118524233839875,-1.1096121909969912,1.5940308916660397,0.5513823848406679,-0.9799691243351596,-0.19896658410832516,-0.9256943155254767,-0.4543942208274795,0,-2.559024244796441,0
5,1,0,-0.4486438453600132,-0.5124192455398359,-0.15773708354950988,0.9225901123918173,-0.8723244256525512,0.39349745443009043,-0.7718935808917886,0.09948523216784384,0,-1.1512353199464054,0
2,1,0,-0.9118524233839875,-0.6119514031160284,-1.2087978686788396,0.20917526100445208,-1.0107247525301906,-0.9053660146733592,-0.8597797149681817,-0.9159604316569155,0,-3.691830913828647,0
3,1,1,0.15709044897903002,0.5824344877982821,-0.15773708354950988,-0.3128356058643518,0.48092321492881196,0.7353036305099456,-0.17866217587613464,-0.30053881721766745,1,0.7370258523449553,1
5,0,1,-0.1992238418086425,0.21748324335224276,-1.5591514637219497,0.2265756232334122,0.48092321492881196,0.5757940816726799,-0.34344867726937184,0.4687382008313927,0,1.1820068201635126,0
4,1,0,-1.125640997856591,-1.2312626058123375,-0.15773708354950988,-1.2292546832562519,-1.0722360089202525,-0.8142177010520645,-1.0465377498805173,-1.254442319598502,1,-4.187433779451336,1
5,0,1,0.47777331068793527,0.5381979733199743,0.19261651149360004,-0.03442981020098971,-1.1337472653103144,-0.6547081522147987,0.15091082691033975,0.16102739361176865,0,-1.4765171970030044,0
1,1,1,-0.4486438453600132,-0.4460644738223742,-0.8584442736357297,0.928390233134804,-0.8261909833600047,-0.7230693874307698,-0.7059789803344937,0.22256955505569345,0,-2.0326697960695745,0
4,1,1,0.442141881609168,0.19536498611308886,0.8933237015798199,-0.10403125911683023,1.3113251761946483,-0.3129019761349435,0.9418860335978783,0.3148827972215807,0,2.2551920308791638,0
3,1,0,-1.695743863116867,-1.6072729788779538,-0.8584442736357297,1.7172066541809965,-1.1029916371152835,-1.0420884851053012,-1.5958260878579746,-1.408297723208314,0,-5.1492039332868735,0
5,1,1,0.727193314239306,0.7372622884723594,1.24367729662293,1.688206050466063,-0.07267809258174568,-1.1332367987265959,0.41456922913951927,-0.08514125216393059,0,-0.8764869143327527,0
2,1,1,-1.5888495758805652,-1.4856225640626073,-1.5591514637219497,-0.6086417637566739,-0.8877022397500667,-1.0876626419159485,-1.5299114873006796,-1.3775266424863517,1,-4.8828030114530465,1
3,0,1,-0.23485527088740973,0.018418928199857684,0.8933237015798199,1.5374029111484084,-0.9645913102376441,0.780877787320593,-0.013875674482897454,-0.4851653015494419,0,-0.6827544989493904,0
4,1,0,0.9053504596331423,0.6266710022765899,0.19261651149360004,1.0153920442796047,-0.8569466115550357,1.9658058643974243,0.4475265294181667,0.4379671201094303,0,1.9943529023699855,0
5,0,1,1.297296179499582,1.245982204972899,-0.15773708354950988,-1.6352631352653215,0.6654569840989979,-0.4724115249722093,0.8869571998001325,1.2995573803243776,1,2.3795600392512988,1
3,0,1,0.19272187805779725,-0.269118415909143,0.19261651149360004,-1.1886538380553449,0.1118556765884402,0.9859614929685061,0.7551279986855428,0.4379671201094303,1,2.2909122883519193,1
4,1,0,-0.3417495581237115,-0.2248819014308352,0.54297010653671,0.9979916820506445,0.5731900995139049,-0.17617950570300148,-0.508235178662609,-0.3620809786615922,0,-0.47330556351329783,0
2,1,1,1.012244746869444,0.10689195715647327,1.24367729662293,-1.6352631352653215,1.5112367594623497,-0.4724115249722093,1.6230035726899255,1.3303284610463402,1,3.992157268226406,1
3,1,1,0.19272187805779725,0.6377301308961668,0.54297010653671,0.28457683066327927,-0.5340125155072104,1.3049805906430376,-0.23359100967388038,0.9918465731047537,0,1.5292236385667004,0
3,1,0,-1.3750610014079618,-1.3307947633885302,-0.15773708354950988,-0.9392486461069164,-0.9184578679450977,-0.631921073809475,-1.2332957847928527,-1.2236712388765396,1,-4.007345965423965,1
5,0,0,0.6559304560817715,0.5050205874612435,-0.8584442736357297,-0.06923053465890996,0.3579007021486881,0.5757940816726799,0.2168254274676346,0.7149068466070919,0,1.8654270578960945,0
5,1,0,-0.840589565226453,-1.0543165478991063,-1.5591514637219497,1.247396873999073,-0.9799691243351596,-0.6774952306201224,-0.88175124848728,-0.7313339473251411,0,-3.2705495507677034,0
4,0,1,1.6892418993660219,0.7704396743310902,-1.2087978686788396,-1.3684575810879327,1.4343476889747722,1.3961289042643323,1.2494875028652543,0.7149068466070919,1,4.794870942711451,1
2,1,0,1.5110847539721854,1.898470793527939,-1.2087978686788396,-0.08083077614488339,1.0499023365368851,0.32513621921411945,2.4029930126179146,1.6688103489879265,0,5.446841917356846,0
4,1,0,0.5846675979242371,1.1243317901575527,0.19261651149360004,-0.2606345191774714,1.4497255030722878,-0.3129019761349435,0.91991450007878,-0.023599090720005784,0,2.0331389362961185,0
4,0,0,-1.3394295723291945,-1.164907834094876,-0.15773708354950988,-1.6700638597232418,-0.8723244256525512,-0.9965143282946539,-1.321181918869246,-1.2852134003204645,1,-4.475234073136916,1
2,0,1,1.012244746869444,0.21748324335224276,0.8933237015798199,0.02937151797186409,1.803415227315144,2.0797412564240427,0.7441422319259936,1.6688103489879265,0,6.296109064653106,0
5,1,0,0.5846675979242371,0.8920900891464366,1.24367729662293,0.4179796077519736,-0.9030800538475822,0.39349745443009043,0.6232987975709531,0.13025631288980624,0,0.2439725110432676,0
2,1,1,-1.0543781396990566,-1.175966962714453,1.24367729662293,-0.05183017242994984,-0.7646797269699428,-1.0193014066999775,-1.0575235166400663,-1.0698158352667275,0,-3.9113204855767143,0
4,0,1,-0.127960983651108,-0.4571236024419511,-1.2087978686788396,-1.6178627730363613,0.40403414444123453,-1.1104497203212722,-0.6071070794985514,0.5918225237192424,1,-0.7217001316593467,1
2,0,0,-0.4842752744387805,-0.19170451557210436,0.8933237015798199,-1.2002540795413181,-0.16494497716683862,-0.9965143282946539,-0.10176180855929062,-0.4543942208274795,1,-1.7176153348482628,1
0,0,1,0.26398473621533175,0.7372622884723594,-1.5591514637219497,-0.22583379471955112,-0.4725012591171484,0.5074328464567088,-0.013875674482897454,-0.23899665577374263,0,-0.21794074291707966,0
5,0,1,-0.9474838524627548,-0.9105478758446061,1.5940308916660397,0.7253860071302691,-0.8877022397500667,-1.0420884851053012,-0.6949932135749445,-0.7928761087690659,0,-3.4176600471993783,0
1,1,1,1.0835076050269785,1.3786917484078225,0.8933237015798199,-0.9392486461069164,-0.9953469384326751,1.2594064338323903,1.8756762081595557,0.9303044116608288,1,3.0700401152201,1
5,0,1,0.12145901990026277,0.6930257739940515,0.19261651149360004,-1.165453355083398,-0.5340125155072104,1.0771098065898008,-0.2995056102311753,0.5610514429972799,1,0.8046431238486951,1
0,0,0,-1.3037981432504273,-1.0764348051382602,-0.5080906785926198,-0.04603005168696313,-0.5186347014096949,-1.0420884851053012,-1.1893527177546561,-1.2852134003204645,0,-4.035289304590117,0
2,1,0,-0.9118524233839875,-0.7225426893117979,-0.5080906785926198,1.3633992888588071,-0.7646797269699428,-0.22175366251364884,-0.8158366479299851,-1.1313579967106524,0,-2.9336280341242293,0
0,1,1,-1.2325352850928928,-1.0874939337578373,-1.2087978686788396,0.7717869730741629,-1.087613823017768,-0.6547081522147987,-1.0575235166400663,-1.1929001581545773,0,-3.99274565002721,0
0,1,0,-0.4842752744387805,-0.501360116920259,1.5940308916660397,-0.6724430919295277,-0.25721186175193156,-0.8370047794573882,-0.13471910883793806,-0.4543942208274795,1,-1.6833299708747371,1
5,1,1,-1.6244810049593326,-1.4745634354430304,1.5940308916660397,0.08737272540173117,-1.0722360089202525,-0.9737272498893302,-1.5408972540602288,-1.4390688039302764,0,-5.025929316800088,0
3,1,1,0.0858275908214955,0.48290233022208956,-1.2087978686788396,-0.05183017242994984,0.8807463814642147,-0.0622441136763831,0.5134411299754615,0.8995333309388663,0,2.2314767287021597,0
0,0,1,-0.8049581361476857,-0.921607004464183,0.19261651149360004,-1.4554593922327335,-0.5186347014096949,-0.6774952306201224,-0.44232057810531417,-1.10058691598869,1,-2.7390374261238213,1
1,0,1,1.6179790412084873,1.6330517066580923,1.24367729662293,-0.7072438163874479,1.6957705286325355,2.330399118882603,2.5348222137325047,1.3610995417683025,1,7.922091403015946,1
4,0,0,-1.0187467106202892,-0.8110157182684135,1.5940308916660397,0.19177489877549195,-1.14912507940783,-0.24454074091897252,-0.7389362806131411,-0.946731512378878,0,-3.0793336133188216,0
1,1,1,1.1904018922632802,1.7436429928538617,-0.5080906785926198,-1.287255890686119,1.7111483427300511,-0.9053660146733592,1.1835729023079595,1.8842079140416634,1,3.873563144406315,1
1,1,0,-1.0543781396990566,-1.0874939337578373,1.5940308916660397,-0.805845869018222,-0.9184578679450977,-0.2673278193242962,-0.7718935808917886,-1.0082736738228029,1,-2.9659529419839856,1
2,1,1,-0.8049581361476857,-0.8994887472250291,-1.5591514637219497,1.3575991681158204,-1.0722360089202525,-0.4724115249722093,-0.7718935808917886,-1.1313579967106524,0,-3.4478991114949027,0
0,1,0,-0.9118524233839875,-1.0321982906599525,1.5940308916660397,0.4121794870089869,-0.011166836191683719,-1.0193014066999775,-0.8378081814490834,-0.9159604316569155,0,-2.7842368559976602,0
3,0,1,-1.1969038560141254,-1.0321982906599525,-0.15773708354950988,-0.44043826221005933,-0.5186347014096949,-0.4724115249722093,-0.9366800822850258,-1.2852134003204645,1,-3.2129397089873946,1
3,0,0,0.37087902345163354,0.615611873657013,-1.2087978686788396,1.2531969947420598,1.142169221121978,0.09726543516088265,0.996814867395624,0.28411171649961825,0,2.5203612401781026,0
3,0,0,-0.3417495581237115,-0.3797097021049125,-0.15773708354950988,0.748586490102216,-0.08805590667926116,0.2795620624034721,0.03006739255529913,-0.8851893509349531,0,-0.6636158026554431,0
5,1,1,-0.1992238418086425,-0.269118415909143,-0.5080906785926198,-1.6990644634381753,0.5424344713188739,-0.2673278193242962,-0.27753407671207697,-0.7005628666031787,1,-0.702990291320678,1
2,0,1,0.19272187805779725,0.4386658157437818,-0.5080906785926198,-1.4496592714897467,-0.7339240987749118,-0.8597918578627118,-0.10176180855929062,-0.23899665577374263,1,-1.934474420970657,1
3,1,1,0.26398473621533175,0.16218760025435802,-0.15773708354950988,-0.9044479216489961,0.8961241955617302,0.21120082718750102,-0.013875674482897454,1.0841598152706409,1,2.1776091635369745,1
4,1,0,1.2616647504208147,1.2791595908316298,-0.15773708354950988,1.7114065334380097,-0.8108131692624893,0.8720261009418877,0.8210425992428376,0.5918225237192424,0,1.4740780546414785,0
2,0,0,-0.7693267070689185,-0.5124192455398359,1.5940308916660397,0.6267839544994951,-0.5032568873121794,-0.9965143282946539,-0.8158366479299851,-0.20822557505178022,0,-2.5238334385885985,0
2,1,1,1.154770463184513,0.2727788864501275,-1.5591514637219497,-1.4206586677748132,-0.9953469384326751,-0.9737272498893302,1.4582170712966882,0.5610514429972799,1,0.05019432597196283,1
5,1,0,-0.9474838524627548,-1.1096121909969912,-0.8584442736357297,0.9051897501628572,-0.9184578679450977,-1.0876626419159485,-1.0794950501591647,-0.4851653015494419,0,-3.570780861569652,0
4,0,0,0.19272187805779725,-0.34653231624618164,-1.2087978686788396,0.690585282672349,-0.28796748994696253,-0.4724115249722093,-0.06880450828064319,-0.4851653015494419,0,-1.314348824749257,0
1,0,1,1.58234761212972,2.2413037807348246,0.54297010653671,-0.9334485253639296,-1.087613823017768,-0.8597918578627118,0.5573841970136582,2.6227138513687613,1,1.2326923675019397,1
4,1,1,-0.05669812549357349,0.08477369991731938,-0.15773708354950988,0.39477912478002675,0.5116788431238429,0.7580907089152693,-0.024861441242446602,-0.6697917858812164,0,0.5751163249154494,0
4,1,1,0.299616165294099,0.15112847163478108,-1.5591514637219497,0.9573908368497376,0.8499907532691837,1.0087485713738298,0.5354126634945598,-0.4543942208274795,0,1.9397577673100939,0
5,0,1,-1.6244810049593326,-1.5077408213017613,-1.2087978686788396,-0.7188440578734214,-1.118369451212799,-1.0876626419159485,-1.5408972540602288,-1.3159844810424268,0,-5.0629138282314035,0
3,0,0,0.6915618851605387,0.7262031598527824,0.54297010653671,1.050192768737525,-0.31872311814199356,0.8036648657259167,0.45851229617771583,1.4226417032122274,0,2.3660957469738664,0
1,1,0,-0.555538132596315,-0.269118415909143,-1.2087978686788396,-1.4496592714897467,-0.3494787463370245,0.4162845328354141,-0.24457677643342954,-0.9775025931008403,0,-1.1552735830358802,0
0,0,0,0.050196161742728264,-0.32441405900702774,0.8933237015798199,1.0617930102234983,-0.3802343745320555,-0.6774952306201224,-0.4093632778266667,0.037943070723919024,0,-1.4291498122549255,0
3,0,1,0.442141881609168,0.5271388447003973,0.19261651149360004,0.9863914405646711,-0.8569466115550357,-0.5863469169988277,0.04105315931484828,-0.5774785437153291,0,-1.9797189129543444,0
2,1,0,1.1904018922632802,1.4561056487448611,-0.15773708354950988,1.2879977191999799,-0.8723244256525512,2.5126957461251926,1.963562342235949,-0.1774544943298178,0,3.4264791683787723,0
1,1,1,0.869719030554375,0.814676188809398,0.54297010653671,-0.7594449030743283,0.7423460545865753,1.0543227281844771,0.1179535266316923,-0.14668341360785542,1,1.7679388957948892,1
2,0,0,-0.6268009907538495,-0.23594103005041214,0.8933237015798199,-1.739665308639082,-0.303345304044478,0.21120082718750102,-0.8487939482086326,-0.5774785437153291,1,-1.5184169687809388,1
2,1,0,1.3329276085783492,0.803617060189821,0.54297010653671,0.5339820226117078,2.1878605797530315,0.028904199944911613,0.3816119288608718,1.8226657525977386,0,4.421042461156553,0
5,0,0,-1.7313752921956342,-1.596213850258377,1.24367729662293,0.6209838337565085,-1.1645028935053454,-1.1104497203212722,-1.6068118546175236,-1.469839884652239,0,-5.351604353096381,0
5,1,1,1.0478761759482114,1.5445786777014767,-1.2087978686788396,0.33677791735015966,0.48092321492881196,0.8264519441312403,1.5021601383348848,-0.115912332885893,0,2.693622964509044,0
3,0,0,-1.4463238595654964,-1.2312626058123375,-0.8584442736357297,0.14537393283159827,-1.0414803807252215,-1.1104497203212722,-1.3541392191478934,-1.3775266424863517,0,-4.883595962680739,0
1,0,0,1.5467161830509528,1.2791595908316298,-0.15773708354950988,-1.4902601166906537,0.019588792003347264,-0.563559838593504,1.4801886048157864,2.5304006092028737,1,3.4666181674285035,1
5,0,0,-1.0543781396990566,-0.8663113613662983,1.24367729662293,-1.403258305545853,-0.5801459577997569,-0.40405028975623825,-0.8707654817277308,-0.8544182702129908,1,-2.7093799994967167,1
4,0,1,0.12145901990026277,-0.4018279593440664,1.5940308916660397,0.609383592270535,1.0960357788294317,-0.2673278193242962,-0.17866217587613464,0.3456538779435431,0,0.9956996615725439,0
2,0,1,-0.127960983651108,-0.0036993290392962164,-0.5080906785926198,1.1545949421112855,0.34252288805117254,-0.563559838593504,-0.4862636451435107,-0.08514125216393059,0,-0.7924418478497728,0
3,0,0,1.3329276085783492,2.0532985942020163,0.19261651149360004,-1.1770535965693714,1.5112367594623497,2.5126957461251926,0.7770995322046411,1.176473057436528,1,5.977505095228711,1
5,0,0,-0.6624324198326168,-0.32441405900702774,-0.8584442736357297,-0.6202420052426473,0.03496660610086275,0.2795620624034721,-0.9256943155254767,-0.8851893509349531,1,-1.4963549979560948,1
0,0,1,0.7628247433180733,0.7483214170919363,-1.2087978686788396,-0.8928476801630226,1.5727480158524116,1.350554747453685,1.0297721676742715,0.8072200887729791,0,4.760295019753348,0
2,1,1,-0.9118524233839875,-0.8773704899858752,0.8933237015798199,-1.6526634974942815,-0.303345304044478,-0.38126321135091457,-1.1234381171973613,-0.6697917858812164,1,-2.4778384184739703,1
5,1,1,0.6559304560817715,0.06265544267816547,0.54297010653671,1.665005567494116,0.9730132660493077,0.07447835675555897,1.1066725349911155,-0.14668341360785542,0,2.007480744188127,0
5,0,1,0.22835330713656452,0.593493616417859,0.8933237015798199,-0.9914497327937967,-0.7185462846773962,-0.7002823090254461,0.7990710657237394,-0.33130989793962984,1,-0.9510674259187328,1
4,0,1,0.15709044897903002,-0.0036993290392962164,1.24367729662293,0.4237797284949603,0.4655454008312965,0.6897294736992983,-0.13471910883793806,0.6841357658851296,0,1.7046915315777862,0
4,1,1,1.4754533248934183,1.5445786777014767,-0.15773708354950988,0.7601867315881894,1.080657964731916,0.7580907089152693,2.271163811503325,0.007171990001956621,0,4.117084475152467,0
5,0,1,0.22835330713656452,-0.4018279593440664,-1.5591514637219497,0.7659868523311761,1.2805695479996175,-0.2901148977296199,0.052038926074397425,0.09948523216784384,0,1.1419788085122389,0
5,0,1,-0.02106669641480624,0.14006934301520413,0.54297010653671,-0.43463814146707264,0.8499907532691837,0.9403873361578587,0.019081625795749985,-0.5159363822714043,1,1.2935233329513882,1
4,1,0,-0.9831152815415221,-1.0653756765186833,-0.8584442736357297,-1.4902601166906537,-1.1645028935053454,-0.19896658410832516,-1.1344238839569103,-0.5467074629933667,1,-3.0446008245639478,1
0,1,1,-0.7336952779901512,-0.4571236024419511,0.8933237015798199,-1.5598615656064942,0.08110004839340923,-0.10781827048703045,-0.9366800822850258,-0.7928761087690659,1,-1.7562744131477128,1
0,1,0,1.012244746869444,1.2238639477337452,1.24367729662293,1.4214004962886744,1.0345245224393695,2.216463726855985,1.3483594037011968,0.4071960393874679,0,5.006543692384019,0
2,0,0,-1.0900095687778237,-0.9879617761816447,0.8933237015798199,0.5571825055836546,-0.5186347014096949,-0.9965143282946539,-1.0685092833996155,-1.1313579967106524,0,-3.715016309814617,0
5,1,0,-0.840589565226453,-0.711483560692221,0.54297010653671,0.9979916820506445,-0.8108131692624893,-0.49519860337753296,-0.8268224146895343,-0.39285205938355466,0,-2.525686246713111,0
3,0,1,0.47777331068793527,0.07371457129774242,1.24367729662293,0.1627742950605584,-0.08805590667926116,-0.5179856817828566,1.062729467952919,0.09948523216784384,0,0.556173111658645,0
0,1,1,1.119139034105746,0.4386658157437818,-1.5591514637219497,0.9515907161067508,2.3723943489232173,0.8948131793472114,0.5903414972923056,-0.30053881721766745,0,3.557010208345067,0
1,0,0,-0.8049581361476857,-0.9105478758446061,0.54297010653671,-0.27223476066344476,-1.087613823017768,-0.016669956865735743,-0.9147085487659274,-0.23899665577374263,0,-2.2579889844231738,0
1,1,0,1.3685590376571166,0.5381979733199743,-1.5591514637219497,0.30777731363522615,0.8038573109766373,-0.9965143282946539,0.29372579478447863,1.5149549453781146,0,1.6160237228445766,0
1,1,0,0.01456473266396101,0.5381979733199743,-1.2087978686788396,-0.5448404355838201,0.06572223429589373,0.8948131793472114,0.5683699637732073,0.5302803622753175,0,2.05918573969163,0
3,0,0,-0.8049581361476857,-0.7336018179313748,1.5940308916660397,-0.9798494913078233,-0.19570060536186962,-0.7458564658360934,-0.804850881170436,-0.8544182702129908,1,-2.60082622258139,1
2,1,1,0.37087902345163354,-0.31335493038745077,1.24367729662293,0.5629826263266413,1.0191467083418542,0.9403873361578587,-0.27753407671207697,-0.4543942208274795,0,1.2276057469601565,0
2,1,0,1.1904018922632802,1.035858761200937,-0.8584442736357297,-0.06923053465890996,0.5424344713188739,-0.8370047794573882,0.8539998995214851,1.6688103489879265,0,2.2282399403708975,0
1,1,0,-1.2325352850928928,-1.0543165478991063,-0.8584442736357297,1.427200617031661,-1.0568581948227371,-0.49519860337753296,-1.1563954174760087,-1.1621290774326147,0,-3.8705812931088937,0
5,0,0,-0.3417495581237115,-0.4571236024419511,0.54297010653671,-1.2814557699431322,-0.19570060536186962,-0.7458564658360934,-0.727950513853592,0.13025631288980624,1,-1.5392512721617488,1
1,1,0,-1.695743863116867,-1.596213850258377,-0.15773708354950988,0.8413884219900034,-1.14912507940783,-1.1332367987265959,-1.562868787579327,-1.5006109653742012,0,-5.345841631087954,0
3,0,0,1.6179790412084873,2.1417716231586317,1.5940308916660397,-0.4462383829530461,2.864484400043713,-0.5407727601881803,1.007800634155173,0.09948523216784384,1,3.4309975061785494,1
4,0,1,1.154770463184513,1.1353909187771296,-1.2087978686788396,0.13957381208861155,2.3723943489232173,-0.22175366251364884,1.062729467952919,0.13025631288980624,0,3.3436264672522937,0
1,0,0,-0.16359241272987524,0.17324672887393497,0.8933237015798199,-1.1190523891395043,0.8499907532691837,0.2339879055928247,-0.585135545979453,-0.6697917858812164,1,-0.170948672998661,1
3,1,1,0.19272187805779725,-0.3907688307244894,0.19261651149360004,0.9051897501628572,-0.6416572141898188,-0.7230693874307698,0.3596403953417735,0.868762250216904,0,-0.13632395606191106,0
3,0,1,-0.3417495581237115,-0.7557200751705287,0.8933237015798199,-1.44385915074676,-0.2264562335569006,-1.1104497203212722,-0.44232057810531417,-0.8544182702129908,1,-2.6336448021964776,1
3,1,0,-0.4842752744387805,-0.19170451557210436,1.24367729662293,-1.3162564944010524,-0.7185462846773962,-1.1104497203212722,-0.2116194761547821,-0.7621050280471036,1,-2.8027205092005545,1
4,1,1,-1.5175867177230307,-1.4082086637255689,-1.5591514637219497,-0.805845869018222,-0.9492134961401286,-0.8370047794573882,-1.409068052945639,-1.4390688039302764,0,-4.6343551324734324,0
4,0,0,1.0835076050269785,1.433987391505707,0.19261651149360004,0.4179796077519736,-0.28796748994696253,0.9631744145631824,0.22781119422718377,1.3918706224902648,0,2.2948887413336685,0
2,0,1,-0.840589565226453,-0.6230105317356054,-0.15773708354950988,-0.9624491290788632,-0.7339240987749118,-0.7914306226467408,-0.7718935808917886,-0.9775025931008403,1,-3.274750895414282,1
2,1,1,0.6915618851605387,0.6930257739940515,0.19261651149360004,-0.3418362095792853,-0.5801459577997569,-0.8370047794573882,0.5134411299754615,1.4226417032122274,1,0.5189320959305439,1
3,1,1,1.0835076050269785,1.5666969349406306,-1.5591514637219497,-1.084251664681584,0.09647786249092472,2.3076120404772795,1.139629835269763,0.4379671201094303,0,3.9816868583473974,0
1,0,0,-0.6624324198326168,-0.8331339755075674,-1.2087978686788396,-0.04603005168696313,-0.6877906564823653,-0.8142177010520645,-0.7718935808917886,-0.08514125216393059,0,-2.3590431905901488,0
4,1,1,-1.6601124340380997,-1.5187999499213383,-0.15773708354950988,0.3773787625510666,-1.1029916371152835,-1.0648755635106248,-1.4969541870220322,-1.469839884652239,0,-5.134661272300179,0
1,0,0,0.9766133177906767,0.9695039894834753,-1.2087978686788396,-1.664263738980255,-0.7493019128724273,2.353186197287927,0.8649856662810342,1.8226657525977386,0,4.291535703294272,0
0,1,0,0.26398473621533175,0.4939614588416665,0.54297010653671,0.4237797284949603,0.21950037527104865,1.3049805906430376,0.31569732830357694,0.6841357658851296,0,2.524314060102793,0
0,1,1,-0.8762209943052203,-1.0100800334207987,-0.5080906785926198,-1.2640554077141721,-0.8877022397500667,-0.631921073809475,-0.7609078141322394,-1.0390447545447652,1,-3.3195758822365464,1
5,1,0,0.12145901990026277,0.6598483881353208,0.19261651149360004,0.3541782795791198,1.2805695479996175,1.2366193554270666,0.5463984302541091,0.13025631288980624,0,3.1938436465705995,0
3,0,1,-1.5888495758805652,-1.4856225640626073,-1.2087978686788396,-0.1388319835747505,-1.087613823017768,-1.1104497203212722,-1.4310395864647374,-1.3775266424863517,0,-5.006629772290129,0
1,0,0,-1.5888495758805652,-1.540918207160492,0.54297010653671,-0.9102480423919828,-1.0414803807252215,-0.9053660146733592,-1.4200538197051882,-1.2852134003204645,1,-4.652113615424233,1
5,0,1,1.58234761212972,0.7262031598527824,0.8933237015798199,-1.6990644634381753,3.07977379740893,-0.5179856817828566,1.4692028380562374,1.4534127839341897,1,5.484403737616501,1
4,0,1,-1.125640997856591,-1.142789576855722,0.19261651149360004,0.3251776758641863,-0.9184578679450977,-0.7686435442414171,-1.0685092833996155,-1.0082736738228029,0,-3.7638843694089332,0
1,0,1,1.6892418993660219,0.6709075167548977,-1.2087978686788396,1.6534053260081427,1.6188814581449582,2.6038440597464874,2.435950312896562,1.7918946718757762,0,8.450570502663783,0
3,0,0,0.9766133177906767,0.16218760025435802,1.5940308916660397,1.7172066541809965,0.7577238686840908,1.3277676690483613,1.6889181732472203,0.16102739361176865,0,3.935437104591441,0
5,1,0,-0.05669812549357349,-0.1142906152350657,-1.5591514637219497,1.1719953043402458,-0.6416572141898188,0.5757940816726799,0.10696775987214316,-0.7005628666031787,0,-0.6594582392481745,0
3,0,1,1.154770463184513,0.8367944460485519,-1.5591514637219497,0.290376951406266,-0.5955237718972723,2.5126957461251926,0.31569732830357694,0.25334063577765586,0,2.486209938309153,0
4,1,1,-0.413012416281246,-0.689365303453067,-0.15773708354950988,0.3773787625510666,0.2810116316611106,-0.22175366251364884,-0.651050146536748,0.09948523216784384,0,-0.4923069452214424,0
2,0,0,1.4041904667358838,2.274481166593555,0.19261651149360004,-1.5134605996626005,1.1883026634145246,0.780877787320593,0.48048382969681414,1.2380152188804527,1,3.6876794993123845,1
1,1,0,1.6179790412084873,1.909529922147516,1.5940308916660397,-0.887047559420036,1.2190582916095556,3.059585627852961,0.5134411299754615,-0.08514125216393059,1,4.7069437972740475,1
5,1,1,-1.4463238595654964,-1.4082086637255689,1.24367729662293,0.07577248391575776,-0.9030800538475822,-0.8370047794573882,-1.3761107526669916,-1.3467555617643892,0,-4.4629511477363515,0
5,0,0,-0.8049581361476857,-0.8773704899858752,0.8933237015798199,-1.0204503365087303,-1.0107247525301906,0.006117121539587936,-0.9916089160827715,-0.5467074629933667,1,-2.542924010066741,1
2,1,0,1.154770463184513,0.6266710022765899,-0.8584442736357297,0.38897900403704005,1.8187930414126594,-0.19896658410832516,1.1286440685102137,0.5610514429972799,0,3.3095219688118274,0
4,1,1,0.6559304560817715,0.35019278678716614,1.24367729662293,0.6673847997004021,0.1118556765884402,-0.9965143282946539,-0.013875674482897454,0.7764490080510168,0,-0.12208531813809442,0
5,1,1,-0.4486438453600132,-0.6672470462139132,1.24367729662293,0.31357743437821284,0.23487818936856414,-0.22175366251364884,-0.5411924789412564,-0.6082496244372915,0,-1.1363175765236326,0
2,1,0,1.0478761759482114,0.2948971436892814,1.5940308916660397,-0.29543524363539164,-0.7800575410674583,1.0771098065898008,1.3483594037011968,1.7918946718757762,1,3.4373063410993154,1
4,0,1,1.6892418993660219,1.6109334494189382,-1.2087978686788396,-1.3162564944010524,0.5578122854163894,0.12005251356620632,2.490879146694308,1.545726026100077,0,4.71446997177698,0
0,0,1,-0.7693267070689185,-0.8773704899858752,0.8933237015798199,-1.5540614448635075,-0.5955237718972723,0.1656266703768537,-0.8268224146895343,-0.42362314010551705,1,-1.68034265631547,1
4,0,0,1.012244746869444,1.8099977645713234,1.5940308916660397,-0.38243705478019224,0.7577238686840908,0.8036648657259167,0.7111849316473462,0.4379671201094303,1,2.710540786166784,1
3,1,0,-0.16359241272987524,0.30595627230885836,-0.5080906785926198,-1.182853717312358,0.49630102902632744,-0.22175366251364884,-0.31049137699072443,-0.7313339473251411,1,-0.767277957803187,1
2,0,0,-1.4463238595654964,-1.2644399916710685,1.24367729662293,1.6940061712090495,-0.8108131692624893,-0.9509401714840066,-1.332167685628795,-1.3775266424863517,0,-4.471447668861643,0
5,0,0,1.4041904667358838,0.6819666453744746,0.54297010653671,0.011971155742903961,-0.6262794000923033,0.6213682384833272,2.2272207444651286,1.8534368333197009,0,4.075746416175853,0
0,0,1,1.5467161830509528,2.3187176810718633,-0.15773708354950988,0.08737272540173117,2.110971509265454,-0.2673278193242962,1.3483594037011968,1.2687862996024153,0,4.46078939324477,0
5,0,1,0.8340876014756078,0.9031492177660136,1.5940308916660397,-0.6840433334155012,1.265191733902102,-0.3129019761349435,1.5351174386135322,0.5610514429972799,1,3.0484586393779702,1
0,0,0,0.5490361688454698,0.5492571019395512,0.8933237015798199,-1.1770535965693714,1.803415227315144,0.46185868964606147,0.22781119422718377,1.0533887345486783,1,3.5464738457370673,1
0,1,0,-1.3394295723291945,-1.2976173775297992,-0.15773708354950988,-0.7884455067892618,-0.9645913102376441,-1.0876626419159485,-1.2772388518310493,-1.10058691598869,1,-4.430079719973332,1
0,0,1,-1.410692430486729,-1.2976173775297992,0.54297010653671,1.345998926629847,-0.6570350282873343,-1.0876626419159485,-1.178366950995107,-1.0390447545447652,0,-3.9621093757431547,0
5,0,0,1.4754533248934183,2.1749490090173627,0.19261651149360004,1.1719953043402458,2.233994022045578,1.3733418258590087,0.5134411299754615,2.315003044149137,0,6.435780022029185,0
2,0,0,0.6915618851605387,0.9695039894834753,1.24367729662293,0.1627742950605584,0.9115020096592457,0.37071037602476675,1.1066725349911155,0.6841357658851296,0,3.0730206865602576,0
4,0,0,0.01456473266396101,0.4054884298850509,-0.15773708354950988,0.5455822640976812,-0.16494497716683862,0.07447835675555897,-0.17866217587613464,-0.269767736495705,0,-0.5388965327831192,0
1,1,1,-0.6624324198326168,-0.6451287889747592,1.5940308916660397,0.8181879390180565,-0.5647681437022414,-0.3356890545402672,-0.9037227820063783,-0.8236471894910283,0,-2.6278271697399154,0
1,1,1,-0.4842752744387805,-0.4681827310615281,0.54297010653671,0.8587887842189635,-0.5801459577997569,-0.49519860337753296,-0.2116194761547821,-0.269767736495705,0,-1.5567317738277768,0
5,0,0,-0.5199067035175478,-0.25805928728956606,-1.2087978686788396,-1.623662893779348,-0.7646797269699428,-0.4724115249722093,-0.27753407671207697,-0.6390207051592539,0,-2.153646033813483,0
1,0,0,0.19272187805779725,-0.3797097021049125,-0.15773708354950988,1.009591923536618,0.5424344713188739,-0.1533924272976778,-0.22260524291433123,0.4687382008313927,0,0.6351750019382576,0
0,1,1,1.58234761212972,1.8652934076692083,-1.5591514637219497,-0.5796411600417404,0.12723349068595569,1.0771098065898008,1.0297721676742715,0.19179847433373107,0,2.4259139392837588,0
4,1,0,-1.26816671417166,-1.2312626058123375,1.24367729662293,0.6151837130135217,-1.14912507940783,-0.5179856817828566,-1.178366950995107,-1.0082736738228029,0,-3.8537513860085966,0
4,1,0,0.8340876014756078,0.35019278678716614,-0.15773708354950988,0.006171034999917252,1.3728364325847102,1.7379350803441875,1.5021601383348848,0.3456538779435431,0,4.958585529207325,0
2,0,0,0.3352475943728663,0.2506606292109736,0.8933237015798199,1.1951957873121926,-0.8723244256525512,-0.6547081522147987,0.5573841970136582,-0.4543942208274795,0,-1.4240426016811711,0
0,0,1,-0.7336952779901512,-0.6119514031160284,-0.8584442736357297,0.25557622694834575,-0.5493903296047259,-0.9737272498893302,-0.508235178662609,-0.6082496244372915,0,-2.6396023825939565,0
4,0,1,0.3352475943728663,-0.2470001586699891,0.54297010653671,0.7137857656442957,-1.0414803807252215,-0.7686435442414171,-0.16767640911658552,-0.269767736495705,0,-2.247568070578929,0
5,0,1,-1.5888495758805652,-1.5077408213017613,0.19261651149360004,-0.52744007335486,-0.9030800538475822,-1.1104497203212722,-1.4530111199838356,-1.2852134003204645,1,-4.751754294473154,1
0,0,0,-1.1612724269353583,-0.9437252617033369,-1.2087978686788396,1.7288068956669698,-0.7800575410674583,-1.1104497203212722,-1.1563954174760087,-1.10058691598869,0,-4.147489594853429,0
2,0,1,0.15709044897903002,-0.34653231624618164,-1.5591514637219497,-0.19103307026163086,-0.0419224643867147,-0.0622441136763831,-0.3983775110671176,0.6225936044412047,0,0.12004951531098929,0
1,0,0,-1.4463238595654964,-1.4413860495842996,-0.8584442736357297,0.6673847997004021,-0.8108131692624893,-0.9053660146733592,-1.4200538197051882,-1.1929001581545773,0,-4.329133161795614,0
2,1,1,-1.1969038560141254,-1.2865582489102223,-0.15773708354950988,1.4736015829755547,-0.3802343745320555,-0.5863469169988277,-1.2882246185905983,-1.0082736738228029,0,-3.2630795839442843,0
1,0,1,-0.5911695616750823,-0.31335493038745077,-0.5080906785926198,-0.4462383829530461,-0.2110784194593851,-0.0622441136763831,-0.7499220473726903,-0.7313339473251411,1,-1.7545785278335995,1
1,0,1,1.6179790412084873,2.296599423832709,-0.5080906785926198,-0.38243705478019224,2.618439374483465,2.900076079015695,1.8427189078809083,0.13025631288980624,1,7.491490674269875,1
0,1,1,-0.8762209943052203,-0.8331339755075674,1.24367729662293,-0.7536447823313417,-1.0414803807252215,-0.9737272498893302,-1.0575235166400663,-0.6390207051592539,1,-3.7117518524138724,1
1,0,0,-1.2325352850928928,-1.2865582489102223,1.24367729662293,0.11057320837367801,-0.6570350282873343,-1.1104497203212722,-0.9696373825636732,-1.0698158352667275,0,-3.806937966439007,0
0,0,1,-0.27048669996617697,-0.25805928728956606,1.5940308916660397,-0.1620324665466973,0.17336693297850217,-0.631921073809475,-0.4533063448648633,0.3456538779435431,0,-0.5662066077522931,0
3,0,0,-1.3037981432504273,-1.2865582489102223,0.8933237015798199,-1.3626574603449462,-0.7493019128724273,-0.631921073809475,-1.3431534523883442,-1.0390447545447652,1,-3.7634211936150113,1
0,1,0,1.0478761759482114,0.31701540092843533,0.8933237015798199,1.108193976167392,0.9883910801468232,1.213832277021743,0.9089287333192309,1.7303525104318513,0,4.841504600919648,0
4,1,1,-0.02106669641480624,0.32807452954801225,0.19261651149360004,-1.0204503365087303,-0.3494787463370245,-0.6774952306201224,-0.06880450828064319,0.3456538779435431,1,-0.750124607294247,1
5,0,0,-0.1992238418086425,-0.5455966313985667,0.19261651149360004,0.7311861278732559,-0.7031684705798807,0.8264519441312403,0.2607684945058312,-0.23899665577374263,0,0.1450553122834482,0
1,0,0,-0.5911695616750823,-0.5787740172572976,-1.5591514637219497,0.789187335303123,-0.5493903296047259,-0.03945703527105942,-0.4972494119030599,-0.14668341360785542,0,-1.2327801903867006,0
5,0,1,0.22835330713656452,-0.25805928728956606,0.54297010653671,-0.6492426089575809,0.9422576378542767,-0.9053660146733592,-0.2116194761547821,0.16102739361176865,1,-0.013700459362095907,1
2,1,1,-0.8762209943052203,-0.8331339755075674,-0.15773708354950988,-1.1596532343404113,-0.10343372077677666,-0.49519860337753296,-0.5521782457008056,-0.5467074629933667,1,-1.6975180328484822,1
0,0,1,-0.1992238418086425,-0.32441405900702774,1.5940308916660397,-1.6758639804662283,0.5731900995139049,0.006117121539587936,-0.2665483099525278,-0.7928761087690659,1,-0.48011719766810085,1
2,1,1,0.01456473266396101,0.18430585749351192,-1.5591514637219497,-0.5564406770697935,-0.16494497716683862,-0.5179856817828566,0.2168254274676346,-0.1774544943298178,0,-0.6435597258118785,0
4,1,1,0.01456473266396101,0.383370172645897,1.5940308916660397,-1.6700638597232418,0.32714507395365705,0.2339879055928247,0.15091082691033975,0.16102739361176865,1,0.8730712000685902,1
5,0,1,-1.1969038560141254,-0.9547843903229138,0.54297010653671,-0.07503065540189667,-0.9799691243351596,-0.9053660146733592,-0.9586516158041241,-1.0698158352667275,0,-3.9138025900793703,0
1,1,0,0.050196161742728264,-0.5124192455398359,1.5940308916660397,-1.641063256008308,-0.6877906564823653,0.6897294736992983,0.45851229617771583,0.09948523216784384,1,0.5599363455624927,1
4,1,0,1.1904018922632802,1.5335195490818998,-1.5591514637219497,-0.7942456275322486,0.8038573109766373,-0.8825789362680355,0.5463984302541091,0.5302803622753175,0,0.9979571672380283,0
1,1,1,1.4041904667358838,2.0864759800607473,0.8933237015798199,1.4040001340597141,-0.1803227912643541,2.7177794517731058,0.8539998995214851,0.25334063577765586,0,3.644797195807893,0
4,0,1,-0.5911695616750823,-0.36865057348533553,1.5940308916660397,0.0931728461447179,-0.3802343745320555,-0.38126321135091457,-0.574149779219904,-0.6390207051592539,0,-1.974668070262128,0
1,1,0,0.12145901990026277,0.4718432016025126,-0.5080906785926198,1.1603950628542723,-1.0261025666277062,0.2567749839981484,0.48048382969681414,-0.6082496244372915,0,-0.8970933773700351,0
0,0,1,-1.553218146801798,-1.4413860495842996,0.19261651149360004,1.2357966325130996,-1.118369451212799,-0.8370047794573882,-1.4200538197051882,-1.3775266424863517,0,-4.752954692861727,0
2,0,0,0.9053504596331423,1.0690361470596679,0.19261651149360004,-0.208433432490591,1.0037688942443386,0.2795620624034721,1.0517437011933697,0.5302803622753175,0,2.865355020116498,0
2,1,0,-0.02106669641480624,-0.047935843517604014,0.19261651149360004,1.3749995303447806,-0.8108131692624893,0.5074328464567088,-0.3764059775480193,-0.05437017144196819,0,-0.7341564717957679,0
5,1,1,-0.9118524233839875,-0.6340696603551823,0.8933237015798199,0.7833872145601363,-1.14912507940783,-0.631921073809475,-0.6180928462581005,-1.0082736738228029,0,-3.407412673298208,0
4,1,1,-1.0900095687778237,-1.0985530623774142,0.8933237015798199,0.7195858863872825,-0.3494787463370245,-0.2673278193242962,-1.1563954174760087,-0.6697917858812164,0,-2.442993769018546,0
5,1,0,1.4041904667358838,0.9695039894834753,0.19261651149360004,0.33677791735015966,-0.27258967584944704,-0.08503119208170677,1.8646904414000065,0.3456538779435431,0,1.8527234514123956,0
5,0,0,1.154770463184513,1.8431751504300542,0.8933237015798199,1.4968020659475014,2.6338171885809807,1.3961289042643323,1.2275159693461561,1.0841598152706409,0,6.341621877462109,0
0,1,1,-0.698063848911384,-0.7336018179313748,-0.5080906785926198,0.08157260465874447,-0.8877022397500667,-0.08503119208170677,-0.4533063448648633,-0.5159363822714043,0,-1.9419761589680409,0
2,0,1,1.2260333213420476,1.1575091760162834,0.8933237015798199,0.6615846789574154,0.603945727708936,2.2392508052613085,0.22781119422718377,0.22256955505569345,0,3.2935772822531217,0
2,0,1,-1.3750610014079618,-1.164907834094876,1.5940308916660397,0.02937151797186409,-0.5955237718972723,-0.7914306226467408,-1.1563954174760087,-1.3467555617643892,0,-3.890105373784411,0
4,0,1,-0.8049581361476857,-1.0653756765186833,-0.5080906785926198,1.5954041185782755,-0.08805590667926116,-0.22175366251364884,-1.0025946828423207,-0.5159363822714043,0,-1.828340634306635,0
5,0,1,-0.8049581361476857,-0.4681827310615281,-0.8584442736357297,-1.3974581848028664,-0.3802343745320555,-0.38126321135091457,-0.8268224146895343,-0.6082496244372915,1,-2.1965696250097957,1
5,0,1,0.5134047397667025,0.9916222467226292,-0.8584442736357297,-0.9218482838779563,1.0191467083418542,1.0543227281844771,0.019081625795749985,0.06871415144588143,1,2.1612652137679627,1
4,0,0,1.297296179499582,1.1132726615379755,1.24367729662293,1.1023938554244053,2.6953284449710426,0.9403873361578587,0.3596403953417735,1.0533887345486783,0,5.048744911019353,0
1,1,1,0.12145901990026277,-0.16958625833295046,-1.2087978686788396,1.2821975984569933,0.6347013559039669,0.849239022536564,0.5244268967350108,0.19179847433373107,0,2.2001657495092726,0
2,1,0,1.2616647504208147,2.0090620797237086,0.8933237015798199,-1.304656252915079,1.864926483705206,1.418915982669656,1.139629835269763,1.9149789947636258,1,6.338451296408251,1
3,0,0,-0.127960983651108,-0.6119514031160284,-0.15773708354950988,-0.31863572660733847,-0.3494787463370245,0.5074328464567088,-0.34344867726937184,0.09948523216784384,1,-0.08600934498184369,1
5,1,1,-1.410692430486729,-1.2423217344319144,-1.2087978686788396,1.688206050466063,-0.9799691243351596,-1.0876626419159485,-1.2882246185905983,-1.254442319598502,0,-4.610298704440209,0
0,0,0,0.47777331068793527,-0.12534974385464265,-0.5080906785926198,-0.6608428504435543,-0.36485656043454,1.7607221587495112,0.9638575671169766,-0.39285205938355466,1,1.9668711060483932,1
0,0,0,-0.27048669996617697,-0.5787740172572976,-1.2087978686788396,0.5571825055836546,0.7577238686840908,-0.6547081522147987,0.2058396607080855,-0.8851893509349531,0,-0.5763339737575756,0
5,1,1,-0.7693267070689185,-0.4460644738223742,-1.2087978686788396,0.4817809359248274,-0.8877022397500667,-0.24454074091897252,-0.6290786130176497,-0.5159363822714043,0,-2.277257975958093,0
5,1,0,1.6179790412084873,1.3233961053099377,-0.5080906785926198,-0.03442981020098971,2.7722175154586197,-0.08503119208170677,1.2824448031439017,2.5611716899248362,0,6.530802816445651,0
3,1,1,-1.4819552886442635,-1.3971495351059917,1.5940308916660397,-0.4114376584951258,-1.0107247525301906,-1.0648755635106248,-1.3101961521096968,-1.3159844810424268,1,-4.701780949192939,1
5,1,0,1.0835076050269785,1.234923076353322,-1.2087978686788396,-0.9914497327937967,-0.5955237718972723,0.8036648657259167,0.7770995322046411,0.5918225237192424,0,1.5770631497525278,0
0,1,1,1.3329276085783492,1.0911544042988217,-1.2087978686788396,-1.1596532343404113,0.5885679136114204,-0.22175366251364884,0.9309002668383292,1.3610995417683025,1,2.658814059704403,1
0,0,0,1.3329276085783492,0.26171975783055057,-1.2087978686788396,1.4388008585176344,2.7568397013611046,0.7353036305099456,1.809761607602261,0.037943070723919024,0,5.3398480101972305,0
1,1,0,0.47777331068793527,0.7040849026136285,-0.8584442736357297,-0.6434424882145942,-0.9030800538475822,-0.08503119208170677,0.2717542612653803,1.2072441381584904,1,0.4908871534945818,1
2,0,0,-0.7693267070689185,-0.9437252617033369,-0.15773708354950988,-1.5888621693214278,0.17336693297850217,-0.631921073809475,-0.8487939482086326,-0.4851653015494419,1,-1.7925133905890476,1
5,0,0,-1.2325352850928928,-0.9990209048012216,-0.5080906785926198,0.36577852106509323,-0.5493903296047259,-0.9509401714840066,-0.9586516158041241,-1.1621290774326147,0,-3.6211111943254712,0
1,1,0,-1.2325352850928928,-1.1096121909969912,1.24367729662293,0.748586490102216,-0.7646797269699428,-0.6774952306201224,-0.9806231493232224,-1.254442319598502,0,-3.6772404265117893,0
2,0,1,-0.698063848911384,-0.490300988300682,-1.2087978686788396,-1.1712534758263846,-0.6724128423848498,-0.4496244465668856,-0.8487939482086326,-0.9159604316569155,0,-2.8867916688172834,0
2,1,1,0.19272187805779725,0.17324672887393497,0.54297010653671,1.4852018244615282,-1.087613823017768,1.1910451986164192,-0.046832974761544896,0.06871415144588143,0,0.12531255228298765,0
3,0,1,1.0835076050269785,0.5271388447003973,1.5940308916660397,-1.467059633718707,2.3570165348257017,2.1481024916400138,1.6120178059303762,0.16102739361176865,1,6.278164226007861,1
3,1,0,1.4398218958146511,0.46078407298293567,0.19261651149360004,0.5571825055836546,2.8798622141412284,0.6213682384833272,1.6449751062090237,2.5611716899248362,0,7.707377248758416,0
0,0,1,0.15709044897903002,0.21748324335224276,-0.5080906785926198,-1.4322589092607867,-1.087613823017768,-1.0876626419159485,0.2168254274676346,0.06871415144588143,1,-1.8897368860202006,1
1,0,1,1.6536104702872545,2.119653365919478,1.5940308916660397,0.9051897501628572,1.265191733902102,3.0823727062582846,1.2824448031439017,2.8073403357005358,0,8.437349579004824,0
4,0,0,-0.9831152815415221,-1.0764348051382602,0.8933237015798199,-0.6376423674716074,-0.19570060536186962,-0.2901148977296199,-1.0575235166400663,-0.8851893509349531,1,-2.428528370666509,1
1,1,1,0.19272187805779725,0.31701540092843533,-0.15773708354950988,-0.3998374170091524,-0.14956716306932313,0.9176002577525351,0.5134411299754615,1.0533887345486783,1,2.334862959207352,1
2,1,1,-0.1992238418086425,0.16218760025435802,-1.2087978686788396,0.4585804529528806,0.4347897726362655,-0.4268373681615619,-0.3764059775480193,0.007171990001956621,0,-0.3612815830713591,0
1,0,1,-1.6244810049593326,-1.4745634354430304,-0.5080906785926198,1.607004360064249,-1.1337472653103144,-1.0876626419159485,-1.5408972540602288,-1.3467555617643892,0,-5.109062723050881,0
0,0,0,-0.30611812904494423,-0.4571236024419511,1.5940308916660397,1.2589971154850463,-0.11881153487429215,-0.5863469169988277,-0.3764059775480193,0.3456538779435431,0,-0.7359105514775962,0
1,1,0,1.4398218958146511,0.9031492177660136,1.24367729662293,1.1139940969103788,-1.0261025666277062,1.7379350803441875,1.8646904414000065,2.2842319634271746,0,4.8607549185436625,0
4,0,1,-0.6624324198326168,-0.25805928728956606,1.24367729662293,0.3715786418080799,-0.1803227912643541,-0.3584761329455909,-0.8268224146895343,-0.8851893509349531,0,-2.2508106898344327,0
4,0,1,0.40651045253040075,0.6819666453744746,0.8933237015798199,1.6360049637791825,0.6654569840989979,-0.3356890545402672,-0.24457677643342954,-0.269767736495705,0,-0.18457658337040386,0
3,1,1,-0.9118524233839875,-0.8220748468879905,-0.15773708354950988,0.9747911990786977,-0.4571234450196329,-1.0420884851053012,-0.7828793476513377,-0.7313339473251411,0,-3.013425225101413,0
0,0,0,1.4398218958146511,1.3233961053099377,0.19261651149360004,1.0849934931954452,2.587683746288434,-0.4724115249722093,2.1613061439078334,1.3918706224902648,0,5.6684489877143225,0
3,0,1,-1.6244810049593326,-1.574095593019223,0.19261651149360004,-0.3592365718082454,-1.14912507940783,-0.9737272498893302,-1.4969541870220322,-1.4390688039302764,1,-5.058875320249468,1
4,1,0,0.6559304560817715,0.31701540092843533,-0.5080906785926198,-1.467059633718707,1.3728364325847102,0.9859614929685061,0.3486546285822244,1.1457019767145655,1,3.853154530850006,1
0,0,1,-1.1612724269353583,-1.0985530623774142,0.8933237015798199,-1.641063256008308,-0.395612188629571,-0.7914306226467408,-1.2223100180333035,-1.1313579967106524,1,-3.540710826020268,1
0,0,1,-0.37738098720247876,-0.07005410075675791,-1.5591514637219497,0.6557845582144287,-0.19570060536186962,-0.016669956865735743,-0.32147714375027353,-0.08514125216393059,0,-0.6189889581418095,0
1,1,0,-0.413012416281246,-0.31335493038745077,-0.15773708354950988,0.4817809359248274,-0.9953469384326751,-0.9737272498893302,-0.3764059775480193,-0.7928761087690659,0,-3.1383562746390905,0
2,1,1,1.0478761759482114,1.433987391505707,1.24367729662293,0.9573908368497376,2.5415503039958875,1.2594064338323903,0.2827400280249295,0.9918465731047537,0,5.075543338957961,0
5,0,0,-1.4819552886442635,-1.319735634768953,-0.15773708354950988,1.1777954250832325,-0.9030800538475822,-0.7458564658360934,-1.409068052945639,-1.2852134003204645,0,-4.343217972949779,0
0,0,1,1.119139034105746,1.6109334494189382,-0.8584442736357297,-1.1306526306254778,-0.5493903296047259,-0.9509401714840066,0.9638575671169766,0.22256955505569345,1,-0.31390337891606246,1
5,0,0,-0.9831152815415221,-1.131730448236145,-1.2087978686788396,-0.4114376584951258,-0.19570060536186962,-0.24454074091897252,-0.651050146536748,-0.9159604316569155,1,-2.0072519244745055,0
5,0,1,0.6559304560817715,0.4718432016025126,-0.8584442736357297,1.166195183597259,0.40403414444123453,1.0087485713738298,0.2058396607080855,0.16102739361176865,0,1.7796497701349185,0
3,1,0,1.3329276085783492,1.7215247356147079,0.19261651149360004,0.6209838337565085,1.1575470352194936,-1.1104497203212722,1.9415908087168505,0.9303044116608288,0,2.9189925352759007,0
1,0,0,-0.8762209943052203,-0.8773704899858752,-0.5080906785926198,-1.4554593922327335,-0.24183404765441607,-0.8142177010520645,-0.6290786130176497,-0.6082496244372915,1,-2.2933799861614217,1
1,0,0,-0.4842752744387805,-0.711483560692221,1.5940308916660397,1.6534053260081427,-0.19570060536186962,-0.3356890545402672,-0.4642921116244125,-0.7313339473251411,0,-1.7270157188516904,0
2,0,1,0.40651045253040075,0.9584448608638984,-1.2087978686788396,-0.6434424882145942,-0.7031684705798807,0.5757940816726799,0.6782276313686988,-0.5159363822714043,0,0.03491686019009366,0
3,0,1,-1.4463238595654964,-1.3860904064864148,-0.8584442736357297,-1.5018603581766272,-0.7031684705798807,-0.7458564658360934,-1.2662530850715001,-1.1929001581545773,1,-3.908178179642052,1
1,1,0,0.3352475943728663,0.5381979733199743,0.19261651149360004,0.21497538174743877,0.5116788431238429,-0.1533924272976778,0.5354126634945598,1.1149308959926032,0,2.0086299753133283,0
1,1,1,1.4398218958146511,1.7989386359517465,-1.2087978686788396,-1.7164648256671353,1.0191467083418542,2.6722052949624584,1.6559608729685729,1.4226417032122274,0,6.7699545794851135,0
1,0,0,-1.1969038560141254,-0.9326661330837599,0.8933237015798199,-0.3650366925512321,-0.48787907321466395,-0.4724115249722093,-1.2772388518310493,-1.1929001581545773,1,-3.4304296081725,1
5,1,1,-1.1969038560141254,-1.164907834094876,0.19261651149360004,-0.5622407978127802,-1.0107247525301906,-0.631921073809475,-1.1344238839569103,-1.1621290774326147,1,-3.9391987877291905,1
1,0,0,0.727193314239306,-0.09217235799591181,0.19261651149360004,0.6963854034153356,-0.44174563092211744,-1.0193014066999775,1.3373736369416476,1.0533887345486783,0,0.9297153338682309,0
5,0,0,1.5467161830509528,2.396131581408902,-0.15773708354950988,-0.52744007335486,2.0340824387778764,0.5530070032673562,0.7990710657237394,0.4071960393874679,1,3.79335654715644,1
5,1,0,0.40651045253040075,0.14006934301520413,-0.8584442736357297,-1.3916580640598797,-1.0107247525301906,0.5074328464567088,0.7990710657237394,0.4071960393874679,1,0.7029751990377255,1
1,0,0,1.154770463184513,1.8431751504300542,0.8933237015798199,1.264797236228033,2.4492834194107944,0.5530070032673562,1.8756762081595557,1.0841598152706409,0,5.962126446108347,0
1,0,1,1.3685590376571166,0.6709075167548977,-0.5080906785926198,0.6731849204433888,-0.31872311814199356,0.9631744145631824,0.9528718003574275,0.8995333309388663,0,2.4968564277174825,0
1,0,1,0.5134047397667025,-0.03687671489802706,0.19261651149360004,-1.3916580640598797,-0.6109015859947878,-0.6547081522147987,-0.013875674482897454,0.7149068466070919,1,-0.564578566085392,1
3,0,1,1.0835076050269785,1.2791595908316298,-0.15773708354950988,1.7114065334380097,-0.36485656043454,1.0998968849951245,0.2168254274676346,1.5149549453781146,0,2.466820697406334,0
2,1,0,-0.05669812549357349,-0.1806453869525274,-0.5080906785926198,-1.5772619278354543,0.4655454008312965,0.712516552104622,0.3486546285822244,-0.4851653015494419,1,1.041551279968701,1
4,0,0,1.4398218958146511,1.2681004622120529,-1.5591514637219497,1.2299965117701128,2.4339056053132793,1.5784255315069218,1.9745481089954982,1.6688103489879265,0,7.655689594803626,0
3,0,1,1.4041904667358838,1.9869438224845546,0.8933237015798199,-0.8348464727331556,2.510794675800857,0.46185868964606147,1.1945586690675087,0.6533646851631671,1,4.820576719677594,1
4,0,1,-1.3394295723291945,-1.2423217344319144,0.8933237015798199,-0.19683319100461757,-1.0414803807252215,-1.0876626419159485,-1.2882246185905983,-1.0390447545447652,0,-4.456412395776534,0
1,1,0,0.5846675979242371,1.0911544042988217,1.5940308916660397,-0.011229327229042876,-0.33410093223950904,1.8062963155601586,-0.16767640911658552,0.6225936044412047,0,1.9271125786452687,0
5,1,0,-0.6624324198326168,-0.6451287889747592,-0.8584442736357297,0.3251776758641863,-0.07267809258174568,-0.40405028975623825,-0.2665483099525278,-0.23899665577374263,0,-0.9822733480642544,0
0,1,0,0.869719030554375,1.5003421632231688,-1.5591514637219497,1.7114065334380097,-0.8415687974575202,-0.19896658410832516,0.7001991648877971,0.6841357658851296,0,0.34379954920708133,0
3,0,0,-0.05669812549357349,-0.25805928728956606,0.54297010653671,0.30777731363522615,-0.02654465028919921,-0.9053660146733592,-0.23359100967388038,0.6841357658851296,0,-0.48136590875130925,0
1,1,1,-1.553218146801798,-1.4745634354430304,0.8933237015798199,0.23817586471938562,-0.8261909833600047,-1.0420884851053012,-1.485968420262483,-1.254442319598502,0,-4.608690208326291,0
2,0,0,0.47777331068793527,0.15112847163478108,-0.5080906785926198,-0.32443584735032516,0.7115904263915444,0.30234914080879577,0.008095859036200838,0.13025631288980624,1,1.1522917391263472,1
0,1,1,-0.413012416281246,-0.1142906152350657,1.5940308916660397,1.224196391027126,-0.27258967584944704,-0.3129019761349435,-0.508235178662609,0.09948523216784384,0,-0.9942415984791557,0
4,0,0,1.6536104702872545,1.3012778480707838,-0.15773708354950988,-0.8116459897612087,0.603945727708936,-0.24454074091897252,1.7877900740831625,1.3303284610463402,1,3.4775235219194665,1
5,0,1,-0.5199067035175478,-0.2912366731482969,0.19261651149360004,1.1313944591393388,0.48092321492881196,-0.5179856817828566,-0.44232057810531417,-0.05437017144196819,0,-0.533753216401327,0
2,0,1,-0.5911695616750823,-0.5345375027789898,-1.2087978686788396,0.8413884219900034,-0.395612188629571,-0.22175366251364884,-0.5631640124603547,-0.33130989793962984,0,-1.5118397615432044,0
0,1,0,1.6892418993660219,0.5492571019395512,0.8933237015798199,0.035171638714850795,-0.19570060536186962,-0.9509401714840066,2.435950312896562,1.1457019767145655,0,2.4350115127652514,0
1,1,0,0.01456473266396101,-0.10323148661548875,-0.8584442736357297,-0.8638470764480891,-0.2110784194593851,0.5985811600780035,-0.4093632778266667,0.19179847433373107,1,0.1699379371256828,1
4,0,1,0.299616165294099,-0.36865057348533553,-0.5080906785926198,-0.7014436956444613,0.5424344713188739,-0.8597918578627118,0.06302469283394657,-0.33130989793962984,1,-0.5856425916495211,1
5,0,0,-1.3750610014079618,-1.4082086637255689,0.54297010653671,-0.6086417637566739,-0.8723244256525512,-0.7230693874307698,-1.2113242512737543,-1.1313579967106524,1,-3.9380760610677275,1
2,1,0,1.6536104702872545,1.666229092516823,0.54297010653671,0.9805913198216843,2.495416861703341,1.9658058643974243,1.2385017361057051,0.7764490080510168,0,6.476173470257487,0
5,1,1,-0.127960983651108,-0.36865057348533553,-1.2087978686788396,0.2265756232334122,-0.5955237718972723,-0.9737272498893302,-0.6290786130176497,0.16102739361176865,0,-2.0373022411924837,0
5,0,0,-0.30611812904494423,-0.2912366731482969,1.24367729662293,0.7137857656442957,-0.9645913102376441,-1.0648755635106248,-0.24457677643342954,0.3456538779435431,0,-1.9283897722381553,0
4,0,0,1.5110847539721854,1.2128048191141683,0.8933237015798199,0.13377369134562486,0.6500791700014824,1.2594064338323903,0.6562560978496005,1.7611235911538137,0,4.326865292837287,0
3,1,1,0.0858275908214955,0.6266710022765899,-0.8584442736357297,-0.6550427297005675,0.34252288805117254,-0.3584761329455909,0.37062616210132265,-0.23899665577374263,1,0.11567626143316168,1
0,0,0,0.9053504596331423,1.6551699638972461,-1.5591514637219497,0.8297881805040299,2.0340824387778764,0.849239022536564,1.370330937220295,1.4226417032122274,0,5.676294101746963,0
2,0,0,0.40651045253040075,0.19536498611308886,0.19261651149360004,0.8935895086768837,-0.7954353551649738,-0.17617950570300148,0.019081625795749985,0.8995333309388663,0,-0.052999904133358866,0
0,0,0,1.3685590376571166,0.7151440312332055,-0.15773708354950988,-0.2780348814064315,-0.7954353551649738,1.1226839634004482,0.6123130308114039,2.1303765598173627,0,3.069938198864241,0
4,1,1,1.012244746869444,1.3455143625490915,-0.15773708354950988,-0.2316339154625378,2.403149977118248,2.1481024916400138,1.4692028380562374,1.8226657525977386,0,7.843121059412238,0
1,0,1,-0.555538132596315,-0.479241859681105,0.54297010653671,0.18597477803250523,-0.08805590667926116,-0.7914306226467408,-0.4642921116244125,-0.23899665577374263,0,-1.582775296724157,0
2,0,0,0.0858275908214955,0.17324672887393497,1.24367729662293,-1.5134605996626005,-0.44174563092211744,-0.38126321135091457,-0.34344867726937184,-0.269767736495705,1,-1.4362252560381088,1
2,1,0,-1.3037981432504273,-1.3307947633885302,-1.2087978686788396,1.6302048430361957,-0.5801459577997569,-1.0420884851053012,-1.112452350437812,-1.1929001581545773,0,-3.9275869514974477,0
1,1,1,1.4398218958146511,0.9363266036247444,1.5940308916660397,-0.37663693403720555,-0.7185462846773962,2.8772890006103715,1.2385017361057051,-0.14668341360785542,1,3.250561038430825,1
4,1,0,-0.23485527088740973,0.2285423719718197,-1.2087978686788396,-0.2142335532335777,-0.5186347014096949,-0.2901148977296199,-0.2665483099525278,-0.6390207051592539,0,-1.7143186142510967,0
5,1,0,-0.8049581361476857,-0.7667792037901057,0.54297010653671,0.08737272540173117,-0.011166836191683719,-0.38126321135091457,-0.9256943155254767,-0.7005628666031787,0,-2.0186872296712535,0
3,1,0,-1.3394295723291945,-1.3086765061493761,-0.5080906785926198,1.1313944591393388,-0.9338356820426131,-0.9509401714840066,-1.1563954174760087,-1.0390447545447652,0,-4.080216025547394,0
4,0,0,1.1904018922632802,1.5003421632231688,0.54297010653671,1.6128044808072357,2.4492834194107944,0.7580907089152693,0.9638575671169766,1.1149308959926032,0,5.286162591435644,0
5,0,1,0.0858275908214955,-0.12534974385464265,-0.8584442736357297,0.19177489877549195,0.6654569840989979,-0.10781827048703045,-0.25556254319297866,0.3456538779435431,0,0.6477300483625319,0
2,0,0,0.3352475943728663,-0.1364088724742196,-1.2087978686788396,-0.388237175523179,-0.6877906564823653,1.0543227281844771,-0.05781874152109404,-0.269767736495705,1,0.03894559368531281,1
2,1,1,-1.0543781396990566,-0.921607004464183,0.19261651149360004,1.1313944591393388,-0.2110784194593851,-0.7002823090254461,-0.8707654817277308,-0.7928761087690659,0,-2.575002318981628,0
0,1,0,-0.27048669996617697,-0.4571236024419511,-1.2087978686788396,-1.3104563736580657,-0.05730027848423019,0.5302199248620325,-0.6400643797771988,-0.08514125216393059,1,-0.25228598556332704,1
4,1,1,0.7984561723968405,0.8589127032877059,0.19261651149360004,1.4388008585176344,-0.1803227912643541,-0.4724115249722093,1.4692028380562374,-0.269767736495705,0,0.5467007853239689,0
2,0,0,0.050196161742728264,0.11795108577605022,0.19261651149360004,1.6824059297230762,0.4655454008312965,1.0543227281844771,0.07401045959349571,-0.33130989793962984,0,1.2625686906696394,0
3,0,0,-0.127960983651108,-0.5898331458768745,0.54297010653671,-0.9044479216489961,0.1118556765884402,-1.0648755635106248,0.06302469283394657,-0.3620809786615922,1,-1.2520761727498302,1
4,0,0,0.9766133177906767,1.478223905984015,-1.2087978686788396,1.1777954250832325,1.234436105707071,1.4417030610749797,0.6562560978496005,1.484183864656152,0,4.816579129287803,0
3,0,1,-1.6244810049593326,-1.4635043068234534,1.24367729662293,0.1047730876306913,-1.1645028935053454,-0.9965143282946539,-1.551883020819778,-1.408297723208314,0,-5.121197965828092,0
1,1,1,0.3352475943728663,0.5713753591787052,0.54297010653671,1.4214004962886744,-0.3802343745320555,0.6441553168886509,0.9418860335978783,1.1457019767145655,0,2.351508952669039,0
4,0,0,-0.09232955457234074,-0.479241859681105,0.19261651149360004,1.3517990473728339,-0.6877906564823653,-0.22175366251364884,0.1399250601507906,0.6533646851631671,0,-0.11625457368205638,0
3,0,1,1.3685590376571166,0.46078407298293567,0.19261651149360004,0.968991078335711,0.6962126122940289,-0.631921073809475,1.0517437011933697,0.8379911694949416,0,1.954026409172865,0
1,0,1,-1.1612724269353583,-1.2312626058123375,0.8933237015798199,0.8529886634759768,-1.0414803807252215,-1.0876626419159485,-1.1563954174760087,-1.254442319598502,0,-4.5399807597156805,0
2,0,0,-0.7336952779901512,-0.8994887472250291,-1.2087978686788396,-0.06923053465890996,-0.33410093223950904,-0.3584761329455909,-0.354434444028921,-0.4851653015494419,0,-1.532176810763463,0
4,1,0,0.9409818887119096,1.035858761200937,1.5940308916660397,-0.10403125911683023,0.3579007021486881,0.37071037602476675,1.5351174386135322,0.4687382008313927,0,2.7324667176183794,0
1,1,0,1.154770463184513,0.5824344877982821,0.54297010653671,-1.4612595129757202,-0.28796748994696253,1.7151480019388639,1.5351174386135322,-0.08514125216393059,1,2.8771566984415027,1
4,1,0,-0.30611812904494423,-0.6340696603551823,-1.2087978686788396,0.7311861278732559,0.38865633034371905,0.712516552104622,0.10696775987214316,0.16102739361176865,0,1.369168035932253,0
4,0,1,1.0478761759482114,1.7768203787125927,-0.8584442736357297,-0.6840433334155012,1.895682111900237,1.487277217885627,0.7770995322046411,0.22256955505569345,1,4.382628417046199,1
2,0,1,1.5467161830509528,1.6441108352776692,0.8933237015798199,-0.20263331174760427,-0.9645913102376441,-0.24454074091897252,1.4362455377775898,1.2380152188804527,0,1.465128705501426,0
1,0,0,-1.5175867177230307,-1.4082086637255689,0.8933237015798199,1.5780037563493154,-0.7800575410674583,-0.8597918578627118,-1.4530111199838356,-1.254442319598502,0,-4.347302838512508,0
0,0,1,-1.6244810049593326,-1.5298590785409152,-1.2087978686788396,1.30539808142894,-1.0568581948227371,-1.1332367987265959,-1.4639968867433848,-1.469839884652239,0,-5.123931764944956,0
2,0,1,0.37087902345163354,0.7925579315702441,-0.5080906785926198,0.5455822640976812,1.3420808043896792,1.350554747453685,0.8539998995214851,0.6841357658851296,0,4.230771217249979,0
3,0,1,1.2260333213420476,1.7325838642342848,1.5940308916660397,-0.8812474386770492,2.3877721630207325,-0.8142177010520645,0.8539998995214851,0.8995333309388663,1,3.3270876924290196,1
5,0,1,0.9053504596331423,0.31701540092843533,0.19261651149360004,-0.8580469557051024,0.06572223429589373,-0.1533924272976778,0.9528718003574275,-0.08514125216393059,1,0.7800603551917129,1
3,1,0,1.297296179499582,0.30595627230885836,0.19261651149360004,1.7230067749239832,1.3728364325847102,-0.3356890545402672,1.809761607602261,2.315003044149137,0,5.161912029795841,0
4,1,0,1.5467161830509528,0.5603162305591282,-0.15773708354950988,1.1777954250832325,2.6645728167760114,-0.9053660146733592,2.117363076869637,-0.05437017144196819,0,3.822199707530321,0
1,1,1,-1.6601124340380997,-1.574095593019223,-0.5080906785926198,1.3227984436579001,-1.0568581948227371,-1.0193014066999775,-1.4969541870220322,-1.4390688039302764,0,-5.012182592475023,0
0,0,0,-0.840589565226453,-0.8441931041271443,-0.8584442736357297,1.345998926629847,0.03496660610086275,-0.8597918578627118,-0.5631640124603547,-0.7621050280471036,0,-2.1500942922693076,0
1,1,1,-0.9831152815415221,-1.0653756765186833,-0.8584442736357297,1.5142024281764617,-0.9030800538475822,-0.8597918578627118,-1.1454096507164595,-1.0082736738228029,0,-3.9165552362495566,0
0,0,0,0.869719030554375,0.08477369991731938,-1.5591514637219497,-0.37663693403720555,1.5419923876573807,0.1656266703768537,0.9309002668383292,-0.14668341360785542,1,2.491835911264708,1
4,1,1,0.727193314239306,0.4718432016025126,0.8933237015798199,-1.3742577018309194,1.6035036440474426,-0.5407727601881803,0.8210425992428376,-0.30053881721766745,1,1.5832346658844325,1
1,1,1,1.3329276085783492,1.489283034603592,-0.5080906785926198,0.18017465728951854,0.5424344713188739,1.8746575507761296,1.084701001472017,0.8379911694949416,0,4.339784193061962,0
2,1,0,1.1904018922632802,0.615611873657013,-0.8584442736357297,-0.5042395903829131,-1.0722360089202525,2.6038440597464874,0.4035834623799701,0.8995333309388663,1,2.834724844145071,1
0,0,1,-0.127960983651108,0.11795108577605022,0.8933237015798199,-1.641063256008308,0.8038573109766373,-1.0420884851053012,-0.6290786130176497,-0.7621050280471036,1,-1.6294148151934171,1
1,0,0,0.6559304560817715,0.48290233022208956,-1.5591514637219497,1.2125961495411528,-0.2110784194593851,1.282193512237714,0.8539998995214851,1.3303284610463402,0,3.255443453346154,0
3,1,0,-0.9474838524627548,-0.7667792037901057,-0.15773708354950988,-0.3998374170091524,-0.10343372077677666,-0.7002823090254461,-1.035551983120968,-0.9159604316569155,1,-2.7552284445801063,1
1,1,1,-1.2325352850928928,-1.142789576855722,0.54297010653671,-0.32443584735032516,-0.8108131692624893,-1.0876626419159485,-0.9806231493232224,-1.1621290774326147,1,-4.041228037934275,1
0,0,0,-0.555538132596315,-0.8110157182684135,0.54297010653671,-1.3568573396019594,-0.16494497716683862,-0.4496244465668856,-0.15669064235703636,-0.023599090720005784,1,-0.7948591568107664,1
0,1,0,-0.4842752744387805,-0.269118415909143,0.54297010653671,1.1429947006253123,-0.9492134961401286,-0.8825789362680355,-0.31049137699072443,-0.39285205938355466,0,-2.535135868782443,0
1,1,0,-0.6624324198326168,-0.34653231624618164,0.8933237015798199,-0.017029447972029585,-0.10343372077677666,-0.7002823090254461,-0.8158366479299851,-0.8544182702129908,0,-2.4739709479451983,0
2,1,1,0.6915618851605387,0.814676188809398,0.19261651149360004,0.18597477803250523,0.7731016827816063,-0.08503119208170677,0.5793557305327565,-0.023599090720005784,0,1.2438271305126503,0
5,1,0,1.5110847539721854,1.4561056487448611,0.19261651149360004,0.8181879390180565,0.019588792003347264,1.8062963155601586,1.8976477416786541,0.06871415144588143,0,3.7922470006880413,0
0,1,0,-1.7313752921956342,-1.5851547216388,1.5940308916660397,-1.5598615656064942,-1.1029916371152835,-1.1332367987265959,-1.6068118546175236,-1.5006109653742012,1,-5.3436512558336045,1
4,0,0,0.6559304560817715,0.15112847163478108,-0.5080906785926198,-1.0088500950227568,-0.5493903296047259,0.05169127835023529,0.3486546285822244,1.2380152188804527,1,1.0889707962081865,1
3,1,0,1.4041904667358838,1.257041333592476,-0.5080906785926198,-0.388237175523179,1.4804811312673187,1.6923609235335402,1.3923024707393934,0.3148827972215807,1,4.880027322761833,1
1,1,0,0.6559304560817715,0.8367944460485519,0.8933237015798199,-1.1944539587983316,-0.5647681437022414,-0.1533924272976778,1.3483594037011968,1.1457019767145655,1,1.7759008094158433,1
0,0,0,0.869719030554375,1.1022135329183986,0.54297010653671,1.607004360064249,2.0802158810704228,1.4644901394803034,0.19485389394853633,1.7611235911538137,0,5.500683505653076,0
5,1,0,1.4754533248934183,1.4229282628861302,-0.5080906785926198,-0.4230378999810992,1.7265261568275665,0.6213682384833272,1.0187864009147223,0.4379671201094303,1,3.804647916335046,1
1,0,0,-0.16359241272987524,-0.269118415909143,-0.5080906785926198,-0.7652450238173151,0.450167586733781,-1.1332367987265959,-0.06880450828064319,-0.33130989793962984,1,-1.0831836182130878,1
4,0,1,-0.02106669641480624,0.4939614588416665,1.24367729662293,0.06417224242978434,0.9115020096592457,-0.13060534889235412,-0.07979027504019233,-0.115912332885893,0,0.5851940528408063,0
2,0,0,-0.1992238418086425,0.2285423719718197,-0.8584442736357297,1.345998926629847,-0.7339240987749118,0.8036648657259167,-0.4642921116244125,0.5302803622753175,0,0.13572901760190986,0
0,0,0,1.012244746869444,0.8367944460485519,1.24367729662293,-0.5332401940978467,-0.13418934897180765,0.46185868964606147,1.809761607602261,1.2072441381584904,1,3.3446750864350054,1
5,1,0,0.01456473266396101,-0.1806453869525274,1.5940308916660397,1.3923998925737406,-0.9338356820426131,0.07447835675555897,-0.046832974761544896,-0.14668341360785542,0,-1.0528737136564543,0
4,0,0,-0.4842752744387805,-0.8331339755075674,0.54297010653671,1.125594338396352,0.31176725985614157,0.5302199248620325,-0.3324629105098227,-0.14668341360785542,0,0.36284086060049603,0
1,1,0,0.0858275908214955,0.2948971436892814,0.19261651149360004,1.6766058089800895,1.20368047751204,-1.0193014066999775,-0.024861441242446602,0.5610514429972799,0,0.7205690725668958,0
4,1,0,-1.7313752921956342,-1.6183321074975308,0.8933237015798199,0.9573908368497376,-1.0568581948227371,-1.1104497203212722,-1.5958260878579746,-1.5006109653742012,0,-5.263744968376185,0
3,0,1,1.4041904667358838,0.383370172645897,0.8933237015798199,-0.4752389866679796,1.6803927145350201,2.8772890006103715,1.5131459050944338,1.6380392682659641,1,7.708866888505789,1
3,1,0,0.6559304560817715,0.21748324335224276,-1.2087978686788396,0.5455822640976812,-0.5032568873121794,0.2567749839981484,1.3044163366630002,0.3148827972215807,0,1.3728172305705497,0
2,1,0,-1.553218146801798,-1.4192677923451458,-0.5080906785926198,0.36577852106509323,-1.0414803807252215,-1.0193014066999775,-1.3541392191478934,-1.2236712388765396,0,-4.638592245449632,0
0,0,0,-0.9118524233839875,-0.689365303453067,-1.5591514637219497,0.3599784003221065,-0.5340125155072104,-0.6547081522147987,-0.5961213127390023,-0.6082496244372915,0,-2.393091604898303,0
0,1,0,-0.16359241272987524,-0.08111322937633486,0.54297010653671,0.2439759854623723,0.40403414444123453,0.849239022536564,-0.44232057810531417,-0.05437017144196819,0,0.7565824174305162,0
4,0,0,-1.4463238595654964,-1.2423217344319144,-0.15773708354950988,0.5861831092985882,-0.8108131692624893,-0.9053660146733592,-1.2223100180333035,-1.254442319598502,0,-4.192931521567655,0
4,1,1,1.4754533248934183,1.6551699638972461,-0.8584442736357297,0.18597477803250523,2.495416861703341,0.37071037602476675,2.0953915433505386,0.3764249586655055,0,5.337943739744152,0
3,0,1,-1.0187467106202892,-1.1870260913340298,-1.5591514637219497,1.5142024281764617,-0.9492134961401286,-0.5407727601881803,-1.167381184235558,-0.8236471894910283,0,-3.4810146300548954,0
4,0,1,1.6536104702872545,2.0090620797237086,0.19261651149360004,1.067593130966485,1.0960357788294317,2.4671215893145453,2.501864913453857,0.4687382008313927,0,6.533760482429226,0
0,0,1,0.15709044897903002,0.3391336581675892,-1.2087978686788396,-1.5540614448635075,0.09647786249092472,-0.22175366251364884,0.1399250601507906,0.19179847433373107,0,0.20644773446179754,0
4,1,1,-1.3394295723291945,-1.2976173775297992,-1.5591514637219497,0.9457905953637641,-0.5647681437022414,-1.0876626419159485,-1.101466583678263,-1.10058691598869,0,-3.854484285285143,0
1,1,1,1.012244746869444,0.4386658157437818,-1.5591514637219497,-0.04022993094397642,2.049460252875392,1.6467867667228928,1.2055444358270577,0.868762250216904,0,5.770553705642247,0
2,1,0,-0.27048669996617697,-0.700424432072644,-0.8584442736357297,-0.5100397111258999,-0.0419224643867147,0.34792329761944313,0.19485389394853633,-0.7005628666031787,1,-0.1997081394219139,1
0,1,0,-0.4486438453600132,-0.2027636441916813,-0.8584442736357297,0.31937755512119953,0.32714507395365705,-1.1332367987265959,-0.7169647470940428,-0.7313339473251411,0,-2.2543904191921227,0
3,1,0,1.297296179499582,1.057977018440091,-0.5080906785926198,-1.3394569773729992,-0.5340125155072104,-0.9509401714840066,1.754832773804515,-0.05437017144196819,1,0.2155099153713298,1
3,0,0,-1.3394295723291945,-1.3307947633885302,0.54297010653671,-1.4612595129757202,-0.9184578679450977,-0.9965143282946539,-1.2332957847928527,-1.3467555617643892,1,-4.495023542796993,1
1,1,1,0.6202990270030043,0.18430585749351192,-0.15773708354950988,0.789187335303123,-0.8415687974575202,-0.5407727601881803,0.9528718003574275,0.19179847433373107,0,-0.237671282954542,0
1,1,0,1.4398218958146511,0.9805631181030523,1.5940308916660397,-1.4322589092607867,2.7107062590685578,0.9631744145631824,1.2055444358270577,1.8226657525977386,1,6.7020908620565365,1
0,0,0,-0.7336952779901512,-0.4239462165832203,0.8933237015798199,-0.7072438163874479,-0.28796748994696253,-0.6774952306201224,-0.585135545979453,-0.9159604316569155,1,-2.4665586982034537,1
0,1,1,-1.3750610014079618,-1.3418538920081071,-1.2087978686788396,1.3169983229149136,-0.6570350282873343,-0.9965143282946539,-1.409068052945639,-1.0698158352667275,0,-4.132433244794354,0
1,1,1,-0.02106669641480624,0.19536498611308886,0.19261651149360004,-0.48103910741096634,-0.8108131692624893,-0.7914306226467408,0.04105315931484828,0.13025631288980624,1,-1.4309343197045756,1
5,0,1,1.6536104702872545,1.057977018440091,1.24367729662293,0.2787767099202926,1.172924849317009,-0.9965143282946539,1.1066725349911155,0.5610514429972799,0,1.8441344990107507,0
2,1,1,0.6915618851605387,0.9584448608638984,-0.15773708354950988,0.5165816603827477,0.1426113047834712,0.09726543516088265,0.06302469283394657,0.868762250216904,0,1.1716636829952045,0
1,0,0,-0.3417495581237115,-0.6672470462139132,1.5940308916660397,-0.2896351228924049,0.37327851624620356,0.05169127835023529,-0.4752778783839616,-0.05437017144196819,0,-0.10467825522949097,0
0,0,1,0.0858275908214955,-0.2470001586699891,1.5940308916660397,1.3111982021719268,1.234436105707071,0.4162845328354141,-0.34344867726937184,0.06871415144588143,0,1.3759861127189945,0
1,1,0,0.7984561723968405,0.4497249443633587,0.54297010653671,-0.0054292064860561665,1.6803927145350201,0.09726543516088265,0.08499622635304487,-0.39285205938355466,0,1.4698023166653928,0
1,0,0,0.5134047397667025,0.37231104402632004,0.8933237015798199,1.247396873999073,-0.1803227912643541,1.1454710418057719,-0.1896479426356838,-0.30053881721766745,0,0.4749614906880664,0
4,0,1,-1.5888495758805652,-1.5187999499213383,-1.2087978686788396,0.9341903538777907,-1.0261025666277062,-1.0193014066999775,-1.4310395864647374,-1.4390688039302764,0,-4.915512363722698,0
3,1,1,0.050196161742728264,-0.014758457658873165,1.5940308916660397,-0.9740493705648365,-0.08805590667926116,0.006117121539587936,0.052038926074397425,0.037943070723919024,1,0.008043211658643218,1
4,1,1,-0.8049581361476857,-0.6561879175943363,1.24367729662293,-0.9160481631349695,-0.25721186175193156,-0.03945703527105942,-0.7389362806131411,-1.1313579967106524,1,-2.1669631743467845,1
1,0,1,0.9766133177906767,0.9031492177660136,-0.8584442736357297,0.11637332911666473,-0.6109015859947878,-0.6547081522147987,0.7770995322046411,0.8072200887729791,0,0.3187098827680337,0
2,0,0,-0.7336952779901512,-0.9547843903229138,-1.2087978686788396,-0.7188440578734214,0.06572223429589373,-1.0648755635106248,-0.6290786130176497,-1.0698158352667275,1,-2.6980477774991085,1
4,0,0,1.5110847539721854,2.18600813763694,-0.8584442736357297,1.3749995303447806,3.0643959833114143,-0.9509401714840066,0.6892133981282479,1.0841598152706409,0,3.8868290252262963,0
3,1,1,0.01456473266396101,0.31701540092843533,-0.8584442736357297,-0.5216399526118732,0.9115020096592457,0.37071037602476675,0.22781119422718377,0.8072200887729791,1,2.3172436686841755,1
4,1,1,-0.27048669996617697,0.10689195715647327,1.24367729662293,1.4446009792606211,-0.5647681437022414,0.37071037602476675,0.2168254274676346,0.4379671201094303,0,0.4607347798995903,0
3,0,0,-1.410692430486729,-1.4413860495842996,-0.5080906785926198,0.7949874560461097,-0.7031684705798807,-0.6774952306201224,-1.3870965194265408,-1.254442319598502,0,-4.022202540225045,0
2,0,0,0.5134047397667025,0.11795108577605022,-0.15773708354950988,1.2125961495411528,1.0037688942443386,-0.0622441136763831,-0.2116194761547821,1.1149308959926032,0,1.8448362004057766,0
3,1,0,0.47777331068793527,0.8699718319072828,-0.5080906785926198,-0.4636387451820062,0.7115904263915444,1.4644901394803034,0.095981993112594,-0.3620809786615922,1,1.9099815803228497,1
2,1,0,0.8340876014756078,0.814676188809398,0.8933237015798199,1.3575991681158204,-0.16494497716683862,1.7379350803441875,0.06302469283394657,0.3148827972215807,0,1.9508975932328763,0
4,0,0,1.297296179499582,1.8763525362887852,-0.5080906785926198,-1.1770535965693714,0.21950037527104865,2.7405665301784294,2.1503203771482844,-0.05437017144196819,1,5.0560171111557946,1
0,1,0,1.4754533248934183,1.057977018440091,0.54297010653671,-0.9392486461069164,-0.41099000272708647,2.5126957461251926,0.6013272640518548,1.7611235911538137,1,4.464156598603775,1
1,0,1,0.40651045253040075,0.5050205874612435,1.24367729662293,1.2763974777140066,0.5731900995139049,-0.3584761329455909,0.052038926074397425,-0.08514125216393059,0,0.1816116404787808,0
1,1,0,-1.3750610014079618,-1.164907834094876,1.5940308916660397,-1.6062625315503878,-0.8415687974575202,-0.7458564658360934,-1.3761107526669916,-1.10058691598869,1,-4.064122931949296,1
1,1,1,0.6915618851605387,0.5713753591787052,0.54297010653671,1.3749995303447806,0.03496660610086275,-0.631921073809475,0.5024553632159124,0.16102739361176865,0,0.06652828911906883,0
5,0,1,-0.4486438453600132,-0.5566557600181437,-1.5591514637219497,-0.16783258728968403,-0.011166836191683719,0.37071037602476675,-0.27753407671207697,-0.5159363822714043,0,-0.4339269191503982,0
0,0,0,-0.05669812549357349,0.12901021439562718,0.54297010653671,-0.7014436956444613,-0.9030800538475822,0.32513621921411945,0.3816119288608718,-0.7005628666031787,1,-0.8968947723757695,1
2,0,1,0.9766133177906767,0.7704396743310902,-0.8584442736357297,-0.388237175523179,0.6808347981965134,-0.563559838593504,0.45851229617771583,1.7918946718757762,1,2.3676819276565015,1
1,1,1,0.8340876014756078,0.2285423719718197,-0.5080906785926198,1.7346070164099565,1.3882142466822258,0.849239022536564,0.17288236042943803,-0.023599090720005784,0,2.386736538928222,0
1,1,0,0.6915618851605387,1.2681004622120529,0.8933237015798199,-0.8116459897612087,2.0033268105828452,-0.38126321135091457,1.3813167039798442,-0.115912332885893,1,2.887467970325882,1
1,1,0,-0.05669812549357349,-0.2912366731482969,-1.5591514637219497,0.20917526100445208,1.0345245224393695,0.32513621921411945,-0.13471910883793806,0.007171990001956621,0,1.2321136228175076,0
3,1,0,0.26398473621533175,0.604552745037436,1.5940308916660397,-0.9624491290788632,0.1426113047834712,-0.5179856817828566,0.8210425992428376,0.6225936044412047,1,1.0682618266846569,1
5,1,0,-1.0900095687778237,-0.9105478758446061,1.24367729662293,-0.48683922815395303,-0.44174563092211744,-0.3584761329455909,-0.9476658490445748,-1.0390447545447652,1,-2.786932367457048,1
4,0,0,1.154770463184513,1.046917889820514,-1.5591514637219497,-1.2640554077141721,-0.9338356820426131,-0.8597918578627118,0.17288236042943803,0.4995092815533551,1,-1.1212358979225319,1
0,0,1,-1.4463238595654964,-1.363972149247261,0.19261651149360004,0.0931728461447179,-1.0414803807252215,-0.9737272498893302,-1.2332957847928527,-1.3159844810424268,0,-4.564487896449831,0
3,0,0,0.15709044897903002,-0.3907688307244894,-0.8584442736357297,0.8413884219900034,0.2963894457586261,0.6897294736992983,-0.25556254319297866,0.13025631288980624,0,0.8608126891547518,0
5,0,0,-1.3037981432504273,-1.2976173775297992,-0.8584442736357297,0.5629826263266413,-0.8415687974575202,-1.0193014066999775,-1.1563954174760087,-1.0390447545447652,0,-4.0563103761782715,0
4,0,0,-0.4842752744387805,-0.31335493038745077,-0.8584442736357297,-1.3684575810879327,-0.24183404765441607,-0.17617950570300148,-0.15669064235703636,-0.1774544943298178,1,-0.7521586900442716,1
2,1,1,-1.0543781396990566,-0.9105478758446061,-1.5591514637219497,-0.19683319100461757,-1.0414803807252215,-0.7914306226467408,-0.7718935808917886,-1.2236712388765396,0,-3.8284758231402902,0
4,1,0,0.40651045253040075,0.7483214170919363,0.19261651149360004,-0.8000457482752353,0.2963894457586261,-0.6774952306201224,0.1618965936698889,1.022617653826716,1,0.8034084626351086,1
0,1,0,1.5110847539721854,1.8542342790496311,-1.5591514637219497,-1.5598615656064942,-0.05730027848423019,1.418915982669656,0.9418860335978783,0.9303044116608288,0,3.233806149444133,0
3,1,1,0.01456473266396101,-0.5345375027789898,0.19261651149360004,1.3865997718307541,0.9115020096592457,0.09726543516088265,-0.4862636451435107,0.7764490080510168,0,1.2989528077276344,0
0,0,1,0.6915618851605387,-0.12534974385464265,-1.2087978686788396,0.5919832300415748,0.23487818936856414,-0.4268373681615619,0.6892133981282479,0.8072200887729791,0,1.3044743081082293,0
3,0,1,0.0858275908214955,0.30595627230885836,-1.5591514637219497,-0.11563150060280364,0.41941195853875,0.32513621921411945,-0.38739174430756845,-0.42362314010551705,0,-0.06646670666021598,0
3,0,0,-1.4819552886442635,-1.363972149247261,-0.15773708354950988,-0.2316339154625378,-0.7339240987749118,-1.0648755635106248,-1.4530111199838356,-1.1313579967106524,0,-4.383168778980025,0
4,1,1,1.5467161830509528,1.1685683046358604,0.54297010653671,1.4214004962886744,3.0490181692138987,-0.19896658410832516,1.2494875028652543,2.22268980198325,0,6.3222288899540775,0
4,1,1,-0.8762209943052203,-0.7336018179313748,-1.2087978686788396,-1.2060542002843049,-0.303345304044478,-1.1104497203212722,-0.6949932135749445,-0.6390207051592539,0,-2.747808943099949,0
2,0,0,-1.26816671417166,-1.131730448236145,0.8933237015798199,-1.2350548039992384,-1.1645028935053454,-0.5863469169988277,-1.255267318311951,-1.1313579967106524,1,-4.137475125526777,1
1,0,1,-1.1612724269353583,-0.9769026475620677,0.19261651149360004,0.8645889049619502,-0.5032568873121794,-1.0876626419159485,-1.244281551552402,-0.7005628666031787,0,-3.5357639473837086,0
3,0,1,0.9766133177906767,0.5381979733199743,0.54297010653671,0.7369862486162426,-0.44174563092211744,0.5074328464567088,0.23879696098673292,1.1149308959926032,0,1.4194150725139276,0
3,0,1,-1.0543781396990566,-0.8552522327467212,0.54297010653671,0.3251776758641863,-0.28796748994696253,-1.0420884851053012,-1.090480816918714,-0.6697917858812164,0,-3.090328577852194,0
0,1,1,1.154770463184513,0.26171975783055057,1.5940308916660397,0.24977610620535903,2.6645728167760114,0.8948131793472114,0.4035834623799701,0.037943070723919024,0,4.000912529227112,0
2,1,1,-0.23485527088740973,0.18430585749351192,-1.2087978686788396,-1.6990644634381753,0.8192351250741527,0.5074328464567088,-0.5961213127390023,0.25334063577765586,0,0.9838872945695152,0
2,1,0,-0.9831152815415221,-1.120671319616568,0.8933237015798199,-0.06923053465890996,-0.8415687974575202,-0.3356890545402672,-0.8927370152468291,-1.0698158352667275,0,-3.139810702511344,0
3,0,1,0.9409818887119096,0.7925579315702441,1.5940308916660397,1.7114065334380097,2.2647496502406086,1.8974446291814533,0.9638575671169766,1.2687862996024153,0,6.394838146141454,0
0,1,1,1.5110847539721854,1.5777560635602075,-0.15773708354950988,-1.44385915074676,2.5723059321909187,0.4162845328354141,2.271163811503325,0.3456538779435431,1,5.605408154473201,1
5,1,0,0.299616165294099,0.14006934301520413,0.19261651149360004,1.688206050466063,0.41941195853875,1.2366193554270666,0.4914695964563633,-0.08514125216393059,0,2.062359658258249,0
5,1,1,-1.125640997856591,-1.131730448236145,-1.2087978686788396,-0.9160481631349695,-0.6570350282873343,-0.6547081522147987,-1.0245662163614189,-1.254442319598502,1,-3.5907517164620537,1
0,1,0,0.6559304560817715,0.48290233022208956,1.5940308916660397,0.49918129815378753,-0.7954353551649738,0.849239022536564,0.1399250601507906,0.3764249586655055,0,0.5701536861878864,0
4,0,1,-1.0543781396990566,-0.7667792037901057,1.5940308916660397,-0.9740493705648365,-0.2264562335569006,-0.9281530930786829,-1.0465377498805173,-1.2236712388765396,1,-3.42481831539264,1
0,1,0,1.119139034105746,0.6377301308961668,0.54297010653671,0.9631909575927242,-0.4725012591171484,1.6695738451282165,0.3596403953417735,2.1919187212612874,0,3.748631702614129,0
4,1,0,0.9409818887119096,0.2285423719718197,-0.8584442736357297,-0.22583379471955112,-0.2264562335569006,0.006117121539587936,0.03006739255529913,0.5610514429972799,0,0.37077972353526645,0
5,1,0,0.9409818887119096,0.4276066871242048,-1.5591514637219497,-0.3534364510652587,-0.5340125155072104,2.1708895700453374,1.5570889721326304,-0.269767736495705,1,2.9241982901750525,1
1,0,0,-1.553218146801798,-1.5187999499213383,-0.8584442736357297,0.9225901123918173,-0.9953469384326751,-1.0193014066999775,-1.3761107526669916,-1.3159844810424268,0,-4.706743578842071,0
5,0,0,0.727193314239306,0.3391336581675892,-0.5080906785926198,0.8703890257049369,2.0802158810704228,0.6669423952939746,0.6232987975709531,0.09948523216784384,0,3.469942306103194,0
2,0,0,-0.413012416281246,-0.16958625833295046,-0.15773708354950988,-1.3162564944010524,0.6347013559039669,-0.9053660146733592,-0.7389362806131411,-0.42362314010551705,1,-1.4332240794880504,1
1,1,1,0.050196161742728264,0.593493616417859,-0.15773708354950988,-1.1190523891395043,-0.9799691243351596,-0.3584761329455909,0.33766886182267525,-0.3620809786615922,1,-1.3628573741196675,1
4,1,0,0.15709044897903002,0.5603162305591282,0.54297010653671,0.06417224242978434,0.9576354519517922,0.1656266703768537,-0.0028899077233483085,0.6841357658851296,0,1.8045079804904272,0
3,0,0,-0.8762209943052203,-0.9769026475620677,-0.15773708354950988,1.0617930102234983,-0.14956716306932313,-0.5863469169988277,-0.9476658490445748,-0.7313339473251411,0,-2.414913876437867,0
0,1,1,0.7984561723968405,0.9805631181030523,1.24367729662293,0.2961770721492527,1.4035920607797412,-1.1104497203212722,0.4914695964563633,-0.14668341360785542,0,0.6379285233069769,0
3,0,0,1.297296179499582,1.7657612500930155,0.8933237015798199,0.928390233134804,-1.087613823017768,-0.7230693874307698,0.45851229617771583,-0.05437017144196819,1,-1.40654108571279,0
3,0,0,1.4041904667358838,0.8367944460485519,0.8933237015798199,1.1197942176533655,0.6500791700014824,1.3277676690483613,2.183277677426932,0.6225936044412047,0,4.78371812091798,0
4,0,0,-1.6601124340380997,-1.5851547216388,0.8933237015798199,0.49338117741080084,-1.0722360089202525,-1.0648755635106248,-1.5189257205411306,-1.3467555617643892,0,-5.002792854736397,0
2,1,1,-0.6268009907538495,-0.490300988300682,-0.5080906785926198,1.1951957873121926,-0.27258967584944704,-0.9965143282946539,-0.3983775110671176,-0.023599090720005784,0,-1.6910806059312244,0
1,1,0,0.442141881609168,0.2948971436892814,0.19261651149360004,0.9863914405646711,-0.2264562335569006,-0.4496244465668856,0.2058396607080855,-0.5467074629933667,0,-1.0169484824090675,0
0,1,0,0.6915618851605387,0.9363266036247444,0.54297010653671,0.36577852106509323,0.9730132660493077,0.9403873361578587,0.6782276313686988,0.6841357658851296,0,3.275763999460995,0
2,0,1,-1.0543781396990566,-0.7778383324096827,-1.2087978686788396,-0.04603005168696313,-0.8415687974575202,-0.563559838593504,-0.7938651144108868,-0.7005628666031787,0,-2.8995566170650897,0
3,1,0,0.9053504596331423,1.234923076353322,1.24367729662293,-0.11563150060280364,1.7880374132176284,2.193676648450661,1.139629835269763,0.037943070723919024,0,5.159286967661972,0
1,0,0,1.119139034105746,0.26171975783055057,-1.2087978686788396,0.052572000943810926,-0.4571234450196329,0.14283959197153,0.9858291006360749,0.8379911694949416,0,1.5095364170829135,0
3,1,1,1.4754533248934183,0.8920900891464366,-0.5080906785926198,-1.2756556492001454,0.8653685673666992,2.3987603540985742,0.41456922913951927,0.3456538779435431,1,4.024352028548336,1
3,0,0,-0.4486438453600132,-0.33547318762660466,1.5940308916660397,-1.3684575810879327,-0.5186347014096949,0.028904199944911613,-0.38739174430756845,-0.6082496244372915,1,-1.4853718702096432,1
1,0,0,-0.6624324198326168,-0.689365303453067,0.19261651149360004,1.5432030318913952,-0.36485656043454,-0.9737272498893302,-0.574149779219904,-0.7928761087690659,0,-2.7056096983128404,0
4,1,0,1.6536104702872545,1.8321160218104773,-0.15773708354950988,-1.4960602374336405,-1.0414803807252215,-1.1104497203212722,2.3700357123392672,2.161147640539325,1,2.379253251832098,1
5,0,0,-0.127960983651108,-0.08111322937633486,0.8933237015798199,1.647605205265156,0.37327851624620356,-0.13060534889235412,-0.6400643797771988,-0.3620809786615922,0,-0.7594721910849416,0
4,0,1,-0.4486438453600132,-0.2912366731482969,1.24367729662293,1.5026021866904882,-0.5493903296047259,-0.08503119208170677,-0.7609078141322394,-0.7005628666031787,0,-2.095892202421851,0
4,0,0,-1.6601124340380997,-1.563036464399646,1.5940308916660397,0.5339820226117078,-1.0722360089202525,-1.0420884851053012,-1.485968420262483,-1.469839884652239,0,-5.070132798940276,0
4,1,1,-0.6624324198326168,-0.921607004464183,0.8933237015798199,0.4353799699809337,0.08110004839340923,-0.7002823090254461,-0.9147085487659274,-0.30053881721766745,0,-1.8344296266156317,0
5,0,1,-0.413012416281246,-0.269118415909143,-0.5080906785926198,1.6592054467511292,-0.6109015859947878,0.18841374878217737,-0.024861441242446602,0.13025631288980624,0,-0.3170929655652508,0
1,0,1,-0.555538132596315,-0.2248819014308352,-0.15773708354950988,-0.7130439371304347,-0.6570350282873343,0.2795620624034721,-0.8378081814490834,-0.5774785437153291,1,-1.7927596910482748,1
2,0,0,-1.0187467106202892,-0.7557200751705287,-0.8584442736357297,-0.022829568715016294,-0.42636781682460195,-0.4496244465668856,-0.727950513853592,-0.9775025931008403,0,-2.5814453703459197,0
4,1,0,0.47777331068793527,0.5050205874612435,1.5940308916660397,-1.1596532343404113,-0.7954353551649738,0.2567749839981484,0.5463984302541091,0.3764249586655055,1,0.38416301775278916,1
3,0,0,1.4398218958146511,0.5271388447003973,-1.5591514637219497,0.6441843167284552,-0.8108131692624893,2.9456502358263426,1.007800634155173,2.468858447758949,0,5.6114961484779755,0
0,1,1,-0.6268009907538495,-0.689365303453067,-1.5591514637219497,-1.0552510609666506,-0.5032568873121794,0.2339879055928247,-0.6400643797771988,-0.39285205938355466,1,-1.3021854208801082,1
3,0,0,0.9766133177906767,0.7372622884723594,-0.5080906785926198,-0.48103910741096634,0.03496660610086275,0.028904199944911613,0.48048382969681414,1.2687862996024153,1,1.8131409353450039,1
0,1,1,0.40651045253040075,0.11795108577605022,-0.8584442736357297,-0.5332401940978467,-0.28796748994696253,0.1656266703768537,0.7001991648877971,-0.42362314010551705,1,0.15423520521217116,1
3,1,1,0.6915618851605387,1.2128048191141683,1.24367729662293,0.5165816603827477,1.495858945364834,0.1656266703768537,0.5903414972923056,0.28411171649961825,0,2.5359388295336114,0
0,0,0,1.4754533248934183,1.445046520125284,0.19261651149360004,-0.8406465934761422,1.803415227315144,0.32513621921411945,2.1503203771482844,0.28411171649961825,1,4.562983540177166,1
5,1,1,0.869719030554375,0.6266710022765899,-0.8584442736357297,0.0989729668877046,-1.1337472653103144,2.1025283348293664,0.45851229617771583,0.9918465731047537,0,2.4191399388015213,0
2,0,0,0.0858275908214955,-0.21382277281125825,-0.15773708354950988,-0.5796411600417404,-0.42636781682460195,1.0998968849951245,0.5793557305327565,-0.6390207051592539,1,0.613864093544025,1
5,1,1,0.6202990270030043,0.8478535746681288,0.54297010653671,-1.2640554077141721,1.5573702017548963,-0.9737272498893302,0.7221706984068954,0.25334063577765586,1,1.5591542860501173,1
1,1,0,1.012244746869444,0.6266710022765899,1.24367729662293,-0.3592365718082454,0.38865633034371905,1.0771098065898008,1.6230035726899255,1.7303525104318513,1,4.819122220055297,1
0,1,1,0.40651045253040075,-0.025817586278450114,-0.5080906785926198,1.4794017037185414,-1.1645028935053454,0.5074328464567088,-0.10176180855929062,0.9918465731047537,0,0.23301471749682645,0
1,0,0,-1.4463238595654964,-1.3418538920081071,1.24367729662293,0.08157260465874447,-0.8723244256525512,-0.7458564658360934,-1.255267318311951,-1.3159844810424268,0,-4.189432690843022,0
2,0,1,0.9766133177906767,1.1353909187771296,-0.15773708354950988,-0.5042395903829131,2.2493718361430934,-0.9965143282946539,0.91991450007878,1.484183864656152,1,3.6569558725833717,1
5,0,1,-0.7336952779901512,-0.700424432072644,0.54297010653671,-1.1480529928544378,-0.28796748994696253,0.07447835675555897,-0.7169647470940428,-0.23899665577374263,1,-1.169450536059189,1
5,0,1,0.22835330713656452,-0.014758457658873165,1.5940308916660397,1.2705973569710198,1.234436105707071,1.0998968849951245,-0.11274757531883978,-0.4851653015494419,0,1.736420113833914,0
4,1,0,0.5490361688454698,1.1353909187771296,0.19261651149360004,0.12797357060263814,0.2656338175635951,-0.3356890545402672,0.5244268967350108,0.7764490080510168,0,1.2308206678093554,0
4,0,1,0.727193314239306,0.3391336581675892,-1.2087978686788396,1.1023938554244053,-0.7646797269699428,-0.631921073809475,1.139629835269763,1.4226417032122274,0,1.1656707377025726,0
3,0,1,-1.3394295723291945,-1.142789576855722,0.54297010653671,1.206796028798166,-0.6724128423848498,-0.6774952306201224,-1.101466583678263,-1.0698158352667275,0,-3.521190491949963,0
2,1,0,0.050196161742728264,0.18430585749351192,1.24367729662293,-1.3394569773729992,-0.31872311814199356,0.8264519441312403,0.2058396607080855,0.5610514429972799,1,1.2746199296946121,1
3,0,0,0.19272187805779725,0.5713753591787052,-1.2087978686788396,-1.565661686349481,1.3267029902921639,0.028904199944911613,0.019081625795749985,-0.23899665577374263,0,1.1356921602590828,0
2,0,0,0.727193314239306,0.15112847163478108,0.54297010653671,1.4910019452045147,-0.5801459577997569,1.3049805906430376,0.37062616210132265,0.9918465731047537,0,2.0873073680493572,0
2,0,0,0.01456473266396101,0.4386658157437818,-0.5080906785926198,-0.8290463519901689,0.8807463814642147,0.028904199944911613,0.1399250601507906,0.8072200887729791,1,1.856795730332896,1
3,1,1,0.9053504596331423,1.5666969349406306,-0.5080906785926198,1.4098002548027009,2.1571049515580003,-0.4496244465668856,0.8430141327619359,1.9149789947636258,0,4.465473632516677,0
0,0,1,-0.9118524233839875,-1.0764348051382602,-0.8584442736357297,-0.7942456275322486,-0.8569466115550357,-0.3356890545402672,-0.7609078141322394,-0.9775025931008403,1,-2.9310460733283827,1
3,0,0,0.6559304560817715,0.8478535746681288,0.8933237015798199,-0.10403125911683023,1.5727480158524116,-0.631921073809475,0.91991450007878,-0.1774544943298178,0,1.6832869477918988,0
0,0,0,-0.698063848911384,-0.9547843903229138,-1.5591514637219497,-1.2118543210272916,-1.1337472653103144,-0.2673278193242962,-0.574149779219904,-0.7928761087690659,1,-2.7681009726235803,1
2,0,1,1.6536104702872545,2.2081263948760936,1.5940308916660397,0.06997236317277106,0.9115020096592457,1.9430187859921006,2.5348222137325047,0.4687382008313927,0,5.858081210215244,0
0,1,1,0.26398473621533175,-0.28017754452871996,-1.5591514637219497,1.5026021866904882,0.9268798237567613,-0.0622441136763831,0.6672418646091496,-0.14668341360785542,0,1.3851941610816723,0
4,1,0,0.9053504596331423,0.383370172645897,1.24367729662293,1.0385925272515515,0.2502560034660796,0.14283959197153,0.008095859036200838,1.545726026100077,0,1.9469174805738874,0
5,1,0,-1.553218146801798,-1.363972149247261,-1.5591514637219497,-0.22583379471955112,-1.0107247525301906,-1.0420884851053012,-1.4530111199838356,-1.2852134003204645,0,-4.791037757939792,0
3,0,0,-0.9831152815415221,-1.0543165478991063,1.24367729662293,-1.043650819480677,-0.9492134961401286,-0.9965143282946539,-0.9256943155254767,-0.8851893509349531,1,-3.7566114908952124,1
3,1,0,-1.2325352850928928,-1.3086765061493761,-0.5080906785926198,0.052572000943810926,-0.42636781682460195,-1.1104497203212722,-1.0025946828423207,-1.2852134003204645,0,-3.8246256203086593,0
4,1,0,1.0835076050269785,0.46078407298293567,0.54297010653671,1.2821975984569933,1.3882142466822258,0.8036648657259167,1.1725871355484103,1.022617653826716,0,4.387083901783269,0
1,0,0,0.9409818887119096,0.21748324335224276,0.54297010653671,0.01777127648589067,0.5578122854163894,1.6239996883175691,1.6669466397281218,0.6533646851631671,0,4.502123298625247,0
4,0,0,-1.26816671417166,-1.2976173775297992,-0.15773708354950988,1.0327924065085647,-0.5647681437022414,-1.0648755635106248,-1.2223100180333035,-0.8544182702129908,0,-3.7063719954591603,0
3,1,0,0.8340876014756078,0.9252674750051675,-1.5591514637219497,-0.8116459897612087,2.018704624680361,1.6467867667228928,1.1835729023079595,1.2995573803243776,0,6.14862167403559,0
4,1,1,1.3685590376571166,1.3233961053099377,1.24367729662293,-1.3742577018309194,0.050344420198378245,1.0543227281844771,1.1286440685102137,2.376545205593062,1,4.609856422486131,1
0,0,0,-0.9474838524627548,-1.0874939337578373,0.8933237015798199,-0.6840433334155012,-0.303345304044478,-0.17617950570300148,-0.7389362806131411,-0.7313339473251411,1,-1.9497950376857616,1
5,0,0,0.19272187805779725,0.5713753591787052,-1.2087978686788396,0.9979916820506445,0.48092321492881196,0.2339879055928247,-0.16767640911658552,0.8072200887729791,0,1.35445480017803,0
4,0,0,0.299616165294099,-0.08111322937633486,-0.8584442736357297,0.8413884219900034,1.20368047751204,0.028904199944911613,0.15091082691033975,-0.6082496244372915,0,0.7752458799299999,0
1,0,0,-1.2325352850928928,-1.3086765061493761,-1.5591514637219497,-0.5042395903829131,-1.087613823017768,-0.8370047794573882,-1.1563954174760087,-0.8544182702129908,1,-3.9354322901641554,1
5,1,0,-1.410692430486729,-1.2312626058123375,-1.5591514637219497,-1.3800578225739062,-0.8723244256525512,-0.8370047794573882,-1.2772388518310493,-1.1929001581545773,0,-4.179468215095566,0
2,0,1,0.5490361688454698,1.1575091760162834,-0.8584442736357297,0.8123878182750698,0.5270566572213584,-0.7002823090254461,0.41456922913951927,1.2995573803243776,0,1.5409009576598092,0
3,0,0,1.3685590376571166,1.02479963258136,-0.15773708354950988,1.009591923536618,0.5731900995139049,0.2567749839981484,1.7877900740831625,0.7149068466070919,0,3.332662004202308,0
1,0,1,0.47777331068793527,0.14006934301520413,1.5940308916660397,-0.2606345191774714,-0.2264562335569006,-0.563559838593504,0.5463984302541091,0.7456779273290544,0,0.5020602854327588,0
4,1,1,1.119139034105746,0.23960150059139665,0.19261651149360004,-0.06923053465890996,0.34252288805117254,-0.8597918578627118,0.6123130308114039,-0.05437017144196819,0,0.04067388955789632,0
1,0,0,-1.6244810049593326,-1.5298590785409152,0.54297010653671,0.11057320837367801,-0.9184578679450977,-1.1104497203212722,-1.4420253532242866,-1.3775266424863517,0,-4.848459583977008,0
0,0,0,1.6536104702872545,1.8210568931909004,1.24367729662293,0.04097175945783751,2.587683746288434,0.6669423952939746,1.8976477416786541,0.7764490080510168,0,5.92872289131208,0
3,1,1,0.727193314239306,0.17324672887393497,-1.2087978686788396,-0.9566490083358764,-0.8877022397500667,1.0543227281844771,1.007800634155173,0.3764249586655055,1,1.550846081255089,1
4,1,1,-1.3037981432504273,-1.2976173775297992,0.54297010653671,1.3633992888588071,-0.6724128423848498,-1.1104497203212722,-1.2113242512737543,-0.8851893509349531,0,-3.8793761649148295,0
1,1,0,0.7628247433180733,1.433987391505707,0.54297010653671,0.968991078335711,0.38865633034371905,1.2366193554270666,1.3593451704607458,-0.30053881721766745,0,2.684082039013864,0
1,0,1,1.1904018922632802,1.2238639477337452,0.54297010653671,0.24977610620535903,1.834170855510175,1.487277217885627,0.3047115615440278,0.5918225237192424,0,4.217982158659073,0
4,1,0,-0.27048669996617697,-0.1364088724742196,-1.5591514637219497,1.705606412695023,0.40403414444123453,-1.1104497203212722,-0.7169647470940428,-0.5159363822714043,0,-1.9393167052454847,0
0,1,1,1.3329276085783492,1.6219925780385154,-0.5080906785926198,-1.4902601166906537,1.926437740095268,-0.016669956865735743,1.9965196425145963,2.22268980198325,1,6.128977227727379,1
4,1,0,-0.37738098720247876,-0.0036993290392962164,-0.5080906785926198,1.1603950628542723,0.18874474707601765,0.4390716112407378,-0.32147714375027353,-0.1774544943298178,0,0.12888472023666409,0
3,1,1,0.6559304560817715,0.30595627230885836,1.24367729662293,-0.6144418844996606,0.03496660610086275,1.418915982669656,0.03006739255529913,1.1457019767145655,1,2.6296519580403834,1
4,0,0,1.6179790412084873,1.9758846938649777,0.54297010653671,-1.5308609618915607,-0.25721186175193156,0.8036648657259167,1.6449751062090237,-0.023599090720005784,1,2.167829019463003,1
2,1,0,0.6559304560817715,0.15112847163478108,0.8933237015798199,1.0733932517094718,1.864926483705206,0.8264519441312403,1.3154021034225494,-0.42362314010551705,0,3.583157391153479,0
1,1,1,-0.5199067035175478,-0.19170451557210436,0.8933237015798199,0.7659868523311761,-0.3494787463370245,0.39349745443009043,-0.8597797149681817,-0.5159363822714043,0,-1.33169738914652,0
2,1,0,-1.125640997856591,-1.164907834094876,0.19261651149360004,-0.07503065540189667,-0.6877906564823653,-0.8370047794573882,-1.1344238839569103,-1.1929001581545773,0,-3.852119478051241,0
3,1,1,1.6536104702872545,1.7325838642342848,1.24367729662293,-0.7478446615883549,0.8038573109766373,-0.2673278193242962,2.435950312896562,1.6688103489879265,1,4.641290153536829,1
2,1,0,-1.3750610014079618,-1.2202034771927606,-0.5080906785926198,-0.5970415222707005,-0.7339240987749118,-0.9737272498893302,-1.255267318311951,-1.1313579967106524,1,-4.094276663686846,1
1,1,0,-1.6601124340380997,-1.4966816926821844,0.8933237015798199,1.067593130966485,-1.0261025666277062,-0.9737272498893302,-1.5848403210984254,-1.5006109653742012,0,-5.085281102989663,0
2,0,0,0.5490361688454698,0.7040849026136285,1.24367729662293,-0.7478446615883549,0.9576354519517922,1.0998968849951245,0.2168254274676346,-0.05437017144196819,1,2.219987592972583,1
2,0,0,-1.26816671417166,-1.3086765061493761,-1.2087978686788396,0.9457905953637641,-1.1029916371152835,-0.8597918578627118,-1.0685092833996155,-1.3159844810424268,0,-4.3472772594200375,0
4,1,0,-0.555538132596315,-0.6230105317356054,-1.5591514637219497,0.31937755512119953,0.37327851624620356,0.37071037602476675,-0.6290786130176497,-0.5774785437153291,0,-0.4625682644620085,0
3,1,1,-0.37738098720247876,-0.7225426893117979,-1.2087978686788396,0.38897900403704005,0.6193235418064514,0.30234914080879577,0.019081625795749985,-0.4543942208274795,0,0.4863600875835178,0
3,1,0,-0.3417495581237115,-0.1142906152350657,-0.5080906785926198,-1.3510572188589727,-1.0107247525301906,-0.9509401714840066,-0.6840074468153954,0.09948523216784384,1,-2.5461871386617485,1
4,0,0,0.26398473621533175,0.37231104402632004,0.8933237015798199,-0.9508488875928898,-0.9338356820426131,0.12005251356620632,0.2168254274676346,0.4687382008313927,1,-0.12821954017737958,1
4,0,1,1.2616647504208147,0.9031492177660136,0.19261651149360004,1.0733932517094718,1.741903970925082,-0.2673278193242962,0.91991450007878,-0.14668341360785542,0,2.2478072380717102,0
2,0,0,-0.1992238418086425,-0.4128870879636433,-0.15773708354950988,-1.2292546832562519,0.6347013559039669,-0.4496244465668856,-0.09077604179974148,-0.6390207051592539,1,-0.5447198376219141,1
2,0,1,1.724873328444789,2.4514272245067863,-0.5080906785926198,-1.2466550454852119,-1.0568581948227371,-0.9281530930786829,1.3483594037011968,2.8381114164224983,1,2.201459532222275,1
1,1,1,-0.6624324198326168,-0.7778383324096827,-0.15773708354950988,0.4063793662660002,0.2502560034660796,-0.2673278193242962,-0.651050146536748,-0.946731512378878,0,-1.6148534747738426,0
5,0,1,1.3685590376571166,0.4386658157437818,1.5940308916660397,-1.5714618070924675,0.8961241955617302,1.4644901394803034,1.5790605056517288,1.545726026100077,1,5.48540086679384,1
5,1,1,-1.0543781396990566,-1.131730448236145,0.19261651149360004,0.2961770721492527,-0.7646797269699428,-0.6547081522147987,-0.9916089160827715,-0.9775025931008403,0,-3.3884993883683534,0
1,0,0,0.727193314239306,1.2017456904945911,0.8933237015798199,0.7369862486162426,-0.48787907321466395,1.0315356497791535,0.41456922913951927,1.2072441381584904,0,2.165469943862499,0
2,0,1,0.9766133177906767,1.5224604204623227,0.54297010653671,0.26717646843431914,-0.8723244256525512,-0.7230693874307698,0.2827400280249295,1.8534368333197009,0,0.5407830482613094,0
3,1,1,1.2616647504208147,0.8920900891464366,0.19261651149360004,1.705606412695023,2.2493718361430934,2.0341670996133954,1.5461032053730814,-0.14668341360785542,0,5.682958727521715,0
3,0,1,0.01456473266396101,0.2064241147326658,-0.15773708354950988,-0.7130439371304347,-0.8877022397500667,-0.38126321135091457,-0.15669064235703636,0.4071960393874679,1,-1.0184600540705497,1
5,1,0,-1.5888495758805652,-1.4524451782038765,1.5940308916660397,1.224196391027126,-1.1029916371152835,-1.0420884851053012,-1.4530111199838356,-1.3467555617643892,0,-4.94484680396881,0
0,0,1,0.5490361688454698,0.6709075167548977,1.24367729662293,-1.2930560114291056,-0.9953469384326751,1.0543227281844771,-0.03584720800199575,1.3918706224902648,1,1.4149992042400712,1
0,1,1,-0.127960983651108,0.2064241147326658,1.24367729662293,1.1719953043402458,-0.5955237718972723,-0.7686435442414171,0.29372579478447863,-0.7005628666031787,0,-1.7710043879573896,0
2,0,1,0.9409818887119096,0.5050205874612435,0.54297010653671,1.6534053260081427,1.9110599259977525,2.193676648450661,0.7551279986855428,0.9303044116608288,0,5.790168984794785,0
4,0,1,0.47777331068793527,0.7483214170919363,-0.8584442736357297,-0.945048766849903,-0.07267809258174568,1.1454710418057719,1.0407579344338207,-0.269767736495705,1,1.843783147162142,1
2,0,0,-1.410692430486729,-1.3971495351059917,1.5940308916660397,0.08737272540173117,-0.7185462846773962,-0.7458564658360934,-1.409068052945639,-1.1313579967106524,0,-4.004828800169781,0
2,1,0,1.3685590376571166,0.2948971436892814,1.5940308916660397,0.01777127648589067,-0.6416572141898188,2.8772890006103715,1.524131671853983,2.4996295284809116,0,6.259392986755447,0
0,1,1,-1.0543781396990566,-0.7557200751705287,1.5940308916660397,0.9573908368497376,-1.1645028935053454,-0.3129019761349435,-0.8158366479299851,-0.8851893509349531,0,-3.1784308685052274,0
4,1,1,-0.9831152815415221,-1.0321982906599525,-0.5080906785926198,-0.7594449030743283,-0.2110784194593851,-0.17617950570300148,-0.7938651144108868,-0.7928761087690659,1,-1.9739991483423394,1
3,0,0,1.154770463184513,0.28383801506970446,0.8933237015798199,1.4388008585176344,0.4655454008312965,-0.8825789362680355,0.39259769562042096,0.28411171649961825,0,0.25967587668330017,0
4,0,0,-1.4819552886442635,-1.3750312778668379,1.5940308916660397,-1.583062048578441,-1.087613823017768,-0.8597918578627118,-1.4200538197051882,-1.1621290774326147,1,-4.5295885780182825,1
3,1,1,1.4754533248934183,2.1970672662565165,-1.2087978686788396,0.6731849204433888,-0.9799691243351596,1.1910451986164192,2.0294769427932438,1.9765211562075506,0,4.217074173282054,0
3,0,0,1.6892418993660219,1.4561056487448611,-1.5591514637219497,0.6673847997004021,1.8495486696076906,1.0543227281844771,1.5021601383348848,1.2995573803243776,0,5.70558891645143,0
0,1,0,-1.7313752921956342,-1.6072729788779538,0.19261651149360004,0.4817809359248274,-1.087613823017768,-1.0876626419159485,-1.6177976213770728,-1.5313820460961636,0,-5.324456132406953,0
2,1,1,-0.6624324198326168,-0.6008922744964514,-0.8584442736357297,0.7949874560461097,-0.02654465028919921,-0.3356890545402672,-0.5961213127390023,-0.7313339473251411,0,-1.6896889648936098,0
5,1,0,0.9766133177906767,1.3123369766903608,-0.8584442736357297,0.7427863693592293,-0.4725012591171484,1.851870472370806,0.37062616210132265,0.7456779273290544,0,2.4956733026840343,0
1,0,0,1.154770463184513,1.6441108352776692,1.24367729662293,-1.4496592714897467,0.8192351250741527,1.3277676690483613,0.9528718003574275,1.3610995417683025,1,4.460974136248244,1
1,0,1,-1.0543781396990566,-1.0985530623774142,0.54297010653671,1.1719953043402458,-1.1337472653103144,-0.9965143282946539,-0.9586516158041241,-0.7621050280471036,0,-3.851018237456196,0
5,1,1,-1.6601124340380997,-1.5187999499213383,-1.2087978686788396,-0.6782432126725144,-0.9799691243351596,-0.9737272498893302,-1.5738545543388762,-1.5006109653742012,0,-5.028161893937567,0
3,0,1,0.9409818887119096,0.7372622884723594,1.24367729662293,0.4875810566678141,-1.1337472653103144,-0.9965143282946539,0.052038926074397425,0.16102739361176865,0,-1.9171952739188018,0
4,0,1,0.19272187805779725,0.15112847163478108,1.5940308916660397,0.5339820226117078,1.080657964731916,0.6441553168886509,0.31569732830357694,0.7456779273290544,0,2.7861885372531985,0
0,0,0,1.1904018922632802,1.7547021214734386,-1.2087978686788396,1.0617930102234983,1.772659599120113,1.8974446291814533,1.6999039400067695,0.5918225237192424,0,5.961830692027578,0
3,0,1,-1.3394295723291945,-1.1980852199536067,1.24367729662293,-1.0900517854245708,-1.0568581948227371,-0.9281530930786829,-1.090480816918714,-1.1621290774326147,1,-4.237621182252749,1
0,1,0,1.297296179499582,1.666229092516823,-0.15773708354950988,-0.887047559420036,1.0345245224393695,2.2392508052613085,1.4362455377775898,0.3456538779435431,1,5.055674743421811,1
0,1,0,-0.840589565226453,-0.7446609465509518,0.54297010653671,0.05837212168679763,-1.0107247525301906,-0.7002823090254461,-0.9916089160827715,-0.6697917858812164,0,-3.3724077635196243,0
5,0,1,-1.5175867177230307,-1.4745634354430304,-0.5080906785926198,1.6302048430361957,-1.1029916371152835,-0.8825789362680355,-1.3761107526669916,-1.408297723208314,0,-4.769979049258625,0
5,0,1,-0.4486438453600132,-0.5345375027789898,0.8933237015798199,0.035171638714850795,0.03496660610086275,-0.7002823090254461,-0.574149779219904,-0.7005628666031787,0,-1.940028348747666,0
5,0,1,-1.553218146801798,-1.3860904064864148,-1.5591514637219497,1.5606033941203552,-0.9799691243351596,-1.0193014066999775,-1.5079399537815814,-1.3775266424863517,0,-4.884737127303071,0
4,0,1,-1.6601124340380997,-1.5187999499213383,-1.5591514637219497,-0.6028416430136873,-1.087613823017768,-1.0876626419159485,-1.5408972540602288,-1.408297723208314,0,-5.1244714422022595,0
1,0,1,-0.6624324198326168,-0.6451287889747592,-0.8584442736357297,-0.6782432126725144,-0.11881153487429215,-0.7002823090254461,-0.804850881170436,-0.42362314010551705,1,-2.0475678651756914,1
3,0,0,0.869719030554375,0.7814988029506672,-0.5080906785926198,0.8181879390180565,-0.13418934897180765,0.4390716112407378,0.2717542612653803,1.8534368333197009,0,2.4300733568540114,0
2,1,0,-0.4842752744387805,-0.1806453869525274,-1.2087978686788396,1.2763974777140066,-0.42636781682460195,-0.7686435442414171,-0.12373334207838892,0.09948523216784384,0,-1.219259470976564,0
5,0,0,-0.6268009907538495,-0.6672470462139132,1.24367729662293,0.5629826263266413,0.20412256117353314,-0.7230693874307698,-0.42034904458621586,-0.7313339473251411,0,-1.6706298181685937,0
1,0,1,-1.7313752921956342,-1.6183321074975308,1.5940308916660397,0.6557845582144287,-1.14912507940783,-1.0876626419159485,-1.6068118546175236,-1.5006109653742012,0,-5.344210541315503,0
1,1,0,0.727193314239306,0.2064241147326658,-0.8584442736357297,0.8935895086768837,-0.9799691243351596,-1.0193014066999775,1.3044163366630002,0.5610514429972799,0,-0.13380275137485698,0
3,1,1,-1.26816671417166,-1.1096121909969912,0.54297010653671,1.3749995303447806,-0.5186347014096949,-0.9053660146733592,-1.2992103853501475,-1.10058691598869,0,-3.8237980174218915,0
0,1,0,-0.7336952779901512,-0.9547843903229138,-1.5591514637219497,0.528181901868721,0.050344420198378245,-0.10781827048703045,-0.6840074468153954,-0.7621050280471036,0,-1.5035863251511512,0
3,0,1,-1.125640997856591,-1.0874939337578373,0.19261651149360004,-0.9508488875928898,-0.7954353551649738,-0.3356890545402672,-1.112452350437812,-0.7313339473251411,1,-2.9749107074681946,1
0,1,0,1.4398218958146511,1.6551699638972461,-0.5080906785926198,-1.6120626522933745,2.8798622141412284,1.0315356497791535,0.4035834623799701,0.28411171649961825,1,4.59909304279997,1
0,1,0,-1.0187467106202892,-0.8441931041271443,-1.5591514637219497,-1.5482613241205208,-0.6262794000923033,-0.9965143282946539,-0.9806231493232224,-1.0698158352667275,0,-3.673232712976907,0
0,1,1,1.1904018922632802,0.8699718319072828,0.54297010653671,-0.8406465934761422,-1.087613823017768,1.920231707586777,1.6120178059303762,1.3610995417683025,1,3.8057352322676876,1
1,0,1,-1.6601124340380997,-1.596213850258377,-0.15773708354950988,1.0849934931954452,-0.9953469384326751,-1.0876626419159485,-1.485968420262483,-1.3775266424863517,0,-4.946504643097458,0
2,0,1,0.19272187805779725,0.07371457129774242,0.8933237015798199,0.8587887842189635,0.4347897726362655,-1.1104497203212722,0.7221706984068954,0.4071960393874679,0,0.4537067901093566,0
5,1,1,1.119139034105746,1.3233961053099377,-1.2087978686788396,0.24977610620535903,1.2190582916095556,0.6213682384833272,0.6782276313686988,-0.269767736495705,0,2.2488864249658764,0
0,1,1,-1.2325352850928928,-1.2976173775297992,-0.5080906785926198,1.549003152634382,-1.1645028935053454,-0.5179856817828566,-1.1893527177546561,-1.1313579967106524,0,-4.0031992897535105,0
3,1,0,-1.1612724269353583,-1.0543165478991063,1.5940308916660397,1.508402307433475,-0.8569466115550357,-0.7458564658360934,-1.1893527177546561,-1.254442319598502,0,-4.046598114744287,0
5,1,1,0.5134047397667025,0.9695039894834753,-1.5591514637219497,-0.5390403148408334,-1.0722360089202525,1.1910451986164192,0.08499622635304487,0.9303044116608288,0,1.1341098277100403,0
1,0,1,-0.698063848911384,-0.4018279593440664,-1.2087978686788396,1.5722036356063287,-0.9184578679450977,-0.5863469169988277,-0.88175124848728,-0.42362314010551705,0,-2.8101791735367225,0
3,1,0,-0.698063848911384,-0.5898331458768745,0.19261651149360004,1.2763974777140066,-0.16494497716683862,0.05169127835023529,-0.4642921116244125,-0.1774544943298178,0,-0.7550003047708336,0
4,0,1,0.0858275908214955,-0.07005410075675791,-1.2087978686788396,-1.4380590300037732,0.7884794968791218,-0.016669956865735743,-0.508235178662609,-0.4543942208274795,1,-0.19081985947670244,1
4,0,0,-1.410692430486729,-1.2312626058123375,0.54297010653671,1.665005567494116,-0.7800575410674583,-0.7914306226467408,-1.2003384845142053,-1.0390447545447652,0,-3.810871402773169,0
1,0,1,0.3352475943728663,-0.19170451557210436,0.19261651149360004,0.7601867315881894,-0.9492134961401286,-0.1533924272976778,0.6782276313686988,0.5918225237192424,0,0.16744423165013467,0
0,0,1,0.37087902345163354,-0.05899497213718096,1.24367729662293,0.26137634769133244,1.080657964731916,-1.0876626419159485,0.8649856662810342,-0.115912332885893,0,0.7420686562111088,0
3,1,0,-0.3417495581237115,-0.1142906152350657,-0.15773708354950988,-1.739665308639082,0.019588792003347264,-0.6547081522147987,-0.7389362806131411,-0.8544182702129908,1,-2.2284739110375833,1
5,0,1,0.6915618851605387,1.2238639477337452,0.19261651149360004,1.7172066541809965,0.8653685673666992,0.37071037602476675,0.9309002668383292,0.22256955505569345,0,2.3895487652854883,0
0,1,1,1.3685590376571166,1.3897508770273994,-0.8584442736357297,-1.3220566151440392,1.6496370863399892,2.262037883666632,2.0404627095527927,0.3456538779435431,1,6.297791557502957,1
4,0,0,-0.09232955457234074,-0.34653231624618164,-0.8584442736357297,-0.9218482838779563,0.1426113047834712,-0.8370047794573882,0.33766886182267525,-0.5467074629933667,1,-0.9034320758446084,1
3,0,1,0.8340876014756078,0.35019278678716614,-1.2087978686788396,-1.4612595129757202,1.0499023365368851,1.7379350803441875,0.3047115615440278,1.484183864656152,1,4.576732843081253,1
0,0,0,1.6536104702872545,1.3676326197882456,1.24367729662293,-1.4902601166906537,0.9115020096592457,2.626631138151811,0.5354126634945598,0.9918465731047537,1,5.06539238441037,1
5,0,1,1.6536104702872545,0.825735317428975,0.8933237015798199,-1.4728597544616935,2.46466123350831,1.8062963155601586,1.2824448031439017,2.468858447758949,1,8.022260799971319,1
0,1,1,-0.1992238418086425,-0.4018279593440664,0.54297010653671,-0.52744007335486,0.9115020096592457,-0.6091339954041514,0.03006739255529913,0.28411171649961825,1,0.6165471233100117,1
5,0,0,1.3329276085783492,1.5666969349406306,-0.15773708354950988,-0.2316339154625378,1.4343476889747722,2.0341670996133954,1.754832773804515,1.5149549453781146,0,6.738302507770797,0
3,0,1,-0.7336952779901512,-0.8441931041271443,-0.8584442736357297,1.6302048430361957,-0.9338356820426131,-0.10781827048703045,-0.9916089160827715,-0.8236471894910283,0,-2.8569100581034435,0
5,0,0,-1.3394295723291945,-1.3418538920081071,1.5940308916660397,-0.347636330322272,-0.9953469384326751,-0.6091339954041514,-1.3101961521096968,-0.946731512378878,1,-3.8614085983254007,1
3,0,0,-0.02106669641480624,-0.269118415909143,0.54297010653671,1.5374029111484084,-0.42636781682460195,0.712516552104622,0.48048382969681414,0.4071960393874679,0,1.173828604364302,0
5,0,1,-1.4463238595654964,-1.4192677923451458,0.19261651149360004,-1.641063256008308,-0.7185462846773962,-1.0193014066999775,-1.2992103853501475,-1.2852134003204645,1,-4.322271477047986,1
0,1,1,-0.6268009907538495,-0.4239462165832203,1.5940308916660397,-0.23743403620552453,-0.5032568873121794,-0.4724115249722093,-0.4533063448648633,-0.946731512378878,0,-2.3757062695281297,0
2,1,0,0.5134047397667025,0.9695039894834753,1.24367729662293,-0.8290463519901689,-0.9645913102376441,1.6923609235335402,0.3266830950631261,0.7149068466070919,1,1.769359554966114,1
1,1,0,-0.3417495581237115,-0.25805928728956606,-0.5080906785926198,1.0443926479945382,0.1118556765884402,-0.9737272498893302,-0.11274757531883978,0.25334063577765586,0,-0.7212785128420739,0
1,0,0,1.4754533248934183,1.6109334494189382,-0.15773708354950988,0.04097175945783751,1.5881258299499272,1.555638453101598,2.260178044743776,2.161147640539325,0,7.565089968334625,0
